评论,打分,积极评价要素词汇_1,积极评价要素词汇_2,积极评价要素词汇_3
??绍兴师爷的故乡安昌镇走进古镇家家户户门前挂满了腊味穿梭来往的乌篷船粉墙黛瓦的台门民居与这满满的年味和烟火气构成了一副绝美的画卷??地址绍兴市柯桥区安昌古镇??交通:自驾到景区停车场高铁到绍兴北站打车约20或乘坐802805直达安昌人民医院站或安昌大酒店站下车步行??门票免费小景点收费不推荐??开放时间全天??推荐游览路线从右侧一路逛到古镇的尾而后再从古镇左岸逛回来路线很简单??乌篷船平日40元/船可乘3人;节假日50元/船?打卡1?依河古街市安昌古镇的小桥最有特色特别是晚上的古镇真的好美2?腊味腊味是安昌的特色可以带份回去3?仁昌酱园上过舌尖上的中国可以买瓶母子酱油4?付费景点师爷馆石雕馆中国银行旧址文化馆民俗风情馆穗康钱庄等六个展览馆需付费参观??特色美食酒酿馒头南瓜花黄酒奶茶黄酒棒冰黄酒酱鸭等沿路都有买价格都差不多,8,"腊味,乌篷船,粉墙黛瓦,台门民居,年味,烟火气,画卷,小桥,特色,晚上的古镇,美,腊味,仁昌酱园,母子酱油,师爷馆,石雕馆,中国银行旧址,文化馆,民俗风情馆,穗康钱庄,酒酿馒头,南瓜花,黄酒奶茶,黄酒棒冰,黄酒酱鸭",,
充满烟火气的古镇惊动央视的冷门古镇这里没有传统古镇的人潮喧嚣只有安静的生活气息在这里不用担心过度的商业化曾被国家地理评为最具人气的江南水乡特别是过年江南年味的顶级选择这里有著名的酱鸭鱼干黄酒奶茶热闹非凡的水乡社戏喜庆的船上迎亲穿梭的乌篷船还能体验包粽子扯白糖等江南传统风俗尽在安昌古镇??地点绍兴市柯桥区安昌镇??门票免门票整个古镇进入不收费不收费??自驾导航到安昌古镇停车场面积大空位多便宜安昌古镇带点啥咸菜黄酒各种腊肉制品酱油等?仁昌酱园舌尖上的中国拍摄地之一是一个集展示生产销售的老工厂上过很多节目有专门纪录片创立于清朝光绪年间里面可以买酱油配料表很干净Plus这个古镇没有被过度商业开发都是原住民为主人流也很少小伙伴们快来看看江南水乡应该有的样子,1,"烟火气,冷门,安静,生活气息,不过度商业化,江南水乡,年味,顶级选择,酱鸭,鱼干,黄酒,奶茶,水乡社戏,船上迎亲,乌篷船,包粽子,扯白糖,江南传统风俗,免门票,不收费,原住民,人流很少,没有被过度商业开发",,
宁波出发挑战100旅行目的地 之 绍兴安昌古镇[派对R][清单R]文字版攻略放在下面啦??导航宁波市区-安昌古镇推荐1号停车场出来就是古镇大门口??时长1个半小时[赞R]古镇美食/伴手礼1??特色腊鹌鹑和腊肠串古镇内外都有卖味道大同小异价格基本为鹌鹑5元一只腊肠10元一串购买的时候尽量要锅里下方的串摆在上面的基本都是凉的略肥腻2??孝店王酒酿馒头1店很便宜馒头2-3元?不等带肉馅儿的贵一点口感很蓬松气孔丰富是好吃的但他家酒酿类饮品个人觉得一般大概8-10元?一杯3??仁昌酱园舌尖上中国同款主要卖酱油店里还有酱菜酱料和一些腊味因为我不做饭就只买了20元?具体忘了的三种口味腐乳组合6小盒适合一人食尝鲜可能是安昌古镇限定网上暂时没找到其中的火腿腐乳真的惊艳到了带火腿丝的腐乳我还是第一次吃肉食星人爱了拌面好香4??咖啡黄酒18一瓶河岸的卖酒店铺随意买的滴??不沾的我感觉这个口味太呛了还有浓浓的咖啡香精味道但瓶子很漂亮两瓶还有一个手提袋而且黄酒是绍兴特色买了一些给朋友当伴手礼了不喝??的慎买喝完有点上头[彩虹R][彩虹R][彩虹R][星R]最后推荐一家在古镇附近的美食忠美饭店太饿了没拍在视频里真的好好吃饭店旁边有少量停车位但饭点比较紧张推荐早一点过去[清单R]强烈推荐点单咸菜冬笋炒肉一定要点超级鲜美腊肉拼盘不咸红烧排骨炸的甜口,8,"安昌古镇,特色腊鹌鹑,腊肠串,孝店王酒酿馒头,仁昌酱园,舌尖上中国,腐乳组合,火腿腐乳,咖啡黄酒,忠美饭店,咸菜冬笋炒肉,腊肉拼盘,红烧排骨",,
这个假期让我找到了一个免费古镇里的劳模安昌[斜眼R],5,免费古镇,劳模安昌,
绍兴安昌古镇有风有骨的江南旧梦依河而建的廊棚蜿蜒着岁月的幽长青石板路每一块都镌刻着往昔的繁华与沧桑乌篷船悠悠划过船桨轻摇搅碎了水面的天光云影仿佛摇醒了沉睡的江南旧梦老人坐在门口守着一份宁静与安详手中的针线编织着时光的细密?? 安昌古镇?? 尼康 z5  24-70F/S,9,"风,骨,江南旧梦,廊棚,岁月,幽长,青石板路,往昔,繁华,沧桑,乌篷船,船桨,天光云影,江南旧梦,宁静,安详,针线,时光",,
这是一条全网最详细绍兴安昌古镇保姆级游览攻略不知道怎么玩的看这一条就够了记得提前点小红心收藏好,8,"详细,绍兴,安昌古镇,保姆级,游览攻略,小红心,收藏",,
你的一句春不晚我就到了真江南这个梗出自苏轼的惠崇春江晚景因为喜欢江南水乡的温婉定居在了苏州一直以为苏州的美没有那座江南城市可以超过直到我来了绍兴突然觉得还是有可以跟苏州媲美的江南水乡的.想把这座小城很真诚地推荐给大家但也怕这里被嘈杂的声音所扰动不管怎样带你看看我眼中的绍兴吧.??绍兴3??天2??夜游玩攻略Day1???苏州自驾出发抵达???东湖 ??十里荷塘????犭央(ang)犭茶(sang)湖????西小路历史街区?????入住绍兴市区Day2???仓桥直街????书圣故里????八字桥????鲁迅故里????兰亭 ???入住安昌古镇Day3??安昌古镇??柯桥古镇??苏州.??推荐必打卡的地方.1??犭央犭茶 湖ang sang建于明代的避风石塘古纤道小众到不能再小众的地方工作日来的话基本没人.2??东湖以崖壁岩洞石桥湖面巧妙结合也是绍兴的一大园林来此乘船进入岩洞仿若进入了桃花源记的世界.3??西小路藏在闹市里的江南水乡建筑层峦叠嶂好像现实版的江南百景图.4??环山路这里阴天晴天都别有一番韵味而且游人稀少街边的绿树配上粉墙黛瓦非常江南.5??兰亭这里有日本琉璃光院的同款天章之寺也有王羲之的真迹还有应景的大白鹅.6??安昌古镇这是非常小众的一个古镇里面有着老绍兴人的回忆不妨来此小住一日吧.7??柯桥古镇傍晚的柯桥古镇随着科技的光影这里成了江南的另一种画面.8??镜湖十里荷塘接天莲叶无穷碧映日荷花别样红在这里得以具像化.9??鲁迅故里做先生书迷访先生故里读了那么多年先生的书总要来次他的家乡吧.??仓桥直街江南烟火气最抚凡人心来这里感受绍兴人的慢生活.??注意现在小红书上线了100天运动打卡挑战活动可以参与领取背包挂件等哦跟我一样带着可爱的包挂一起旅行环游世界吧,9,"江南水乡,温婉,苏州,绍兴,东湖,十里荷塘,犭央犭茶湖,西小路历史街区,安昌古镇,柯桥古镇,兰亭,鲁迅故里,避风石塘,古纤道,崖壁岩洞石桥湖面,桃花源记,建筑层峦叠嶂,江南百景图,粉墙黛瓦,天章之寺,王羲之真迹,老绍兴人的回忆,科技光影,十里荷塘接天莲叶无穷碧映日荷花别样红,江南烟火气,慢生活",,
绍兴柯桥你可太低调了这座藏在江南水乡的安昌古镇比乌镇更有韵味却一直不声张.??如果你受够了城市喧嚣急需寻一处静谧之地放松身心那安昌古镇绝对是不二之选能让你领略最原汁原味的江南水乡风情.一踏入古镇满街腊肠酱鸭熏鱼香味扑鼻还有热气腾腾的本地臭豆腐每一口都散发着浓浓的人间烟火气尤其是临近春节烟火气更是化作了醉人的年味.强烈建议大家工作日来游客较少大多是悠闲的当地居民吃完午饭不早起旅行约上好友来这儿漫步惬意得很.??下午两三点抵达最佳足够时间赏遍古镇白天的美景而当夜幕降临才是安昌古镇真正惊艳时刻灯光亮起昏黄的光线勾勒出古镇的轮廓河水倒映着灯光波光粼粼沿岸的红灯笼随风轻晃影子在水中摇曳宛如一幅灵动的水墨画.街边店铺灯火通明和家人朋友走在石板路上脚下是被灯光拉长的影子身旁是热闹的吆喝声处处透着温馨与欢乐年的氛围愈发浓厚了.?交通指南??自驾从杭州出发约1小时车程???停车西街停车场免费??高铁到绍兴北站打车20分钟左右??地铁坐绍兴1号线到越州大道站再打车15分钟,1,"低调,安昌古镇,乌镇,城市喧嚣,静谧,不二之选,原汁原味,江南水乡风情,腊肠,酱鸭,熏鱼,臭豆腐,人间烟火气,年味,游客较少,当地居民,悠闲,漫步,惬意,白天,美景,夜幕降临,灯光,河水,红灯笼,水墨画,店铺,石板路,温馨,欢乐,年的氛围,交通指南,自驾,杭州,车程,停车,西街停车场,免费,高铁,绍兴北站,地铁,绍兴1号线,越州大道站",,
安昌古镇趁它还没有完全商业化之前一定要来逛逛感受这个腊味芳香扑鼻人来人往都是烟火气的古镇??古镇免大门票????小景点联票8个50r个人感觉没啥必要??超级建议在5-6点日落的时候去金灿灿的太阳洒在河面上倒影出古建绝美??拍照点位1??安昌桥附近2??师爷馄饨店门口的桥???收好详细路线图??具体打卡路线安昌古镇1号停车场??安昌桥??高桥??游船码头??城隍殿??师爷馄饨??天官第文创园??师爷馆??民俗风情馆??中国银行旧址??仁昌酱园??高桥??停车场??游玩项目??坐乌篷船单程非节假日??65/趟节假日80/趟每趟限3人-含怀抱小宝宝??免费景点仁昌酱园天官第师爷戏台...??美食1??仁昌酱园可以进去逛一下免费2?? 特色小吃糕点安昌方印糕黄酒棒冰南瓜花糯米蛋腊肠腊肉鹅喜蛋臭豆腐桂花酒酿3??孝王店酒酿馒头玫瑰和梅干菜都很好吃喝的一定要选经典酒酿好喝????Hi这里是Sia希娅的旅行日志一起探索这个有趣的世界呀 ,50,"腊味,芳香扑鼻,人来人往,烟火气,古镇,免大门票,日落,金灿灿,太阳,河面,倒影,古建,拍照,安昌桥,师爷馄饨店,桥,详细路线图,打卡路线,1号停车场,高桥,游船码头,城隍殿,师爷馄饨,天官第文创园,师爷馆,民俗风情馆,中国银行旧址,仁昌酱园,乌篷船,免费景点,仁昌酱园,天官第,师爷戏台,美食,特色小吃,糕点,安昌方印糕,黄酒棒冰,南瓜花糯米蛋,腊肠,腊肉,鹅喜蛋,臭豆腐,桂花酒酿,孝王店酒酿馒头,玫瑰,梅干菜,经典酒酿",,
我在家乡当游客之安昌古镇~??不亏是被央视力荐的年味免费古镇~???这里满是年货各种腊味芳香扑鼻~??这里人来人往满是古镇的烟火气~今年我们又带小朋友来打卡啦吃了腊味买了腊味......比起去年这里翻新了不少水也更清了~好多地方都很出片~???收好详细路线图-??具体打卡路线杭州出发40分钟??安昌古镇1号停车场??安昌桥??高桥??游船码头??城隍殿??师爷馄饨??天官第文创园??师爷馆??民俗风情馆??中国银.行旧址??仁昌酱园??高桥??停车场-??游玩温馨提示??坐乌篷船单程非节假日??65/趟节假日80/趟每趟限3人-含怀抱小宝宝??免费景点仁昌酱园天官第师爷戏台...??收费景点??50/人-8个景点师爷馆石雕馆民俗风情馆...??关于年货我们差不多每年都去买一些酱味自己吃和送人个人感觉前街比较大的几家店的东西比较好?而说到合适的伴手礼??必须提一下Lotus?Biscoff?和情焦糖饼干????比利时进口品牌特别是他们家今年的新春银来红运礼盒很精致??红红火火真的很适合送人~而我们现在出门也经常带上几包独立包装很适合懒人~口感上酥酥脆脆小朋友很爱吃关键配料也很干净浓郁焦糖香搭配上牛奶一整个绝了~建议宝子们一定要试试??小吃打卡师爷馄饨安昌印糕南瓜花各种腊味串腊肠酱鸭等酒酿奶茶玫瑰酒酿馒头臭豆腐萝卜丝饼龙须糖绿豆糕藕粉酥...??关于土菜馆大部分都差不多大家可以看了菜单问了价格再考虑是否进去吃~??后街有很多围炉煮茶店人少安静很适合坐下来感受~-??周边游玩点??柯岩鉴湖景区??兜率天宫??柯桥古镇??昂桑湖古纤道-我是柚柚妈妈??我分享更多游玩攻略~,1,"年味,免费,腊味,芳香扑鼻,烟火气,翻新,水清,出片,乌篷船,师爷馄饨,天官第文创园,师爷馆,民俗风情馆,仁昌酱园,免费景点,收费景点,年货,酱味,伴手礼,Lotus Biscoff,焦糖饼干,新春礼盒,小吃,师爷馄饨,安昌印糕,南瓜花,腊味串,腊肠,酱鸭,酒酿奶茶,玫瑰酒酿馒头,臭豆腐,萝卜丝饼,龙须糖,绿豆糕,藕粉酥,围炉煮茶,柯岩鉴湖景区,兜率天宫,柯桥古镇,昂桑湖古纤道",,
第三站安昌古镇不能说失望但也并不惊艳感觉和杭州小河直街的景色也差不多多了满街的卤味酱菜臭豆腐以及各色糕点唯一的意外之喜就是酒酿馒头笋干肉夹馍大块的红烧肉带着笋干的香味油浸到馒头里夹杂着酒酿的甜香太好吃了,7,"卤味,酱菜,臭豆腐,糕点,酒酿馒头,笋干肉夹馍,红烧肉,笋干,香味,甜香",,
青砖黛瓦橹船慢摇如果你没有听说过绍兴那么你一定听过从百草园到三味书屋绍兴真的是一个去了无数次还想去的城市来到这里从此江南水乡有了具象化-??绍兴2天1晚游玩路线Day1:西小路鲁迅故里仓前直街书圣故里八字桥Day2:东湖昂桑湖兰亭安昌古镇-??绍兴必去的打卡点?鲁迅故里从课本到现实读先生的书看先生的故里感受下先生笔下的江南?书圣故里小桥流水青砖黛瓦坐着慢悠悠的小船穿梭在江南水乡之间?昂桑湖蓝色的湖面上一条纤细的古道走在上面吹吹风很惬意?安昌古镇烟火气十足的古镇卖着各式各样的酱鸭腊肠一整年都很有年味的地方?兰亭王羲之笔下的绝美秘境以天下第一行书兰亭序而闻名茂林修竹夏日很凉快的地方-??住宿建议住在鲁迅故里附近靠近各大景点的中心位置去哪里都不远周围交通吃饭也都很方便-??交通各地高铁可以直接坐到绍兴北站距离市区也不远江浙沪地区也可以自驾1-2h-,10,"青砖黛瓦,橹船慢摇,江南水乡,具象化,鲁迅故里,书圣故里,小桥流水,烟火气,酱鸭腊肠,年味,兰亭,茂林修竹",,
与其他古镇不同安昌古镇仍旧保持着原生态的风貌沿街做生意的商铺也大多都是自家祖宅烟火气足很适合在一个阳光充足的午后吃吃饭喝喝茶??????????????路况信息?? 导航安昌古镇1号停车场??停车费??10元/车?? 门票免费如果要去几个展馆需要购票???? 高铁绍兴北站再打车到安昌古镇20分钟左右到达????游览路线游客中心??安昌古戏台??颖安桥??安康桥??寺桥??仁昌酱园??中国银行旧址环形路线不用走回头路????打卡游玩1? 手摇乌篷船?下江南必打卡摇橹船项目了?听船夫讲讲趣事看小桥流水?40元/船可坐2-3人??开放时间为 8:0016:302? 仁昌酱园?舌尖上的中国拍摄地?园内有一片酱缸铺满的古晒场?酱油价格小瓶十几块大桶装三十几块3? 景区内设有8个景点?城隍殿师爷馆中国银行旧址穗康钱庄安康寺风情馆石雕馆宣卷馆?可买联票40元/张??美食推荐??师爷小馄饨??腊肠  10元/串??梨膏糖 10元??孝店王酒酿馒头  原味2元/玫瑰花味3元??推荐??炸臭豆腐 10元 一般般??黄酒棒冰/酱油棒冰 3-10元??安昌印糕  25元??龙须糖 10元江南水乡看绍兴烟火年味看安昌满眼的腊肠酱鸭/鱼处处洋溢着年味与烟火气很适合过年前来采购一波年货伴手礼?,1,"古镇,原生态,风貌,自家祖宅,烟火气,阳光,吃饭,喝茶,路况信息,导航,停车费,门票免费,展馆,购票,高铁,打车,游客中心,古戏台,桥,酱园,旧址,手摇乌篷船,下江南,船夫,趣事,小桥流水,仁昌酱园,舌尖上的中国,酱缸,古晒场,酱油,景点,联票,师爷小馄饨,腊肠,梨膏糖,酒酿馒头,炸臭豆腐,黄酒棒冰,酱油棒冰,印糕,龙须糖,江南水乡,绍兴,年味,烟火气,腊肠,酱鸭,鱼,年货,伴手礼",,
安昌古镇??详细地址绍兴市-柯桥区-安华北路??交通攻略1火车高铁可坐至绍兴北站离安昌古镇约6公里2地铁绍兴轨道交通1号线至越州大道站离安昌古镇约6公里3自驾停车很方便车位充足??开放时间24小时??门票价格1门票免费26个小景点联票50元(线上49元)??亮点特色绍兴市区的一个古镇只要不是节假日游客都不多可以和附近的柯岩风景区一起玩离得很近?推荐乌篷船当地特色价格很便宜一艘船65元可以坐3个人?必打卡点入口古牌坊师爷馆安康寺安昌民俗风情馆中国银行旧址穗康钱庄城隍殿师爷故里仁昌酱园??美食推荐安昌腊肠扯白糖酱鸭黄酒奶茶臭豆腐,8,"古镇原貌,商业水平不高,童年的梦",,
??安昌古镇的历史最早可追溯到唐朝是浙江省内保存较为完整的历史古镇区别于乌镇西塘等名声大噪的江南古镇这里还算比较的有烟火气??古镇离绍兴市区大概30公里有停车场???可以直接导航到此 景区不需要门票但是要参观酱园师爷馆等六个景点可买50元的联票 乌篷船是60元单程节假日价格贵一点最多能坐三人古镇里小吃很多印糕蒸腊肠梅干菜饼等等还有师爷馄饨等一些小店味道也还不错??古镇除了一些商铺营业还有一些居民生活在此除了熟悉的商业环境也多了一些生活氛围但是不建议节假日去人流密集体验会打折扣,1,"唐朝,烟火气,不需要门票,小吃,生活氛围",,
??安昌古镇绍兴有名的四大古镇之一其建筑风格传承了典型的江南水乡特色一衣带水古朴典雅始建于北宋时期是绍兴师爷的故乡最有特色的是安昌的小桥其中最著名的是名为福禄万安如意这三座桥古镇人家嫁女儿时都要走全三桥??江南的古镇我去了很多像安昌古镇这般有烟火气的很少沿河的三里街市还保留着质朴的生活气息错落有致的翻轩骑楼古老的台门弄堂形态各异的拱桥石梁历经漫长的岁月风貌古朴依旧???开放时间全年全天??门票免费内部部分景点购票参观??地名安昌古镇??地址绍兴市安昌镇??交通??公交可在绍兴城区乘118路公交车到柯桥区安昌古镇在安昌大酒店站下车过条马路就是古镇每8-10分钟一班票价2元 也可以在柯桥城区乘805806816等路车直达每10-15分钟一班票价1元??自驾从沪杭甬高速公路柯桥出口下约5公里到柯桥区安昌街道??动车绍兴北站原绍兴柯桥站离安昌古镇的距离是5.7公里从杭州东站出发到绍兴北站大概10分钟左右,1,"安昌古镇,江南水乡,古朴典雅,北宋时期,绍兴师爷,小桥,福禄万安如意,三座桥,烟火气,三里街市,质朴的生活气息,翻轩骑楼,古老的台门弄堂,形态各异的拱桥石梁,风貌古朴",,
鲁迅在祝福中描写的场景我们今天依旧可以在绍兴的老镇子里看到江南冬至绍兴安昌古镇食材的准备工作早就开始了对于绍兴人来说鹌鹑鸭子猪头鳊鱼甚至萝卜没有什么食材是不能酱一酱再吃的富庶如江南酱和腌是传统中储存肉食最普遍的做法鱼干在老绍兴腊月的饭桌上和黄酒一般不可或缺用当地一种叫螺蛳青的巨大青鱼腌制晾晒而成盐不用多酒不可少取其咸鲜适口十几个好日头下来鱼干在光线的穿透中泛着迷人的酒红色闲时切下花糕也似的一小段但见脂白肉红软糯中透着淡淡的油脂特有的质感鱼干段码放在青花盘子里喷上白酒什么作料都不用只消上竹屉蒸上一刻钟即刻满屋鲜香筷子轻轻一拨莲瓣般的鱼肉从鱼骨上滑落下来满齿生香一小段清蒸鱼干一汤碗黄酒一小碟油炸花生米足耐得消遣一个暖和的冬日午后了市井长巷活色生香就是这样的烟雨廊石板巷有斜阳看时光流淌一城一碗一滋味见人见食见江湖.[向右R]选一个冬日暖阳过来各家各户都把酱货挂出来晾晒阴天就少一些有光线片子也好看[向右R] 不建议腊月风情节那几天或双休日人多也不要贪便宜买价格特别低的酱货[向右R] 早上的光线最好逆光和侧逆光最佳70-200的焦距最常用[向右R]沿着河边长廊边走边看边吃最适宜也可以体验一下乌篷船古镇里收费的场馆不太推荐倒是镇里的那些老巷子老台门颇值得逛逛是地道的老绍兴风情,9,"祝福,鲁迅,江南,冬至,安昌古镇,食材,准备工作,绍兴人,鹌鹑,鸭子,猪头,鳊鱼,萝卜,酱,腌,传统,储存肉食,鱼干,腊月,饭桌,黄酒,螺蛳青,青鱼,腌制,晾晒,盐,酒,咸鲜适口,日头,光线,酒红色,闲时,花糕,脂白肉红,软糯,油脂,质感,鱼骨,满齿生香,清蒸鱼干,油炸花生米,暖和,冬日午后,市井长巷,活色生香,烟雨廊,石板巷,斜阳,时光,一城一碗,滋味,人见食见江湖,冬日暖阳,酱货,光线,片子,腊月风情节,双休日,价格,早上的光线,逆光,侧逆光,河边长廊,乌篷船,收费的场馆,镇里,老巷子,老台门,地道,老绍兴风情",,
第三站安昌古镇不能说失望但也并不惊艳感觉和杭州小河直街的景色也差不多多了满街的卤味酱菜臭豆腐以及各色糕点唯一的意外之喜就是酒酿馒头笋干肉夹馍大块的红烧肉带着笋干的香味油浸到馒头里夹杂着酒酿的甜香太好吃了,1,"卤味,酱菜,臭豆腐,糕点,酒酿馒头,笋干肉夹馍,红烧肉,笋干,香味,甜香",,
木心先生曾说有骨的江南当看绍兴安昌古镇确实是不一样的江南水乡不愧是被央视评为年味十足的古镇冬日里暖阳洒落满街挂满了红彤彤的腊肠和酱肉空气中弥漫着浓郁的酱香仿佛每一口呼吸都能尝到年的味道瞬间让人感受到浓浓的年节氛围??????私藏游览路线 正大门进入  清风廊  城隍殿  穗康钱庄  石雕馆  绍兴宣卷馆  师爷馆  安昌民俗风情馆  安康寺  仁昌酱园  中国银hang旧址环形路线反着走也可以?? 地址绍兴柯桥区安昌古镇?? 门票免费展馆联票40R??交通?? 自驾导航绍兴柯桥区安昌古镇停车场即可到达停车费5元/4小时?? 高铁绍兴北站再打车到安昌古镇20分钟左右到达??美食? 腊肠 50-55元/斤10元/串? 黄酒棒冰/酱油棒冰 3-10元? 安昌印糕 25元?拍摄攻略1? 下午三点到逛完古镇后刚好可以看夜景2? 乌篷船下江南必打卡摇橹船听船夫高歌看小桥流水40元/船可坐2-3人3? 仁昌酱园舌尖上的中国拍摄地园内有2000余只酱缸场面壮观适合广角拍摄4? 腊味风情满街的腊肠酱肉年味十足记得用手机3-5倍长焦拍摄非常好看,9,"江南,水乡,年味,古镇,冬日,暖阳,腊肠,酱肉,酱香,年节氛围,清风廊,城隍殿,穗康钱庄,石雕馆,绍兴宣卷馆,师爷馆,安昌民俗风情馆,安康寺,仁昌酱园,中国银hang旧址,门票免费,展馆联票,自驾,停车费,高铁,绍兴北站,打车,美食,腊肠,黄酒棒冰,酱油棒冰,安昌印糕,拍摄攻略,夜景,乌篷船,摇橹船,小桥流水,仁昌酱园,舌尖上的中国,酱缸,广角拍摄,腊味风情,手机3-5倍长焦",,
宁波出发挑战100旅行目的地 之 绍兴安昌古镇[派对R][清单R]文字版攻略放在下面啦??导航宁波市区-安昌古镇推荐1号停车场出来就是古镇大门口??时长1个半小时[赞R]古镇美食/伴手礼1??特色腊鹌鹑和腊肠串古镇内外都有卖味道大同小异价格基本为鹌鹑5元一只腊肠10元一串购买的时候尽量要锅里下方的串摆在上面的基本都是凉的略肥腻2??孝店王酒酿馒头1店很便宜馒头2-3元?不等带肉馅儿的贵一点口感很蓬松气孔丰富是好吃的但他家酒酿类饮品个人觉得一般大概8-10元?一杯3??仁昌酱园舌尖上中国同款主要卖酱油店里还有酱菜酱料和一些腊味因为我不做饭就只买了20元?具体忘了的三种口味腐乳组合6小盒适合一人食尝鲜可能是安昌古镇限定网上暂时没找到其中的火腿腐乳真的惊艳到了带火腿丝的腐乳我还是第一次吃肉食星人爱了拌面好香4??咖啡黄酒18一瓶河岸的卖酒店铺随意买的滴??不沾的我感觉这个口味太呛了还有浓浓的咖啡香精味道但瓶子很漂亮两瓶还有一个手提袋而且黄酒是绍兴特色买了一些给朋友当伴手礼了不喝??的慎买喝完有点上头[彩虹R][彩虹R][彩虹R][星R]最后推荐一家在古镇附近的美食忠美饭店太饿了没拍在视频里真的好好吃饭店旁边有少量停车位但饭点比较紧张推荐早一点过去[清单R]强烈推荐点单咸菜冬笋炒肉一定要点超级鲜美腊肉拼盘不咸红烧排骨炸的甜口,1,"古镇,美食,腊鹌鹑,腊肠,酒酿馒头,酱园,腐乳,黄酒,忠美饭店,冬笋炒肉,腊肉拼盘,红烧排骨",,
Hi我是爱旅行的森屿走过很多座大大小小的春日小城唯独让我最喜欢的小城终于出现了这就是绍兴这座城市春天来绍兴旅游真的太惬意啦这篇超详细攻略快点赞收藏~-??旅游线路Day1抵达绍兴入住酒店鲁迅故里感受鲁迅笔下的童年乐园Day2安昌古镇鉴湖里体验水乡韵味赏千亩油菜花Day3西施故里旅游区返程-?必打卡景点1??鲁迅故里课本同款百草园迎来满园春色油菜花和芥菜生机勃勃石井栏皂荚树都能找到实物沉浸式感受大先生的童年时光2??安昌古镇始建于北宋河道千年流淌17座古桥横跨两岸乘坐乌篷船品尝手工酒酿扯白糖还能参观有100多年历史的仁昌酱园3??鉴湖里水面烟波缥缈三月的千亩油菜花绚烂绽放花香扑鼻还能品尝到鲜美河虾和有嚼劲的手工挂面4??西施故里旅游区踏入这里就走进了西施的传说浣纱石仍在江边仿佛能瞥见那位沉鱼女子的裙裾街头巷尾的次坞打面汤少料多鲜味十足-??交通攻略外地游客可先到杭州再选择高铁地铁或打车前往绍兴在绍兴共享单车和电动车随处可见出行超便捷-??住宿推荐推荐住在鲁迅故里仓桥直街或书圣故里附近出行方便周边美食也多-??其他Tips?鲁迅故里需提前在绍兴市文旅集团GZH??预约最好提前一星期?安昌古镇酱货飘香可按需购买?春季绍兴多雨记得携带雨具哦~,9,"绍兴, 春天, 惬意, 鲁迅故里, 童年乐园, 安昌古镇, 水乡韵味, 千亩油菜花, 西施故里旅游区, 沉浸式感受, 童年时光, 乌篷船, 手工酒酿扯白糖, 仁昌酱园, 鉴湖里, 烟波缥缈, 花香扑鼻, 鲜美河虾, 手工挂面, 西施传说, 浣纱石, 次坞打面汤, 出行便捷, 单车, 电动车, 仓桥直街, 书圣故里",,
1.与其说是个经典不如说它更像一个老的生活街区或者市集2.无门票 但是期待真别放太高了 跟乌镇这种一步一景的名镇还是相形见绌的 且里面的文化经典 绍兴师爷博物馆这种都是收费的逛的时候二楼不开放的 所以很快就看完了 没有几行字 也没有太多的藏品但来都来了看看没啥毛病 不然这一天更没法儿逛了3.说是不商业不网红但也是处处都是千篇一律的围炉煮茶4.如果你是一个食客就是来吃这些酱鸭酱鹌鹑肠这种当地特色的 来这里没毛病 如果你就是希望这是个没太开发的古镇想来主要看看江南景色 劝退5.建议游览时间 3h就吃吃逛逛 不能再多了6.关于美食推荐详见下一篇,1,"老的生活街区,市集,无门票,酱鸭,酱鹌鹑肠,当地特色,美食推荐",,
比起乌镇的精致我更偏爱安昌古镇的烟火气当踏入这里的那一刻才明白什么是人间烟火藏诗意清晨河边洗衣的阿婆廊棚下晒酱货的店家乌篷船上摇橹的船夫路边卖糯米酒的大爷每一幕都带着生活最本真的温度如果你也厌倦了人挤人的景区不妨来这里做一日小镇居民吧-??地址浙江省绍兴市柯桥区越州大道安昌古镇??门票免费?开放时间全天?游玩时间1天-?? 游玩路线?入口仁昌酱园安康寺师爷馆沿河老街城隍殿乌篷船体验???建议从古镇入口开始沿主河道慢行青石板路+乌篷船+腊肠飘香随手拍都是水墨画-?? 必打卡点1?? 仁昌酱园?百年非遗酱缸阵列阳光下超震撼舌尖取景地酱香扑鼻?2?? 师爷馆?天下师爷出安昌清代幕府文化展览穿汉服拍照很出片?3?? 桥头黄昏?傍晚的福禄万安如意三桥光影绝美灯笼亮起时仿佛穿越千年?4?? 乌篷船摇曳?40元/船可坐3人船夫脚划桨穿桥过巷沉浸式体验水乡生活-?? 美食攻略1?? 腊味天堂???沿街酱货铺腊肠酱鸭鱼干必买10元/串现蒸腊肠油润咸香???宝麟酒家央视推荐点一盘腊味拼盘配黄酒人均50元?2?? 碳水快乐???酒酿馒头2元/个蓬松微甜夹梅干菜扣肉绝了???南瓜花/臭豆腐5元/份酥脆爆汁认准老爷爷推车摊?3?? 黄酒周边???黄酒棒冰5元黄酒奶茶15元微醺不醉超特别-??温馨 小Tips?? 免费 古镇0门票部分小景点联票50元可选???自驾导航安昌古镇停车场10元/天??高铁到绍兴北站打车15分钟???下午4点后游客少夕阳+红灯笼氛围感拉满???穿素色/新中式服装避开周末人更少雨天更有烟雨江南味-??这里商业化不重半天足够逛完若是时间足够建议住一晚清晨的薄雾古镇才是人间值得,9,"烟火气,河边洗衣的阿婆,廊棚下晒酱货的店家,乌篷船上摇橹的船夫,路边卖糯米酒的大爷,生活最本真的温度,人间烟火藏诗意,青石板路,乌篷船,腊肠飘香,水墨画,仁昌酱园,百年非遗酱缸阵列,舌尖取景地,师爷馆,天下师爷出安昌,清代幕府文化展览,桥头黄昏,福禄万安如意三桥,灯笼亮起,乌篷船摇曳,水乡生活,腊味拼盘,黄酒,酒酿馒头,南瓜花,臭豆腐,黄酒棒冰,黄酒奶茶,商业化不重,烟雨江南味,薄雾古镇",,
说是古镇不如说是小吃两条街这都是重复小吃没啥古镇的味道这是我能拍到的没有腊鸡腊鸭没有臭水沟的几张了有些大聪明觉得人千年古镇是推倒重建比不上到处都是酱鸡酱鸭的古镇更原生态安昌我是没机会拍到所谓的原生态了小红书友们拍的所谓推倒重建的倒是跟我印象中去过的挺贴合的转载几张图片供大家洗洗眼当然喜欢买酱鸡酱鸭的还是得去酱鸡酱鸭镇那边没有,1,"古镇原貌,商业水平不高,童年的梦",,
??天官第-古越龙山安昌体验基地位于绍兴市柯桥区安昌古镇天官第文创园内??浙江古越龙山绍兴酒股份有限公司是中国黄酒行业头部企业也是国家非物质文化遗产绍兴黄酒酿制技艺的传承基地古越龙山秉承守正创新? 开放开拓发展理念传承传统创新发展以工匠精神酿造芬芳美酒赢得消费者的认可与点赞市场遍及全国并远销日本东南亚欧美等40多个国家和地区2020年后新零售高歌猛进古越龙山也需要开拓新的渠道新的形式去吸引更加年轻的客户因此古越龙山选中了天官第文创园面向安昌古镇主街道的一块店铺与位于园区内最大的一个展陈区域让我们将其改造成为古越龙山安昌体验基地????影子空间设计事务所针对古越龙山黄酒的品牌特性为了顺应安昌古镇古朴又温润的气质决定采用陶土颜色较浅的木材等传统的材料来奠定整个主场馆的氛围从场馆内传统的设计手法中可以看到对于绍兴黄酒文化的传承顶部采用反光的不锈钢材质点缀并创新使用了大面积的木质浮雕的手法来表现黄酒的制作过程 完成馆内新与旧文化的结合践行了绍兴黄酒集团为千年黄酒焕发新生绍兴黄酒再行天下古越龙山笑傲江湖而不懈努力原创设计?版权归,1,"古镇,主街道,店铺,展陈区域,体验基地,黄酒,品牌特性,古朴,温润,陶土颜色,木材,传统材料,设计手法,传承,顶部,不锈钢材质,创新,木质浮雕,制作过程,新与旧文化结合,绍兴黄酒文化",,
因为喜欢江南水乡的温婉定居在了苏州一直以为苏州的美没有那座江南城市可以超过直到我来了绍兴突然觉得还是有可以跟苏州媲美的江南水乡的.想把这座小城很真诚地推荐给大家但也怕这里被嘈杂的声音所扰动不管怎样带你看看我眼中的绍兴吧.??绍兴3??天2??夜游玩攻略Day1???苏州自驾出发抵达???东湖 ??十里荷塘????犭央(ang)犭茶(sang)湖????西小路历史街区?????入住绍兴市区Day2???仓桥直街????书圣故里????八字桥????鲁迅故里????兰亭 ???入住安昌古镇Day3??安昌古镇??柯桥古镇??苏州.??推荐必打卡的地方.1??犭央犭茶 湖ang sang建于明代的避风石塘古纤道小众到不能再小众的地方工作日来的话基本没人.2??东湖以崖壁岩洞石桥湖面巧妙结合也是绍兴的一大园林来此乘船进入岩洞仿若进入了桃花源记的世界.3??西小路藏在闹市里的江南水乡建筑层峦叠嶂好像现实版的江南百景图.4??环山路这里阴天晴天都别有一番韵味而且游人稀少街边的绿树配上粉墙黛瓦非常江南.5??兰亭这里有日本琉璃光院的同款天章之寺也有王羲之的真迹还有应景的大白鹅.6??安昌古镇这是非常小众的一个古镇里面有着老绍兴人的回忆不妨来此小住一日吧.7??柯桥古镇傍晚的柯桥古镇随着科技的光影这里成了江南的另一种画面.8??镜湖十里荷塘接天莲叶无穷碧映日荷花别样红在这里得以具像化.9??鲁迅故里做先生书迷访先生故里读了那么多年先生的书总要来次他的家乡吧.??仓桥直街江南烟火气最抚凡人心来这里感受绍兴人的慢生活.,9,"江南水乡,温婉,苏州,绍兴,东湖,十里荷塘,犭央犭茶湖,西小路历史街区,仓桥直街,书圣故里,八字桥,鲁迅故里,兰亭,安昌古镇,柯桥古镇,避风石塘,古纤道,崖壁,岩洞,石桥,湖面,园林,桃花源记,江南百景图,环山路,粉墙黛瓦,天章之寺,王羲之,大白鹅,老绍兴人,镜湖,荷花,鲁迅故里,江南烟火气,慢生活",,
除了昂桑湖安昌古镇真的很值得一去这里是我觉得醉有年味的古镇每个铺子里都有很多腊肉坐在岸边围炉煮茶看着乌篷船缓缓在眼前流过穿过小桥流水入白云人家商业化很少年味很重导航安昌古镇有停车场很大免费古镇,9,"安昌古镇,年味,铺子,腊肉,岸边,围炉煮茶,乌篷船,小桥流水,商业化很低,停车场,免费",,
"安昌古镇一日游真的不挤[赞R]打工人周末逃离计划+1?杭州自驾/高铁半小时直达的千年水乡腊味飘香乌篷摇曳糯叽叽暴击人均30r就能吃撑的江南烟火气??交通超省心??我们是自驾来的导航到""安昌古镇""约40分钟停车场5元/4h如果从杭州出发高铁19分钟就到绍兴北站了打车10分钟到景区??美食红黑榜?必吃三件套??孝店王酒酿馒头用酒酿发的蓬松馒头夹梅干菜肉香到迷糊??腊味双拼腊排骨+腊香肠咸香美味[色色R]沿河都是晾晒场景超壮观??桂花系列米糕软糯不粘牙搭配桂花蜜绝了还有孝店王家的桂花酒酿也很好喝[买爆R]??猎奇尝鲜组??绍兴臭豆腐外酥里嫩但酱汁偏咸??南瓜花/萝卜丝饼景区统一出品中规中矩??黄酒棒冰5r奶香款比8r酒味款更讨喜??游玩路线14:00 到达景区入口我们是纯逛吃所以不用门票??14:30 乌篷船体验65r/船可坐3人送小麻花25分钟穿越12座古桥15:30 沿河茶铺围炉煮茶16:30 去仁昌酱园看百年酱缸阵列17:30 蹲守腊味长廊夕阳??注意事项??周末人流量较大建议14点前到达??景区厕所较少入口处先解决ps这里没有过度商业化的小惊喜[偷笑R]老奶奶坐在门廊边灌香肠船夫用脚划桨的古老技艺空气里弥漫着酱香与酒酿的甜花半天时间感受慢节奏的江南才是打工人最好的回血方式呀[害羞R]",1,"安昌古镇,千年水乡,腊味飘香,乌篷摇曳,江南烟火气,交通超省心,孝店王酒酿馒头,腊味双拼,沿河晾晒场景,桂花系列米糕,孝店王家桂花酒酿,猎奇尝鲜组,黄酒棒冰,乌篷船体验,沿河茶铺围炉煮茶,仁昌酱园百年酱缸阵列,蹲守腊味长廊夕阳,没有过度商业化",,
Hey各位小伙伴们??我是??作为一个土生土长的绍兴人这次给大家分享一下我的家乡绍兴真江南还得看绍兴准备来绍兴的宝子们快快收藏下来~-?推荐游玩路线沈园?鲁迅故里?书圣故里?东湖?兰亭-?美食推荐?绍兴黄酒?黄酒奶茶?黄酒棒冰?绍兴臭豆腐?绍兴三臭?茴香豆?梅干菜饼-?交通指南具体可看图5-?住宿推荐具体可看图6-?避雷指南具体可看图7-,9,古镇原貌,商业水平不高,童年的梦
江南水乡看绍兴烟火年味看安昌安昌古镇多次被央视评为蕞有年味的古镇不同于其他古镇这里还保留着原生态~满眼的腊肠酱鸭处处洋溢着年味与烟火气很适合一日游吃个饭坐坐在腊月期间旅行来这可以感受很热闹的年味??位置浙江省绍兴市柯桥区安华北路??门票免费?开放时间全天?游玩时间一天??自驾杭州出发1h直达??游玩路线正大门进入??清风第一廊??城隍殿??穗康钱庄??石雕馆??绍兴宣卷馆??师爷馆??安昌民俗风情馆??安康寺??仁昌酱园??中国银行旧址??新年古镇有品腊味+尝百草中医+听书+绍剧表演+说书+大书2025年1月/11/12/18/19/25日2025年1月30日一2月4日2月12日汇集浙江各地记忆中的童年地道美食小摊在现场还有和中医院开展中医问诊和养生集市还有大书表演绍兴特色表演师爷说书1??喜事+祝福大典1月25日大家都非常喜欢的明制婚礼走花路重现古代的婚礼流程2??非遗大年初一1月29日水龙喷水是第五批非物质文化遗产的古老仪式3??2月2号+2月5号城隍庙会蕞隆重的就数这个活动一定要参加4??福愿集安昌古镇通关文牒+年味版画12月30日至2月12日在游客中心广场每日提供限量免费领取安昌古镇通关文牒可以在通关文牒上盖上专属当地非遗和民俗精美印章5??闹元宵吃汤圆猜灯谜放河灯2月12日在广场分发汤圆同时在廊桥悬挂灯谜答对的朋友可以在游客中心广场领取还会有河灯相送~??游玩攻略1??5点多亮灯特别好看加上水汽烟雾缭绕的感觉特别美2??乌篷船单趟20分钟左右3人/船40元/船3??南北老街建议可以走到末端人少的地方可以真正感受水乡江南~4??围炉煮茶中间段比较多价格也烧贵后半段价格会便宜二三十??美食攻略1??腊肠和酱油仁昌酱园可以进去参观一下免费2??腊味串很多家有热腾腾的冒热气很诱人3??有趣的小摊贩在河边的廊棚下有扯白糖箍桶做布鞋的老手艺人4??孝王店酒酿馒头比较火需要排队购买非物质文化遗产5??特色小吃糕点安昌方印糕黄酒棒冰南瓜花糯米蛋腊肠腊肉鹅喜蛋臭豆腐桂花酒酿,1,"安昌古镇,原生态,腊肠,酱鸭,年味,烟火气,一日游,门票免费,开放时间全天,游玩时间一天,自驾杭州出发1h直达,清风第一廊,城隍殿,穗康钱庄,石雕馆,绍兴宣卷馆,师爷馆,安昌民俗风情馆,安康寺,仁昌酱园,中国银行旧址,品腊味,尝百草中医,听书,绍剧表演,说书,大书,新年,童年地道美食,中医问诊,养生集市,大书表演,绍兴特色表演,师爷说书,喜事,祝福大典,明制婚礼,非遗,水龙喷水,城隍庙会,福愿集,安昌古镇通关文牒,年味版画,非遗和民俗精美印章,闹元宵,吃汤圆,猜灯谜,放河灯,游客中心广场,乌篷船,南北老街,围炉煮茶,腊肠,酱油,仁昌酱园,腊味串,小摊贩,扯白糖箍桶做布鞋,孝王店酒酿馒头,特色小吃糕点,安昌方印糕,黄酒棒冰,南瓜花糯米蛋,腊肠腊肉鹅喜蛋,臭豆腐,桂花酒酿",,
你一句春不晚 我就到了真江南我觉得安昌的清晨更适合打卡,5,"春不晚,真江南,安昌,清晨",,
都在柯桥区 且这俩地方离??不是很远 可以一起打卡都不太大 建议游玩时间1-2h 挑个周末时间一天足矣??安昌古镇白天最佳??下午时段最好 很出片也很逛保留了江南水乡的古朴与温情 比较有烟火气推荐美食酒酿馒头南瓜花印糕??柯桥古镇夜晚最佳??夜游有灯光秀投影 非常精彩后造的商业化古镇 晚上会有点市集 比较热闹点吧推荐美食寻宝记围炉煮茶整体来说如果想要拍照出片其实安昌古镇更好一点也比较具有烟火气息 小吃价格都很实惠,1,"安昌古镇,江南水乡,古朴,温情,烟火气,美食,酒酿馒头,南瓜花印糕,柯桥古镇,灯光秀,投影,精彩,市集,热闹,寻宝记,围炉煮茶,拍照,出片,小吃,价格实惠",,
?? 历史篇北宋烟火明清重生安昌古镇的传奇始于北宋距今已有千年这里最初是江南水运的重要节点商贾云集可惜战火无情古镇多次被焚毁但就像凤凰涅槃明清时期它又被重建保留了最原汁原味的江南水乡风貌[派对R]如今的石板路乌篷船老宅院都是时光的活化石碧水贯街千万居彩虹跨河十七桥[红书R]杭州出发1小时直达高铁到绍兴北站打车20分钟就到游玩下来大概5个小时?,9,"古镇,原汁原味,江南水乡,石板路,乌篷船,老宅院,时光,碧水贯街,彩虹跨河,桥",,
[一R]交通??自驾??古镇内有两个停车场停车很方便动车??直达绍兴北站距离安昌古镇仅6公里地铁??乘绍兴地铁1号线坐到越州大道站再转香林号公交专线[二R]开放时间??24h不打烊?[三R]门票??[种草R]大门票完全免费[种草R]6景点联票成人50元儿童/老人/学生票30元??包含景点石雕馆穗康钱庄城隍殿中国银行旧址安昌民俗风情馆师爷馆使用时间08:30-16:30对历史文化感兴趣的小伙伴可购买联票只想闲逛和品尝美食的小伙伴可以省啦[四R]美食推荐??主食师爷馄饨酒酿馒头馄饨还不错酒酿馒头很松软~ ??小吃推荐萝卜丝饼臭豆腐外酥里嫩香气扑鼻??糕点推荐安昌印糕扯白糖南瓜花软糯可口甜而不腻古镇里有很多卖糕点的店铺可根据自己的喜好购买 ??酱货推荐腊肠肉很实古镇内还有很多酱货店腊肉腊鹅腊鸭腊鹌鹑等各种酱货均有售卖??特色体验黄酒奶茶酱油冰淇淋黄酒棒冰黄酒味不重的可以尝试??[五R]游玩打卡?????乘坐乌篷船穿梭在古镇的河道中感受江南水乡??  探访仁昌酱园了解古镇的酱文化品尝地道的酱制品??围炉煮茶与三两好友在古镇的角落享受悠闲的时光[六R]游玩小记安昌古镇像是画卷里的小桥流水人家景致很有江南水乡的韵味熙熙攘攘的人群和琳琅满目的货品让古镇充满了人间烟火气古镇不大是沿河两岸铺展成的一条老街走走停停大约一个小时就能逛完脚下铺着的石板路两旁的古宅多为保存完好的原生态建筑在这里几乎家家户户都制作晾晒酱货行走其间能闻到空气中弥漫着腊肠酱鸭的香气还有许多卖糕点黄酒手工艺品的小店价格不贵可以尽情挑选可以过了午后三点来此时人群就渐渐少了晚上会亮灯夜景也很美在古镇里适合放慢脚步游览或是悠哉游哉地闲逛或是坐在河畔品茶赏景享受一段不被打扰的悠然时光,9,"交通,自驾,停车场,动车,地铁,24h不打烊,大门票完全免费,6景点联票,师爷馄饨,酒酿馒头,萝卜丝饼,臭豆腐,安昌印糕,扯白糖,南瓜花,酱货,腊肠,肉,黄酒奶茶,酱油冰淇淋,黄酒棒冰,乌篷船,江南水乡,仁昌酱园,酱文化,围炉煮茶,小桥流水人家,江南水乡,人间烟火气,石板路,古宅,原生态建筑,酱货行走,香气,糕点,黄酒,手工艺品,夜景",,
?? 踏入绍兴仿佛穿越千年古色古香韵味悠长这里是鲁迅的故乡王羲之的墨香之地一场说走就走的文化之旅等你来探?? 定位浙江省绍兴市?? 高铁绍兴北站?? 自驾便捷抵达古城内推荐步行或骑行.??绍兴游玩路线攻略D1鲁迅故里-沈园-仓桥直街美食探索D2东湖泛舟-兰亭寻墨-安昌古镇夜游乌篷船.??必打卡景点?? 鲁迅故里从百草园到三味书屋感受文学巨匠的童年足迹黄酒与茴香豆不可错过?? 沈园夜游沈园聆听陆游与唐婉的凄美爱情精致演出让人沉醉?? 东湖乘一叶扁舟穿梭于山水盆景间体验82版西游记取景地的魅力?? 兰亭探访书圣王羲之的圣地品味兰亭序的千古绝唱静享竹林清幽?? 安昌古镇夜幕降临时乘乌篷船游古镇体验最纯粹的江南水乡风情.??住宿推荐?? 选择鲁迅故里或城市广场周边的连锁酒店性价比高出行便利.??Tips绍兴美食众多仓桥直街是吃货的天堂生醉蟹臭豆腐等不容错过提前预约热门景点如鲁迅故里避免排队等待漫步古城不妨尝试一次乌篷船体验感受水乡的独特韵味,1,"古色古香,韵味悠长,鲁迅,王羲之,文化之旅,绍兴北站,古城,步行,骑行,鲁迅故里,沈园,仓桥直街,东湖,兰亭,安昌古镇,乌篷船,百草园,三味书屋,黄酒,茴香豆,陆游,唐婉,爱情,演出,扁舟,山水盆景,西游记取景地,书圣,兰亭序,竹林,江南水乡,连锁酒店,性价比高,出行便利,生醉蟹,臭豆腐,排队等待,水乡",,
我在家乡当游客之安昌古镇~??不亏是被央视力荐的年味免费古镇~???这里满是年货各种腊味芳香扑鼻~??这里人来人往满是古镇的烟火气~今年我们又带小朋友来打卡啦吃了腊味买了腊味......比起去年这里翻新了不少水也更清了~好多地方都很出片~???收好详细路线图-??具体打卡路线杭州出发40分钟??安昌古镇1号停车场??安昌桥??高桥??游船码头??城隍殿??师爷馄饨??天官第文创园??师爷馆??民俗风情馆??中国银.行旧址??仁昌酱园??高桥??停车场-??游玩温馨提示??坐乌篷船单程非节假日??65/趟节假日80/趟每趟限3人-含怀抱小宝宝??免费景点仁昌酱园天官第师爷戏台...??收费景点??50/人-8个景点师爷馆石雕馆民俗风情馆...??关于年货我们差不多每年都去买一些酱味自己吃和送人个人感觉前街比较大的几家店的东西比较好?而说到合适的伴手礼??必须提一下Lotus?Biscoff?和情焦糖饼干????比利时进口品牌特别是他们家今年的新春银来红运礼盒很精致??红红火火真的很适合送人~而我们现在出门也经常带上几包独立包装很适合懒人~口感上酥酥脆脆小朋友很爱吃关键配料也很干净浓郁焦糖香搭配上牛奶一整个绝了~建议宝子们一定要试试??小吃打卡师爷馄饨安昌印糕南瓜花各种腊味串腊肠酱鸭等酒酿奶茶玫瑰酒酿馒头臭豆腐萝卜丝饼龙须糖绿豆糕藕粉酥...??关于土菜馆大部分都差不多大家可以看了菜单问了价格再考虑是否进去吃~??后街有很多围炉煮茶店人少安静很适合坐下来感受~-??周边游玩点??柯岩鉴湖景区??兜率天宫??柯桥古镇??昂桑湖古纤道-我是柚柚妈妈??我分享更多游玩攻略~,1,"安昌古镇,年味,免费,腊味,芳香扑鼻,烟火气,翻新,水清,出片,乌篷船,仁昌酱园,天官第,师爷戏台,免费景点,收费景点,年货,酱味,伴手礼,Lotus Biscoff,焦糖饼干,新春礼盒,师爷馄饨,安昌印糕,南瓜花,腊味串,腊肠,酱鸭,酒酿奶茶,玫瑰酒酿馒头,臭豆腐,萝卜丝饼,龙须糖,绿豆糕,藕粉酥,围炉煮茶,柯岩鉴湖景区,兜率天宫,柯桥古镇,昂桑湖古纤道",,
??绍兴必去8大神仙地1?? 兰亭竹林秘境崇山峻岭茂林修竹?? 王羲之笔下的兰亭序照进现实曲水流觞青竹掩映穿汉服来拍一组魏晋风大片2?? 鲁迅故里课本照进现实从百草园到三味书屋?? 摸一摸鲁迅刻早字的课桌吃一根黄酒棒冰童年记忆瞬间复活3?? 书圣故里水墨画里的烟火气飘着墨香的江南老街??? 王羲之故居的书法墙老爷爷的乌篷船巷口的臭豆腐摊一半诗意一半烟火4?? 东湖悬崖下的江南乘乌篷船穿越千年?? 86版西游记同款取景地摇橹声里穿过百米悬崖武侠感拉满5?? 八字桥活着的南宋中国最早的立交桥?? 没有商业化的原始水乡阿婆在河边浣衣老猫在屋檐打盹时光仿佛停驻6?? 安昌古镇腊味飘香的年味挂满酱鸭腊肠的烟火长廊?? 坐乌篷船喝黄酒买一包酱鹌鹑这才是江南冬天的正确打开方式7?? ?犭茶湖避世级日落连本地人都不知道的宝藏湖?? 明代古避塘绵延数里白鹭掠过水面黄昏美得像莫奈油画8?? 大禹开元免费古村秘境住进明清古村落里??重点推荐??白墙黛瓦小桥流水凌霄花爬满院墙人少景美狂出片 ??3天2夜懒人路线DAY1穿越千年书圣故里八字桥仓桥直街夜宿大禹开元免费拍古风大片DAY2大师足迹鲁迅故里东湖乌篷船?犭茶湖追日落DAY3诗与远方兰亭竹林品茶安昌古镇买腊味返程??避坑指南?? 鲁迅故里&兰亭记得提前GZH预约?? 乌篷船选东湖或安昌古镇性价比更高?? 黄酒棒冰认准红标款仓桥直街的奶油小攀齁甜慎买?? 穿舒服的鞋绍兴石板路走得怀疑人生??最佳旅游时间? 3-5月兰亭竹海听雨东湖泛舟赏樱? 9-11月秋染古桥桂花香满城? 12-2月安昌腊味年货节水乡灯笼映雪 总要去一趟绍兴吧摇橹船穿过南宋的石桥黄酒香晕染墨色的巷弄这才是中国人骨子里的江南啊?? ,9,"新市古镇,古镇原貌,商业水平不高,童年的梦",,
有骨的江南当看绍兴看遍了浙苏皖回头再说起江南绍兴是唯一一个还会让我心动的城市白墙黛瓦乌篷摇曳一半烟火一半诗书尽显这座古城的风骨与柔情整理2天1晚游玩攻略很适合江浙沪周末出游~??我的2天行程Day?昂桑湖-鲁迅故里-青藤书屋-仓桥直街-府山公园-西小路-孑民图书馆-书圣故里-八字桥Day?东湖-兰亭-安昌古镇-返程??游玩介绍1??昂桑湖建于明代的古纤道距离绍兴北站很近建议第一站就去这里想航拍同角度建议晴天早上去顺光真的很蓝2??鲁迅故里从百草园到三味书屋读先生写的书走先生行过的路感受先生笔下的江南3??仓桥直街窄窄的青石板路充满烟火气可以买到各种文创和特色小吃打卡Q版鲁迅4??府山公园藏在绍兴古城里的绿野仙踪爬到山顶的飞翼楼可以俯瞰整个城区还有西小路的经典俯拍机位P25??西小路这里毫无商业只有岁月静好适合安静的拍人文阳明故里也在这里可以逛下6??书圣故里王羲之和蔡元培的故里白墙黛瓦间都是飘逸的书法甚至连咖啡杯也是拍照很出片7??东湖西游记的取景地一定要体验一次这里的乌篷船划船进入水墨画8??兰亭这里自带bgm是王羲之当年设曲水流觞宴的地方并在此挥毫写下兰亭集序9??安昌古镇充满烟火气的免费古镇满街都是酱鸭卤味在这里看一场古镇落日再离开绍兴?食宿建议??住宿推荐住鲁迅故里附近景点集中出行方便??美食推荐黄酒棒冰臭豆腐还有安昌古镇的酒酿馒头松松软软的狂炫还有安昌古镇的沿河农家菜下江南氛围感拉满,1,"绍兴, 白墙黛瓦, 乌篷, 烟火, 诗书, 风骨, 柔情, 昂桑湖, 古纤道, 鲁迅故里, 百草园, 三味书屋, 仓桥直街, 青石板路, 文创, 特色小吃, 府山公园, 飞翼楼, 西小路, 书圣故里, 八字桥, 东湖, 兰亭, 安昌古镇, 孑民图书馆, 字画, 咖啡杯, 乌篷船, 曲水流觞, 酱鸭卤味, 古镇落日, 黄酒棒冰, 臭豆腐, 酒酿馒头, 沿河农家菜",,
?回首看 江南水乡风犹在望过往 人间皆是烟火情是岁月柔情里的点点微光啊把古镇古村里的历史文化从过去贩卖到如今让我为之动容这十八处风景一眼万年 全是好光景-??2023年我去过最美的古镇古村1??南浔古镇南浔 南巡  简单不单调的水乡古镇-2??书圣故里江南烟雨 纯朴风情满满的小桥流水人家-3??溪上村许光汉同款秋千地 万安桥是绝佳机位-4??安昌古镇特色乌篷船一定要坐 民土风情很浓厚-5??西塘古镇夕阳西下里的西塘 美不胜收-6??乌镇超有名气的古镇之一 乌镇戏剧节你肯定听过-7??同里古镇古韵风很正的民风古镇_8??廿八都古镇江湖感满满的古镇 在古镇的亭子上 能看到全景-9??丽水松阳村子超级有年代感 非常宝藏 四季都非常适合去-1??0??渔港古城充满文化创意的古渔小镇 玩的小景点很多-1??1??葛仙村仙侠世界里的世外桃源 白天夜晚都好看-1??2??婺女洲亭台楼阁的风姿卓越 不能错过的灯光秀与打铁花-1??3??景德镇拥有瓷都之乡的美誉 艺术内涵浓厚-1??4??阳产土楼金黄色包围的古老村落与晒秋人家 暖阳下的土楼显得格外有生机-1??5??西津渡镇江市三山一渡中的一渡 可以一眼看万年-1??6??瑶里古镇惬意斑斓的悠悠古镇 超级有诗情画意-1??7??徽州古城中国四大古城之一 徽派建筑风格独特别致-1??8??篁岭年代久远的古老文明 婺源里绝不能错过的景点-??古镇古村的淳朴民风是古往今来一直在延续的经典待腻了车水马龙的城市 这些古村镇适合小住几天,1,"江南水乡,烟火情,岁月柔情,历史文化,风景,好光景,最美的古镇古村,南浔,简单不单调,水乡古镇,书圣故里,江南烟雨,纯朴风情,小桥流水人家,溪上村,许光汉同款秋千地,万安桥,安昌古镇,特色乌篷船,民土风情,西塘古镇,夕阳西下,美不胜收,乌镇,乌镇戏剧节,同里古镇,古韵风,民风,廿八都古镇,江湖感,丽水松阳村子,年代感,宝藏,渔港古城,文化创意,古渔小镇,葛仙村,仙侠世界,世外桃源,婺女洲,亭台楼阁,灯光秀,打铁花,景德镇,瓷都之乡,艺术内涵,阳产土楼,金黄色,晒秋人家,暖阳,生机,西津渡,镇江市三山一渡,瑶里古镇,惬意斑斓,诗情画意,徽州古城,中国四大古城,徽派建筑,篁岭,古老文明,淳朴民风,古往今来,经典,车水马龙,古村镇",,
绍兴你的嘴可真严啊??这座惊动了央视5次的冷门古镇为何一直不声张呢??安昌古镇被称作是中国十大古镇里最冷门的那一个传承了典型的江南水乡??特色枕水人家粉墙黛瓦石板弄堂黑毡帽乌篷船????古镇既有传统特色的店铺作坊错落有致的翻轩骑楼也有粉墙黛瓦的台门民居曲折幽深的石板弄堂每一样串联在一起构成了一幅绝美江南水墨画??????国庆假期将至??安昌古镇飞花词会祭月大典酱香味?师爷情等精彩纷呈的活动强势来袭散发独特魅力若是来安昌千万别错过了~??景点绍兴柯桥区安昌古镇??门票免费??高铁到绍兴北站打车20分钟??地铁绍兴1号线越州大道站打车15分钟.?游玩tips建议下午两三点到悠哉悠哉逛完在古镇吃个地道的绍兴菜夜幕降临古镇亮灯以后非常好看节假日还有表演节目.关??,1,"冷门,江南水乡,枕水人家,粉墙黛瓦,石板弄堂,黑毡帽,乌篷船,传统特色,店铺作坊,翻轩骑楼,台门民居,石板弄堂,江南水墨画,国庆假期,飞花词会,祭月大典,酱香味,师爷情,独特魅力,免费,地道的绍兴菜,亮灯,表演节目",,
烟雨入江南山水如墨染???跟着遇见绍兴短视频大赛二等奖烟雨绍兴??遇见绍兴之美??雨落在书圣故里??如同翻开一幅流动的历史长卷??一草一木都浸润着翰墨书香????雨落在沈园??似一场哀怨??带着无尽的惋惜??叹息一场刻骨铭心的爱情故事????雨落在兰亭???敲打着屋檐??似在诉说古老的故事??应是诗画中的???天青色等烟雨????雨落在安昌古镇???是另一种带有烟火气息的美感??烟雨映衬着黑瓦??美如画卷???烟雨江南四季如诗???冬日的绍兴亦是烟雨绵绵将古镇古巷园林渐次晕染氤氲出如诗如画的意境绍兴不愧是真江南???,9,"烟雨,江南,山水,墨染,书圣故里,翰墨书香,沈园,哀怨,惋惜,爱情故事,兰亭,古老的故事,诗画,天青色,烟雨,安昌古镇,烟火气息,美感,黑瓦,画卷,烟雨江南,四季,诗意,冬日,绍兴,古镇,古巷,园林,意境,真江南",,
你的一句春不晚我就到了真江南这个梗出自苏轼的惠崇春江晚景因为喜欢江南水乡的温婉定居在了苏州一直以为苏州的美没有那座江南城市可以超过直到我来了绍兴突然觉得还是有可以跟苏州媲美的江南水乡的.想把这座小城很真诚地推荐给大家但也怕这里被嘈杂的声音所扰动不管怎样带你看看我眼中的绍兴吧.??绍兴3??天2??夜游玩攻略Day1???苏州自驾出发抵达???东湖 ??十里荷塘????犭央(ang)犭茶(sang)湖????西小路历史街区?????入住绍兴市区Day2???仓桥直街????书圣故里????八字桥????鲁迅故里????兰亭 ???入住安昌古镇Day3??安昌古镇??柯桥古镇??苏州.??推荐必打卡的地方.1??犭央犭茶 湖ang sang建于明代的避风石塘古纤道小众到不能再小众的地方工作日来的话基本没人.2??东湖以崖壁岩洞石桥湖面巧妙结合也是绍兴的一大园林来此乘船进入岩洞仿若进入了桃花源记的世界.3??西小路藏在闹市里的江南水乡建筑层峦叠嶂好像现实版的江南百景图.4??环山路这里阴天晴天都别有一番韵味而且游人稀少街边的绿树配上粉墙黛瓦非常江南.5??兰亭这里有日本琉璃光院的同款天章之寺也有王羲之的真迹还有应景的大白鹅.6??安昌古镇这是非常小众的一个古镇里面有着老绍兴人的回忆不妨来此小住一日吧.7??柯桥古镇傍晚的柯桥古镇随着科技的光影这里成了江南的另一种画面.8??镜湖十里荷塘接天莲叶无穷碧映日荷花别样红在这里得以具像化.9??鲁迅故里做先生书迷访先生故里读了那么多年先生的书总要来次他的家乡吧.??仓桥直街江南烟火气最抚凡人心来这里感受绍兴人的慢生活.??注意现在小红书上线了100天运动打卡挑战活动可以参与领取背包挂件等哦跟我一样带着可爱的包挂一起旅行环游世界吧,9,"犭央犭茶湖, 东湖, 西小路, 环山路, 兰亭, 安昌古镇, 柯桥古镇, 镜湖十里荷塘, 鲁迅故里, 仓桥直街",,
"有骨的江南当看绍兴如果没来过绍兴或许不能称得上真的来过江南绍兴这座被称为""没有围墙的博物馆""的城市也曾被国家地理评选为最具有人气的江南水乡-???绍兴景点推荐1??绍兴兰亭王羲之笔下兰亭序中描绘的绝美秘境茂林修竹曲水流觞一步一景都让人回到永和九年的那场梦2???(ang)犭茶(sang)湖始建于明代是沟通南北两岸交通和船只躲避风浪的通道白鹭展翅水波荡漾沿着河岸散步也很美3??鲁迅故里鲁迅先生的故居从百草园逛到三味书屋看看语文课本里先生在课桌上刻的早字4??书圣故里书圣王羲之的故乡沿着水岸人家感受历史气息蕺坊桥旁的书法墙很出片5??东湖86版西游记的取景地之一坐着乌篷船在湖中穿梭于岩壁石桥下非常惬意6??八字桥中国zui早的立交桥附近有许多原住民是一个充满烟火气的地方可以感受原汁原味的江南水乡生活7??安昌古镇绍兴四大古镇之一老街依河而建这有许多绍兴特产腊鸭腊鱼腐乳等等出售过年本地人采购年货很热闹的地方8??大禹开元宝藏免费景点??????背靠会稽山南依大禹陵本身免费参观可以选择住这里也很方便价格也不贵不仅是酒店也是绝美景区往大部分景点基本在20分钟车程内整个环境位古村落的自然生态环境以白墙墨瓦的明清建筑为主体小桥流水穿插其中祠堂戏台天井古街石巷拍照真的非常出片春天的时候这里蔷薇花开满园现在的凌霄花开的正盛酒店环境真的很美相比书圣故里人挤人这里拍照真的人少景美??-??暑热逐渐褪去不如就去绍兴走一走吧给大家整理了一份3天2夜游快码住??DAY1??书圣故里-八字桥-仓桥直街-府山公园-入住绍兴大禹开元观堂DAY2??大禹陵-鲁迅故里-?(ang)犭茶(sang)湖-东湖DAY3??绍兴兰亭-安昌古镇-返程-??美食推荐黄酒棒冰萝卜丝饼臭豆腐绍兴醉蟹次坞打面等等-",9,"江南,绍兴,兰亭,王羲之,秘境,茂林修竹,曲水流觞,永和九年,犭茶湖,明代,白鹭,水波,河岸,鲁迅故里,百草园,三味书屋,语文课本,书圣故里,水岸人家,历史气息,蕺坊桥,书法墙,东湖,86版西游记,乌篷船,岩壁石桥,八字桥,立交桥,原住民,烟火气,江南水乡生活,安昌古镇,绍兴四大古镇,老街,绍兴特产,腊鸭,腊鱼,腐乳,年货,大禹开元,会稽山,大禹陵,古村落,自然生态环境,白墙墨瓦,明清建筑,小桥流水,祠堂,戏台,天井,古街,石巷,蔷薇花,凌霄花,酒店环境,书圣故里,人少景美",,
如果你厌倦了城市的喧嚣想找个地方放松一下我强烈推荐你来安昌古镇这里不仅有最原始的江南水乡韵味还有满满的烟火气和独特的文化体验安昌古镇的美食绝对能让你大饱口福满街的腊肠酱鸭熏鱼还有热气腾腾的本地臭豆腐无不洋溢着浓浓的年味两岸人家安且昌乌篷俨在画中航腊肠鱼鲞梅干熟黄酒白糖蚕豆香这句诗完美地描绘了安昌的烟火气安昌古镇不仅有美食还有深厚的文化底蕴天下师爷出绍兴绍兴师爷出安昌这里有一个师爷博物馆展示了安昌作为师爷之乡的历史文化??交通高铁到绍兴北站打车20分钟直达古镇地铁乘坐地铁1号线到越州大道再打车15分钟自驾从宁波出发一个半小时直达????游玩攻略门票古镇是免费的但里面有6个景点需要收费可以买联票或者单独购买摇橹船65元/每艘船可以坐3人非常适合和朋友一起体验江南水乡的慢生活??推荐游玩路线 ???正大门进入-清风第一廊-城隍殿-穗康钱庄-石雕馆-绍兴宣卷馆-师爷馆-安昌民俗风情馆-安康寺-仁昌酱园-中国银行旧址环形路线不用走回头路????拍照攻略最佳时间下午3点到5点光线柔和适合拍摄古镇的烟火气乌篷船乘坐乌篷船以两岸的古建筑为背景拍出的照片超有江南韵味腊味一条街满街的腊肠熏鸡很有本地特色是拍照的好地方仁昌酱园可以拍出充满传统酱园文化的照片人文摄影古镇里住着很多本地人可以拍摄到很多有趣的人文照片夜景晚上古镇亮灯后夜景很美适合拍摄夜景照片?,10,"江南水乡韵味,烟火气,文化体验,美食,腊肠,酱鸭,熏鱼,臭豆腐,年味,两岸人家,师爷博物馆,历史文化,免费,摇橹船,慢生活,清风第一廊,城隍殿,穗康钱庄,石雕馆,绍兴宣卷馆,安昌民俗风情馆,安康寺,仁昌酱园,中国银行旧址,光线柔和,乌篷船,古建筑,江南韵味,腊味一条街,本地特色,传统酱园文化,人文摄影,本地人,夜景照片",,
??比起乌镇我更爱这座绍兴小众古镇这里远离尘嚣安静祥和满街的腊肠酱货处处洋溢着江南烟火气 这里游客不多很适合走走停停逛吃逛喝感受最原始的水乡韵味..??地址绍兴安昌古镇??关于安昌古镇 ??免费 全天开放??游玩时间2-3小时??Tips1.古镇免费2.不少展览馆需??50r的联票畅游3.老街沿河道路不宽谨防遛娃掉落 不建议推婴儿车全是石板路和古桥不方便4.推荐夜游沿河台门人家的烟火气更加浓郁别有一番风味,9,"绍兴, 小众, 远离尘嚣, 安静, 祥和, 满街, 腊肠, 酱货, 江南烟火气, 游客不多, 走走停停, 逛吃逛喝, 最原始, 水乡韵味, 免费, 全天开放, 夜游, 烟火气, 台门人家, 别有一番风味",,
.Hi~ 我是江南君~作为一个在杭州生活了7年的人绍兴是我经常去的一座城市无论春夏秋冬还是阴晴雨雪总要隔三差五地去绍兴走一走解压治愈还有慢节奏的生活这些都是我喜欢绍兴的理由作为一个低调的江南小城木心先生也曾说有骨的江南当看绍兴.想把绍兴真诚地推荐给大家但也怕人满为患到处人挤人无论怎样还是分享一下我所喜爱的绍兴吧.?犭央犭茶 湖图1-3即昂桑湖建于明代的避风石塘古纤道有着美丽的传说现在是人少景美的小众打卡地拍照很出片.?古纤道图4-5位于柯桥区的轻纺城大道旁自东而西绵延40余公里是古人行舟背纤的通道至今仍保留完整的将近1公里.?东湖图6-7以崖壁岩洞石桥湖面巧妙结合成为著名园林虽然湖比较小但却是浙江三大名湖湖中之奇.?西小路图8-9仿佛是被绍兴遗忘的江南水乡从飞翼楼山看建筑鳞次栉比宛如现实版的江南百景图.?书圣故里图10-11书圣王羲之的故里记得前几年去的时候这里还很冷清现在已经是人从众了有些机位很难拍到空旷的景色了.?兰亭图12-13书圣王羲之描述的流觞曲水便是在此还有鹅池也是他之字的灵感之源.?安昌古镇图14-15免费开放近几年的游客也越来越多希望能一直保持住它的人间烟火气吧.?八字桥图16古代的水上立交桥历史意义大于风景但旁边的广宁桥直街很有韵味.?府山公园图17可以参观山脚下的绍兴博物馆和越王台府山直街也是一条具有本地烟火气的街巷.?仓桥直街图18沿河而建的古民居是典型的江南水乡风格满大街的臭豆腐奶油小攀和黄酒棒冰是绍兴特色小吃.??我是旅行在路上的江南君~一名旅游博主 & 风光摄影师分享户外生活丨旅游攻略丨摄影打卡主页有更多图文和攻略感谢关注.,1,"慢节奏,解压,治愈,低调,有骨的江南,避风石塘,古纤道,人少景美,小众打卡地,拍照出片,行舟背纤,完整保留,崖壁岩洞石桥湖面巧妙结合,著名园林,湖中之奇,被遗忘的江南水乡,现实版江南百景图,书圣故里,冷清,人从众,流觞曲水,鹅池,灵感之源,人间烟火气,古代水上立交桥,历史意义,韵味,沿河而建的古民居,江南水乡风格,臭豆腐,奶油小攀,黄酒棒冰,绍兴特色小吃",,
就在绍兴这个安昌古镇是典型的江南水乡而且是一个越到冬天冷的时候人就越多越热闹的地方还没到腊月就有了逛市集买年货的感觉了沿街的各种腊货挂起来也成了一道特有的风景.两岸人家安且昌乌篷俨在画中航腊肠鱼鲞梅干熟黄酒白糖蚕豆香形容的就是这里.安昌腊肠扯白糖都远近闻名还有酒酿馒头印糕亲测都非常好吃一定要趁热吃这里的水上婚礼也是别具特色.天下师爷出绍兴绍兴师爷出安昌所以这里还有一个师爷博物馆.??这个古镇是免费的但是里面有6个景点是要收费参观的可以买联票或者单独购买我没有进去看就在外面逛了逛看了看文字介绍??摇橹船是65元/每艘船可以坐3人.??游玩路线整个古镇不大基本都是北街进南街出靠近入口的地方人多越到里面越少我是工作日去的所以整体人不算多周末假日应该很热闹,8,"绍兴, 安昌古镇, 江南水乡, 冬天, 热闹, 腊月, 市集, 年货, 沿街, 腊货, 特有风景, 两岸人家, 乌篷, 画中航, 腊肠, 鱼鲞, 梅干熟, 黄酒, 白糖蚕豆香, 安昌腊肠, 扯白糖, 酒酿馒头, 印糕, 水上婚礼, 别具特色, 绍兴师爷, 师爷博物馆, 免费, 收费景点, 联票, 摇橹船, 北街进, 南街出, 工作日, 周末假日",,
在浙江有座别具一格的千年古镇它口碑超好是绍兴保留最好最原汁原味的古镇国家地理还曾赞它为小桥流水石皮弄白墙黛瓦乌篷船的真水乡它满街都是商品却不会让人觉得过于商业化因为店铺里的商品不是千篇一律的全国同款而是地地道道的当地特产它处处都散发着老绍兴独有的江南书卷气鲁迅笔下不一样的江南水乡以及淳厚古朴的民风在这里体现得淋漓尽致它就是安昌古镇安昌古镇位于浙江绍兴的柯桥区有人说安昌古镇是所有江南古镇里面最有烟火气的一个古镇尤其是春节前后这段时间每年腊月古镇内的家家户户都会挂出各种腊味和酱制品琳琅满目整个古镇显得格外热闹和喜庆?所以如果想去安昌古镇腊月和春节期间是最好的选择安昌一座真正活着的古镇始建于北宋年间的安昌古镇曾在战争中多次被烧毁现存的古镇重建于明清时期沿街的商贩古镇的老街市其实并不长只有不到2公里但就是这么短短的一段路让古镇充满了人间烟火气古镇上的老茶客一座座石拱小桥架起了河两岸的民居和商铺当地人在这里营生满街的酱货臭豆腐扯白糖印糕梅干菜小酥饼是他们的生计也是他们的一辈子绍兴出师爷多半在安昌有人说绍兴最有名的特产不是吃食而是师爷安昌的师爷天下闻名曾经还有一句老俗话叫无绍不成衙而绍兴籍师爷里有大半都出自安昌师爷博物馆有一份不完全的数据统计显示仅仅清朝的最后两百年安昌走出去的师爷就有上万人安昌也因此被称为师爷故里在古镇里就有一座师爷博物馆这是全国独一个以师爷文化为主题的博物馆如果对这个特殊的佐治群体感兴趣可以买个门票进去参观三乌文化原汁原味绍兴有独具特色的三乌文化即乌干菜乌毡帽乌篷船三乌是绍兴乡土文化的象征而在安昌古镇目之所及皆是三乌沿街商铺的菜干这里几乎家家户户都自己晒乌干菜也就是梅干菜一道乌干菜蒸猪肉成为了众多绍兴游子念念不忘的家乡味绍兴人尚黑而乌毡帽就是这种审美下衍生的极具地域特色的文化遗产戴着乌毡帽的乌篷船船夫古时越人以舟为车以楫为马只有绍兴人的乌篷船拥有了姓名乌篷船的摇橹声穿越千年最是江南味,1,"别具一格,千年古镇,口碑超好,保留最好,原汁原味,国家地理,小桥流水,石皮弄,白墙黛瓦,乌篷船,真水乡,地地道道,当地特产,江南书卷气,鲁迅,不一样的江南水乡,淳厚古朴,民风,淋漓尽致,烟火气,腊味,酱制品,琳琅满目,热闹,喜庆,活着的古镇,北宋,战争,烧毁,明清,人间烟火气,老茶客,石拱小桥,民居,商铺,营生,酱货,臭豆腐,扯白糖,印糕,梅干菜,小酥饼,生计,绍兴,师爷,天下闻名,俗话,无绍不成衙,清朝,师爷故里,师爷博物馆,三乌文化,乌干菜,乌毡帽,乌篷船,乡土文化,家乡味,尚黑,文化遗产,摇橹声,江南味",,
绍兴??你嘴真严??这座惊动央视5次的古镇你为何不声张?如果假期只去一座古镇一定要到安昌感受一下原始水乡的烟火气是一座有着烟火气品尝手工晒制的腊肠酱鸭熏鱼静赏小桥流水乌篷船再来一杯黄酒奶茶~ 走走逛逛好不惬意??景点绍兴何桥区安昌古镇??门票免费??高铁绍兴北站打车到古镇20分钟左右??地铁绍兴地铁1号线越州大道打车15分钟~??自驾导航安昌古镇停车场[星R]游玩tips安昌是一个没有很商业的古镇依河而建各式古老的店铺烟火气很浓郁~老街上家家户户门 1者 都挂满腊肠酱鸭酱鱼等还可以看到裹粽子灌腊肠春年糕 扯白糖等传统美食工艺很有烟火气[星R]推荐游玩路线涂山廊水阁桥安昌古戏台安昌文史馆仁 昌酱园中国酱文化博物馆穗康钱庄绍兴宣卷馆石雕展览馆安昌民俗风情馆绍兴师爷博物馆[星R]乌篷船??游船时间800-1630??单程40r/船可坐3人(需提前排队)?游船码头1?古戏台旁2?民俗风情馆旁游船行程大约10分钟左右 船只是老师傅们手滑脚摇船只数量不多人多时候需要排队,9,"安昌,原始水乡,烟火气,手工晒制,腊肠,酱鸭,熏鱼,小桥流水,乌篷船,黄酒奶茶,惬意,门票免费,没有很商业,古老店铺,烟火气浓郁,腊肠,酱鸭,酱鱼,裹粽子,灌腊肠,舂年糕,扯白糖,传统美食工艺,烟火气,涂山廊,水阁桥,安昌古戏台,安昌文史馆,仁昌酱园,中国酱文化博物馆,穗康钱庄,绍兴宣卷馆,石雕展览馆,安昌民俗风情馆,绍兴师爷博物馆,老师傅,手滑脚摇",,
我去过很多江南的古镇景德镇的瑶里古镇苏州的甪直古镇周庄同里还有苏州大大小小的古街区唯有绍兴的古镇是我最喜欢的感觉??读先生的书探先生的故里这句话大概很多人都知道说的是谁了这里是鲁迅周树人的故乡也是王羲之兰亭集序的出自地更是名副其实的文物之邦和鱼米之乡绍兴的古街区到处都是文人墨客的痕迹从百草园到三味书屋从书圣故里到鲁迅故里从仓桥直街到安昌古镇绍兴的春天没有人可以拒绝,10,"古镇原貌,商业水平不高,童年的梦,文人墨客,百草园,三味书屋,书圣故里,鲁迅故里,仓桥直街,安昌古镇,春天",,
?? 乌篷轻摇桥影横斜梦回旧时越城若江南有诗意那一定藏在绍兴的水巷深处?? 必打卡绍兴古韵之地??? 乌篷船烟雨江南摇橹声声水巷幽深仿佛穿越千年旧梦?? 鲁迅故里青砖黛瓦间走进少年闰土与阿Q的故事里?? 东浦黄酒小镇酒香扑鼻尝一口绍兴黄酒微醺入梦?? 安昌古镇石板桥白墙黑瓦最原汁原味的江南风情?? 绍兴的浪漫藏在细节里?? 微雨拂袖乌篷船载着旧时光轻晃?? 在沈园读一首陆游写给唐婉的钗头凤?? 暖一壶黄酒与故人共话任岁月缓缓流淌? 绍兴不只是江南它是时光深处的温柔梦境?? ??收藏+点赞带TA一起游绍兴,10,"乌篷船,水巷,旧梦,鲁迅故里,青砖黛瓦,少年闰土,阿Q,黄酒小镇,酒香,安昌古镇,石板桥,白墙黑瓦,江南风情,沈园,钗头凤,黄酒,温柔梦境",,
阴雨天的安昌古镇烟火气满满,8,"阴雨天,安昌古镇,烟火气",,
杭州地铁直达自驾50分钟左右 周末游绍兴安昌古镇攻略想要逃离城市的喧嚣寻找一片宁静的天地吗那就不要错过绍兴的安昌古镇啦?? 从杭州出发只需乘坐地铁再换乘绍兴轨道交通1号线就能轻松抵达这个充满历史韵味的古镇自驾杭州出发走空港高架彩虹快速路104国道55分钟左右免费走高速45分钟左右?? 交通指南从杭州地铁出发先到姑娘桥站然后换乘绍兴轨道交通1号线至越州大道站之后你可以选择乘坐公交或打车前往安昌古镇打车费10元左右?? 门票信息安昌古镇免票有8个景点是需要收费的师爷馆城隍殿民俗风情馆穗康钱庄石雕馆安康寺宣卷馆中国银行旧址价格是50元/人另外船票是50元/船可以坐三个人从古镇的一端到另一端? 推荐游览时间建议预留2-3小时慢慢品味这个古镇的独特魅力?? 拍照打卡古镇内有许多免费的好拍地点无论是古色古香的建筑还是热闹的市井风情都能成为你相机中的美景?? 美食推荐安昌古镇的美食也是一大亮点这里有各种腊肉腊肠酱鸭酱鱼还有绍兴黄酒女儿红米酒酒酿馒头特别是萝卜丝饼一定要尝一尝超级好吃还有臭豆腐木莲豆腐扯白糖清朝馄饨安昌印糕等等各种小吃让你流连忘返,1,"逃离城市的喧嚣,宁静,历史韵味,古色古香,建筑,市井风情,美景,腊肉,腊肠,酱鸭,酱鱼,绍兴黄酒,女儿红,米酒,酒酿馒头,萝卜丝饼,臭豆腐,木莲豆腐,扯白糖,清朝馄饨,安昌印糕",,
首先请将照片向右旋转90度观看先来打个卡适合春天来拍的机位特色的苦楝树搭配乌篷船或者烟雨季找寻一种慢节奏的生活方式图1图2:安昌古镇图3图4:东湖景区拍摄器材御3pro,7,"打卡,春天,机位,苦楝树,乌篷船,烟雨季,慢节奏,生活,安昌古镇,东湖景区",,
桥下流水皱屋前桐叶黄今天带来的是安昌古镇的第七期安昌古镇不只有白天还有夜景的也别有一番风味可惜傍晚回去了有机会以后再拍??地点浙江省绍兴市柯桥区安昌古镇??相机佳能R6II镜头为24105构图思路仅供参考感谢观看 ??,9,"桥下流水,屋前桐叶,安昌古镇,夜景,别有一番风味",,
?? **绍兴2天1晚详细攻略**,2,古镇原貌,商业水平不高,童年的梦
绍兴文房琪 摘姜姜同学绍兴雨下一整晚于是我就见到了真江南撑竹筏划过溪上人家追清风秋千过水涟漪会荡出这座水乡的前世今生沈园刻下的钗头凤碑在纪念陆游唐婉红酥手握不住期盼黄藤酒怎饮得尽悲欢水枕江南安昌古镇便是那梦里水乡畔这红灯忽明忽暗水波或急或缓怪不得身在江南便总叹这姻缘婉转它曾是会稽山阴有西施更有兰亭放不下这一场江南梦啊不如就留在绍兴,10,"江南,竹筏,溪上人家,清风,秋千,水涟漪,水乡,前世今生,沈园,钗头凤,碑,陆游,唐婉,红酥手,黄藤酒,悲欢,水枕,梦里水乡,红灯,水波,姻缘,西施,兰亭,江南梦,绍兴",,
除了体验安昌古镇的水乡风情也少不了要尝尝当地特色美食安昌古镇地道小吃真不少边逛边吃惬意的很有哪些特色小吃?怎么吃不踩雷?这篇就来好好唠一下安昌古镇的美食附?美食攻略 ?避坑指南????????孝店王酒酿馒头 P6推荐指数??????????不愧是被纳入非物质文化遗产的宝藏美食馒头蓬松很有嚼劲家里人都赞不绝口不枉排了一小时的队馒头有限购1人只能买??个根本不够吃同行的小伙伴可分开来购买强烈推荐酒酿馒头夹笋干肉绍兴枕头粽(经典鲜肉粽梅干菜肉粽安昌香肠粽)原味酒酿馒头好吃到流连忘返??粽子不仅个头大馅料也很足物超所值价格在P7??功夫醉鹅推荐指数??????????鹅身?鹅各个部位半只鹅挺大的差不多80+??外表看着清淡却格外入味肉质鲜美鹅皮很肥很油不喜欢吃油腻的不推荐??安昌印糕 P9-10推荐指数??????现做现蒸的印糕有四种口味可混合装吸引人的是印有安昌古镇的图案可以打卡拍照??一定要趁热吃凉了就变硬了口感没那么好每一种口味吃起来感觉有一股淡淡的薄荷味条街上有好几家每家的地理位置不同价格也有些差异20??/盒??师爷馄饨 P11-13推荐指数????手工现包的小馄饨卖相和味道都很普通不知道为什么这么一碗馄饨价格卖这么高吃的人非常多不如平时随便在街边吃的馄饨拔草了吃完才发现隔壁是清朝馄饨不晓得味道如何价格在P13??南瓜花推荐指数????很像南京的梅花糕形状像甜筒外角脆脆的面皮糯糯的里面是南瓜馅味道一般5??/个??臭豆腐 P15推荐指数??刚到景区大门口买了一份特别容易踩雷很难买到好吃的10??/份只要步入安昌古镇家家户户几乎都晒着腊肉肠酱鸭鱼干除此之外还有扯白糖龙须糖黄酒棒冰......除了小吃街边喝咖啡??的地方也不少像柿夏庭院绍小馆十九平......每家各有各的特色逛累了可以歇歇脚河道边还能围炉煮茶??可以看乌篷船??缓缓划过放慢脚步享受当下总的来说安昌古镇各类美食很有地方特色值得去一探究竟??,1,"安昌古镇,水乡风情,特色美食,地道小吃,逛,吃,惬意,酒酿馒头,非物质文化遗产,嚼劲,赞不绝口,排队长,限购,分开购买,强烈推荐,绍兴枕头粽,鲜肉粽,梅干菜肉粽,安昌香肠粽,原味酒酿馒头,流连忘返,个头大,馅料足,物超所值,功夫醉鹅,鹅身,鹅各个部位,半只鹅,入味,肉质鲜美,鹅皮,肥,油,安昌印糕,现做现蒸,混合装,安昌古镇图案,打卡拍照,趁热吃,凉了变硬,薄荷味,条街,地理位置,价格差异,师爷馄饨,手工现包,小馄饨,卖相,味道普通,价格高,拔草,清朝馄饨,南瓜花,梅花糕,甜筒,外角脆脆,面皮糯糯,南瓜馅,味道一般,臭豆腐,踩雷,景区大门口,腊肉肠,酱鸭鱼干,扯白糖,龙须糖,黄酒棒冰,喝咖啡,柿夏庭院,绍小馆,十九平,特色,歇歇脚,河道边,围炉煮茶,乌篷船,划过,放慢脚步,地方特色,值得",,
安昌古镇是去年过年就很想骑车来的地方但看新闻说过年多人就没有骑过来这次过来觉得也是很惊喜没有其他古镇的那种喧嚣没有全国古镇统一的长沙臭豆腐大肉串和老酸奶[笑哭R][笑哭R][笑哭R]都是当地特色的食物古镇就沿着河道两旁河流多长古镇也就多长有当地居民住着傍晚会有阿嬷在河里洗东西商家都说着本地口音但是又不会过于冷清不是世外桃源是世俗的适合居住的地方是大隐隐于市的市往里走可以独处往街上走也可以市井逛的时候看到卖当地卤味的人家一家人围在中庭吃饭感觉这种场景是20年前了就让我想起来去年看的电影乘船而去江浙的船船下的河河边的人人聚集在一起吃饭后面去吃了一口味食物也是当地口味但对于我来说甜了一点如果你喜欢这种场景放心来?,1,"惊喜,喧嚣,当地特色的食物,河道,河流,当地居民,阿嬷,河里洗东西,商家,本地口音,世俗,适合居住,大隐隐于市,独处,市井,当地卤味,中庭吃饭,场景,20年前,乘船而去,江浙,船,河,河边的人,人聚集在一起吃饭,口味食物,当地口味",,
.看够了繁华的苏州和杭州或许低调小众的绍兴才是我心目中的真江南木心先生也曾说无骨的江南不只苏州有骨的江南当看绍兴绍兴真的是一座宝藏级的江南小城.1??东湖以崖壁岩洞石桥湖面巧妙结合成为著名园林虽然湖比较小但却是浙江三大名湖湖中之奇.2??兰亭绍兴的小众秘境书圣王羲之描述的流觞曲水便是在此还有鹅池也是他之字的灵感之源.3??安昌古镇免费开放近几年的游客也越来越多希望能一直保持住它的人间烟火气吧.4??书圣故里书圣王羲之的故里记得前几年去的时候这里还很冷清现在已经是人从众了有些机位很难拍到空旷的景色了.5??西小路仿佛是被绍兴遗忘的江南水乡从飞翼楼山看建筑鳞次栉比宛如现实版的江南百景图.6??府山公园可以参观山脚下的绍兴博物馆和越王台府山直街也是一条具有本地烟火气的街巷.??我是热爱旅行的江南君~一名旅游博主 & 风光摄影师分享户外生活丨旅游攻略丨摄影打卡主页有更多图文和攻略感谢关注.,9,"低调,小众,真江南,无骨的江南,有骨的江南,宝藏级,东湖,崖壁,岩洞,石桥,湖面,巧妙结合,兰亭,小众秘境,流觞曲水,鹅池,安昌古镇,免费开放,人间烟火气,书圣故里,冷清,西小路,被遗忘的江南水乡,飞翼楼,建筑鳞次栉比,江南百景图,府山公园,绍兴博物馆,越王台,府山直街,本地烟火气",,
绍兴??你嘴真严??这座惊动央视5次的古镇你为何不声张?如果假期只去一座古镇一定要到安昌感受一下原始水乡的烟火气是一座有着烟火气品尝手工晒制的腊肠酱鸭熏鱼静赏小桥流水乌篷船再来一杯黄酒奶茶~ 走走逛逛好不惬意??景点绍兴何桥区安昌古镇??门票免费??高铁绍兴北站打车到古镇20分钟左右??地铁绍兴地铁1号线越州大道打车15分钟~??自驾导航安昌古镇停车场[星R]游玩tips安昌是一个没有很商业的古镇依河而建各式古老的店铺烟火气很浓郁~老街上家家户户门 1者 都挂满腊肠酱鸭酱鱼等还可以看到裹粽子灌腊肠春年糕 扯白糖等传统美食工艺很有烟火气[星R]推荐游玩路线涂山廊水阁桥安昌古戏台安昌文史馆仁 昌酱园中国酱文化博物馆穗康钱庄绍兴宣卷馆石雕展览馆安昌民俗风情馆绍兴师爷博物馆[星R]乌篷船??游船时间800-1630??单程40r/船可坐3人(需提前排队)?游船码头1?古戏台旁2?民俗风情馆旁游船行程大约10分钟左右 船只是老师傅们手滑脚摇船只数量不多人多时候需要排队,9,"原始水乡,烟火气,手工晒制,腊肠,酱鸭,熏鱼,小桥,流水,乌篷船,黄酒奶茶,惬意,门票免费,没有很商业,古老店铺,烟火气浓郁,腊肠,酱鸭,酱鱼,裹粽子,灌腊肠,舂年糕,扯白糖,传统美食工艺,烟火气,涂山廊,水阁桥,安昌古戏台,安昌文史馆,仁昌酱园,中国酱文化博物馆,穗康钱庄,绍兴宣卷馆,石雕展览馆,安昌民俗风情馆,绍兴师爷博物馆,乌篷船,老师傅,手滑脚摇",,
踏入古镇那沿着河岸边密密麻麻挂起的酱鸭香肠和鱼干便直截了当地宣告着这里浓郁的生活气息酱鸭在冬日暖阳下泛着诱人的光泽仿佛被时间与香料精心雕琢香肠饱满圆润肠衣包裹着的是岁月沉淀的醇厚风味鱼干则带着水乡特有的鲜美在风中微微晃动似在诉说着水乡的故事,10,"古镇,河岸边,酱鸭,香肠,鱼干,生活气息,冬日暖阳,光泽,时间,香料,雕琢,饱满圆润,肠衣,岁月沉淀,醇厚风味,水乡,鲜美,风中,晃动,故事",,
虽说苏杭好但我心中江南模样样板还是绍兴夏末微凉选择绍兴柯桥1?日游斜风细雨??中看青砖黛瓦小桥流水千年人文历史融入如今人间烟火??就安静行走在这节奏悠闲的江南水乡吧??路线引导?安昌古镇?柯岩风景区?柯桥古镇???交通??高铁高铁坐到绍兴北站火车坐到绍兴站??自驾杭州开车到柯桥约1小时左右??地铁杭州地铁无缝衔接绍兴地铁一号线??住宿推荐住鲁迅故里附近景点集中出行方便??安昌古镇 ????烟火气十足的古镇舌尖上的中国拍摄地好吃好玩满街的腊肠酱鸭一年四季满溢浓浓年味老街上小吃很多真的很好逛?游玩时间1-2小时??门票免费??游玩方式1? 步行从景区右边进逛逛老街吃吃小吃然后过桥从河道右边回来不走回头路2? 坐乌篷船来回在水上漫游感受江南水乡最纯正的味道?建议吃完午饭出发下午两三点到时间正好逛完夜幕亮灯以后非常好看饿了还能尝尝臭豆腐/腊肠串/黄酒奶茶等特色小吃??柯岩风景区 ?????石雕大佛礼拜敬香乘船入景一梦千年水中的大佛湖心的古纤道鲁迅笔下的鲁镇这样人文自然风景交织融合在一起心心念念的江南就有了清晰的模样?游玩时间2-3小时??游玩方式?鲁镇先生文章里的场景有了现实的模样在小镇漫步感觉重新读了一次语文课本?鉴湖这里是李白一夜飞度镜湖月的镜湖也是生产黄酒的水源地古纤道从湖中央穿过美丽震撼?柯岩天工大佛庄严慈祥为众生祈福奇云石骨头重脚轻底部不足 1 米却屹立千年不倒这里拍照特别出片都快来打卡??柯桥古镇 ????晚上亮灯后夜景超美融入在当地人的生活中真的很惬意??游玩方式夜幕降临时来古镇吃个晚饭这里绍兴特色小馆很多味道不错吃完沿河散步欣赏花船乐队水雾秀累了就在河边坐下喝喝茶聊聊天感受古今风韵交融结合带来的时髦享受?鲁迅故里免门票需预约 从百草园到三味书屋读先生的书看先生的故里感受先生笔下的江南这个景点也是绍兴游客最多的建议早上早点去?西小路历史街区免门票 这里是电影西小河的夏天取景地很原生态游客也很少有着居民最朴素的生活非常值得一去?书圣故里免门票需预约 王羲之蔡元培的故里有浓厚的人文气息墙壁上的书法也随处可见必去的一大景点,1,"江南,绍兴,夏末,青砖黛瓦,小桥流水,人文历史,人间烟火,悠闲,安昌古镇,烟火气,舌尖上的中国,腊肠,酱鸭,年味,小吃,免费,乌篷船,柯岩风景区,石雕大佛,鉴湖,古纤道,鲁镇,鲁迅,人文自然风景,柯桥古镇,夜景,当地生活,惬意,花船乐队,水雾秀,古今风韵,时髦享受,鲁迅故里,百草园,三味书屋,西小路历史街区,原生态,居民生活,书圣故里,王羲之,蔡元培,书法",,
绍兴你的嘴可真严呀这座惊动了央视5次的宝藏古镇安昌古镇??为何不声张???安昌古镇是绍兴四大古镇之一可以说是绍兴原汁原味的古镇了很多人说这里就是十年前的西塘随着年关越来越近古镇烟火气满满??快来体验这舌尖??上的古镇吧??美食推荐??安昌腊味腊肠肥瘦相间酱鸭??风味独特色泽红亮诱人香??极了??扯白糖这项绝活是外面寻不到的刚出炉的扯白糖超级香甜????印糕味道甜而不腻上面还印???着安昌古镇的字样很适合拍照????酒酿馒头与寻常馒头相比多了股淡淡的酒香?松软又好吃??打卡推荐??仁昌酱园如果你想感受酱油制作晾晒的过程推荐你来这儿打卡哦整齐排列的酱缸超级出片??乌篷船体验可以乘坐乌篷船体验地道的水乡风情平日60元/艘节假日80元/艘可坐3人还是很划算的??江南水乡看绍兴烟火年味看安昌年关将至??安昌古镇的酱鸭腊肠腊肉像面墙一样临街而立体验地道年味就来安昌古镇?????地址绍兴市柯桥区安华北路安昌古镇??自驾导航至安昌古镇1号停车场,9,"绍兴, 安昌古镇, 绍兴四大古镇, 绍兴原汁原味, 十年前的西塘, 烟火气, 舌尖, 美食, 安昌腊味, 腊肠, 酱鸭, 风味独特, 色泽红亮, 扯白糖, 香甜, 印糕, 甜而不腻, 酒酿馒头, 淡淡酒香, 松软, 仁昌酱园, 酱油制作, 晾晒, 酱缸, 出片, 乌篷船, 水乡风情, 平日60元/艘, 节假日80元/艘, 江南水乡, 绍兴烟火年味, 安昌年味, 酱鸭腊肠腊肉, 临街而立",,
1??都说如今过年没有年味那一定是没有来对地方毕竟年味这条赛道安昌已经卷出了新高度??-??在随处可见这里可以见到碧水贯街千万居彩虹跨河十七桥古朴民居????也可以感受两岸人家安且昌乌逢俨在画中航的江南水中画作??古镇中还有不少当地居民生活在此青砖灰瓦的古街小巷中仍保留着传统生活的痕迹2??昂桑湖原名暗桑湖据传因湖边曾有一棵古老的桑树而得名后来湖名被改为昂桑湖取意为昂贵的桑树始建于明代设计精巧由塘堤石桥石亭相间组成是沟通南北两岸交通及供船只躲避风浪的重要通道??集合地: 8:00曹杨路 8:30外环路 8:55松江体育中心地铁站?? 目的地: 浙江 绍兴 安昌古镇? 活动日期: 2025/01/19??徒步公里数3.5公里平路??徒步预计时间1小时???????适合年龄6-60岁行程安排D1天 上海 - 绍兴 - 上海8:00 第一集合点长城大厦星巴克地铁3411号线曹杨路站11号线从长城大厦4号口出来3号或4号线可以从6号出口出来过马路即可8:30 第二集合点外环路地铁站北2出口过天桥地铁1号线外环路站北2出口过新梅路天桥左手扶梯下天桥即可8:55 第三集合点松江体育中心地铁站2号口地铁9号线松江体育中心站重点松江站请大家准时到达然后耐心等待不要迟到因为只能人等车车到即走11:00左右游览古镇风光自由游览时间2.5小时安昌古镇是绍兴有名的四大古镇之一老街依河而建全长1747米河之南为民居河之北是商市两岸之间古桥相连河之南有带着顶棚的长廊遮阳挡雨各种传统特色的店铺作坊翻轩骑楼错落有致13:50 我们到达绍兴昂桑湖下车拍拍照开始整队休整过后我们开始徒步至狭(ang)犭茶(sang)湖这条路主要是休闲徒步路线途友们可尽情在桥上拍照15:00左右大巴已经在这里接我们了嘘嘘后上车返回预计17:30左右抵达上海回程先停松江再莲花路再停曹杨路用餐午餐路餐需自备,1,"年味,碧水贯街,彩虹跨河,古朴民居,两岸人家,乌逢俨在画中航,江南水中画作,当地居民生活,青砖灰瓦,古街小巷,传统生活的痕迹,昂桑湖,暗桑湖,古老的桑树,塘堤石桥石亭,沟通南北两岸交通,供船只躲避风浪",,
说是古镇不如说是小吃两条街这都是重复小吃没啥古镇的味道这是我能拍到的没有腊鸡腊鸭没有臭水沟的几张了有些大聪明觉得人千年古镇是推倒重建比不上到处都是酱鸡酱鸭的古镇更原生态安昌我是没机会拍到所谓的原生态了小红书友们拍的所谓推倒重建的倒是跟我印象中去过的挺贴合的转载几张图片供大家洗洗眼当然喜欢买酱鸡酱鸭的还是得去酱鸡酱鸭镇那边没有,1,"古镇原貌,商业水平不高,童年的梦",,
?? 江浙沪宝藏地大公开??Hey宝贝们五一假期的时候是不是去的地方都是人山人海的????? 来来来看看我精心挑选的18个江浙沪小众旅行地保证让你的pyq美照收获满满的赞????1??温州南麂岛???哇塞这里的海上草甸简直美到不行2??丽水时思寺??超有历史感的千年古寺感觉自己穿越了3??湖州新市古镇???烟火气满满的古镇小众但超有味道4??绍兴古纤道???运河边的古纤道人少景美拍照超有感5??桐庐大奇山???绿水青山完全不输九寨沟哦6??建德新叶古村??爸爸去哪儿的取景地千年古村太有感觉了7??宿迁洪泽湖????水上森林里坐木筏好特别的经历呀8??淮安白马湖??全是猫的治愈系猫岛猫奴必去9??桐乡濮院古镇??新晋古镇时尚与传统的完美结合1??0??绍兴安昌古镇??年味十足的古镇烟火气满满1??1??苏州三山岛??太湖中的避世小岛超级宁静哦1??2??绍兴羊石山城 ???徒步爱好者的天堂山清水秀1??3??常州露营谷???蘑菇屋民宿超级可爱少女心爆棚1??4??苏州甪直古镇??千年古镇风光绝对不输周庄1??5??常州峭壁悬宕???矿坑悬崖探险和露营的好去处1??6??苏州锦溪古镇??昆山的宝藏小众古镇美得让人心醉1??7??溧阳天路??彩虹公路驾车旅行的绝佳路线一路美景不断1??8??奉化应梦里??赛博朋克风格的游乐园科技感满满超酷的1??9??葛仙村??被孤独星球和国家地理联合推荐的一个充满灵气的神仙古镇快带上你的相机和好心情去这些小众旅行地探索一番吧????,9,"新市古镇,烟火气,小众,超有味道",,
且看且行天色晚古街小弄酒旗飘今天带来的是安昌古镇的第三期哈在安昌古镇没有高楼大厦更没有汽笛声声目光所及皆为独具江南水乡特色的民居??地点浙江省绍兴市柯桥区安昌古镇??相机佳能R6II镜头为24105构图思路仅供参考感谢观看 ??,8,"古街小弄,酒旗飘,高楼大厦,汽笛声声,江南水乡特色,民居",,
坐乌篷船听摇橹声看青石板路蜿蜒安昌的时光是水波里的倒影一半是千年前的江南一半是此刻的烟火人间,9,"乌篷船,摇橹声,青石板路,安昌,水波,倒影,江南,烟火人间",,
[拍立得R]古村镇包括古村落古镇古城等一直以来都是旅行的重要目的地它们体量虽小且承载了当地几百甚至几千年的文化历史无论江南水乡西南古寨还是北方古城都是本地风俗乃至族群变迁的最好诠释[种草R]但古村镇的商业化也难免让它们出现逐渐趋同的困境我们很难改变这种趋势但这不妨碍我们用心感受每个古镇呈现给我们的民俗文化建筑艺术和民族精神[打卡R]国内这样的文化宝地不仅有古镇还有村落古城等数量繁多于是打算按区域整理一下全国相对有代表性且值得专程探访的古镇村落和古城供热爱旅行的小伙伴们参考[飞机R]先从华东篇开始吧其他区域会陆续更新[火R]-[打卡R]上海5个:朱家角古镇免费1-2天新场古镇免费1天枫泾古镇免费1天七宝老街免费0.5-1天清溪老街免费0.5-1天-[打卡R]江苏9个:周庄苏州100元1-2天同里古镇苏州100元1-2天甪直古镇苏州55元1天木渎古镇苏州免费0.5天锦溪古镇苏州免费0.5-1天千灯古镇苏州免费1天惠山古镇无锡免费1天荡口古镇无锡免费1天西津渡镇江免费0.5天-[打卡R]浙江7个:乌镇嘉兴东栅110西栅150联票190元2天西塘嘉兴951-2天南浔古镇湖州免费1-2天新市古镇湖州免费0.5-1天安昌古镇绍兴免费1-2天慈城古镇宁波免费1-2天东沙古镇舟山免费1天-[打卡R]安徽8个:宏村黄山94元1-2天西递村黄山94元1-2天呈坎村黄山107元1天南屏村黄山45元1-2天徽州古城黄山60元1-2天三河古镇合肥免费1-2天查济古镇宣城旺季70淡季55元1-2天赤滩古镇宣城50元1天-[火R]其他区域清单陆续更新欢迎讨论&关注[火R]保持热爱奔赴山海[派对R]-,1,"古镇原貌,商业水平不高,童年的梦",,
1.与其说是个经典不如说它更像一个老的生活街区或者市集2.无门票 但是期待真别放太高了 跟乌镇这种一步一景的名镇还是相形见绌的 且里面的文化经典 绍兴师爷博物馆这种都是收费的逛的时候二楼不开放的 所以很快就看完了 没有几行字 也没有太多的藏品但来都来了看看没啥毛病 不然这一天更没法儿逛了3.说是不商业不网红但也是处处都是千篇一律的围炉煮茶4.如果你是一个食客就是来吃这些酱鸭酱鹌鹑肠这种当地特色的 来这里没毛病 如果你就是希望这是个没太开发的古镇想来主要看看江南景色 劝退5.建议游览时间 3h就吃吃逛逛 不能再多了6.关于美食推荐详见下一篇,3,"老的生活街区,市集,无门票,酱鸭,酱鹌鹑肠,当地特色,美食推荐",,
从绍兴黄酒的醇厚到安昌酱油的鲜美再到水乡社戏的韵味和嵊州竹编的巧夺天工绍兴这座古城非遗文化璀璨如星?来绍兴寻一场非遗之旅漫步古镇品味黄酒聆听社戏欣赏竹编穿越千年与历史对话去感受非遗文化的深厚底蕴和独特魅力??[一R]中国黄酒博物馆提到绍兴非遗相信每一个人心里第一个想到一定是绍兴黄酒作为中国黄酒的杰出代表其特色风味得益于绍兴的地域环境如水源湿度气温等客观因素但决定性因素则是独特的酿制技艺???????在中国黄酒博物馆你可以追溯黄酒的发展历史长河在酒艺厅领略酿造工艺还可以品味不同的黄酒体验手工彩绘[彩虹R]??地址越城区下大路557号[二R]仁昌酱园在安昌古镇酱油早已成为家家户户不可或缺的日常调味品而说到安昌酱油就不得不提老字号仁昌酱园仁昌酱园的制作工艺为纯手工酱园有酱缸 200余只一百多年来传统的手工技艺代代相传园内制酱技工滕军康系省级非遗代表性传承人仁昌酱油亦是省级酱油酿造技艺的传承基地????地址柯桥区安昌街道环镇南路安康派出所旁[三R]鲁镇社戏至于我在那里所第一盼望的却在到赵庄去看戏很多人对社戏的初印象来自鲁迅笔下的儿时回忆社戏中绍兴戏班演出多样以庙会戏为主常见于农村庆典迎神赛会和贸易集市其目的有求福佑保平安祈丰收逐瘟疫??现在的水乡社戏以鲁迅笔下的绍兴社戏为重要形式重现绍兴演社戏看社戏的民俗风情将原始社戏风貌和现代表演艺术结合为水乡社戏注入了新的活力????地址柯桥区柯桥大道518号柯岩风景区内[四R]大志然工艺竹编厂说起嵊州竹编那可是千年的传承与匠心独运的结晶早在唐宋时期匠人们便用当地的竹子编织出各式各样的生活用品那些篮子扇子都是生活的点滴记忆[流汗R]经过数百年的传承嵊州竹编如今已名扬四海成为了全国知名的手工艺品现代的竹编手艺人更是将传统与现代完美融合将古老的技艺与现代设计理念相结合创作出了一件件既传统又时尚的作品[举手R]??地址嵊州市黄泽镇前良村大志然工艺竹编厂,1,"古镇,黄酒,酱油,社戏,竹编,非遗文化,深厚底蕴,独特魅力,地域环境,酿制技艺,手工技艺,传统,现代设计理念",,
都在问五一去哪里人少景美分享我去过的18个宝藏地五一可以计划上啦1.温州南麂岛绝美的海上草甸2.丽水时思寺景宁千年古寺充满着历史感3.湖州新市古镇烟火气浓厚的小众古镇4.绍兴古纤道运河古纤道人少出片5.桐庐大奇山不输九寨沟的绿水青山6.建德新叶古村上过爸爸去哪儿的千年古村7.宿迁洪泽湖水上森林坐木筏8.淮安白马湖全是猫的治愈系猫岛9.桐乡濮院古镇最时尚的新晋古镇10.绍兴安昌古镇年味十足的烟火气古镇11.苏州三山岛太湖避世小岛12.绍兴羊石山城很适合徒步的奇山13.常州露营谷可爱的蘑菇屋民宿14.苏州甪直古镇不输周庄的千年古镇15.常州峭壁悬宕矿坑悬崖也很适合露营16.苏州锦溪古镇昆山又一宝藏小众古镇17.溧阳天路绝美的彩虹公路18.奉化应梦里赛博朋克游乐园,8,"新市古镇,烟火气,小众",,
安昌古镇位于绍兴市的柯桥始建于北宋时期后因战乱焚毁于明清时期重建建筑风格传承了典型的江南水乡特色其老街依河而建全长1747米河之南为民居河之北为商市两岸之间由各种古桥相连素有碧水贯街千万居彩虹跨河十七桥的美誉??地址绍兴市柯桥区安华北路安昌古镇??交通推荐自驾前往导航至安昌古镇1号停车场??门票进入古镇免费古镇内部分景点需要收费可购买50元的联票此处不推荐?? 美食酒酿馒头扯白糖安昌印糕各类酱货本人强推酱园的腐乳配泡饭绝了,8,"古镇原貌,商业水平不高,童年的梦",,
1.与其说是个经典不如说它更像一个老的生活街区或者市集2.无门票 但是期待真别放太高了 跟乌镇这种一步一景的名镇还是相形见绌的 且里面的文化经典 绍兴师爷博物馆这种都是收费的逛的时候二楼不开放的 所以很快就看完了 没有几行字 也没有太多的藏品但来都来了看看没啥毛病 不然这一天更没法儿逛了3.说是不商业不网红但也是处处都是千篇一律的围炉煮茶4.如果你是一个食客就是来吃这些酱鸭酱鹌鹑肠这种当地特色的 来这里没毛病 如果你就是希望这是个没太开发的古镇想来主要看看江南景色 劝退5.建议游览时间 3h就吃吃逛逛 不能再多了6.关于美食推荐详见下一篇,1,"老的生活街区,市集,无门票,酱鸭,酱鹌鹑肠,当地特色,没太开发,江南景色",,
??浙江绍兴安昌古镇在安昌我找到了时间暂停的魔法推开安昌的门便跌进了江南的旧时光青石板路蜿蜒向前乌篷船荡开碧水的褶皱廊棚下飘着酱香与黄酒香这座千年古镇把光阴酿成诗等你来看屋檐角云朵在黄酒坛里慢慢发酵若你遇见晾晒酱鸭的老伯请告诉他有人偷走了他屋檐下的黄昏,10,"安昌古镇,时间暂停,魔法,江南,旧时光,青石板路,乌篷船,碧水,廊棚,酱香,黄酒香,千年古镇,光阴,诗,屋檐角,云朵,黄酒坛,晾晒酱鸭,黄昏",,
你一句春不晚 我就到了真江南我觉得安昌的清晨更适合打卡,5,"春不晚,真江南,安昌,清晨",,
春天旅行到江南温婉的到苏州文雅的到绍兴??一条视频告诉你绍兴要怎么玩?????怎么去绍兴1??坐高铁绍兴北站??Tips绍兴北站目前还没通地铁哦坐地铁需要坐1号线大庆寺站的接驳车?630221015分钟一班2??杭州的小伙伴可以坐地铁直达绍兴哦??住宿选择绍兴老城区的地铁1号线沿线??景点多??选择多??交通方便??路线Day1??鲁迅纪念馆百草园三味书屋沈园东湖Day2??府山直街八 字桥书圣故里安昌古镇?Day1????鲁迅故里??游览路线鲁迅纪念馆-鲁迅故居三味书屋鲁迅祖居就像走进课本里真的很奇妙?8302100??免费但要预约哦??沈园?8001700??40??东湖??水杉林码头??秦桥??仙桃洞??喇叭洞??霞川桥??陶公洞??二号码头乘船??40包船??200?8001700??50??仓桥直街绍兴的南锣鼓巷满满的商业气息Day2????府山直街此起彼伏的叫卖声是热气腾腾的生活??八 字桥小桥流水乌篷船这里才是真实的绍兴??书圣故里小桥流水粉墙黛瓦可以拍汉服和簪花哦??路线老爷爷的书店墨池书圣故里躲婆巷咏梅诗廊蕺坊桥题扇桥??安昌古镇??乌篷船?8:00-16:30??40??古戏台旁和民俗风情馆旁??不回头游览路线正大门??清风第1廊??城隍殿??穗康钱庄??石雕馆??天官第米厂旧址??绍兴宣卷馆??师爷馆??安昌民俗风情馆??安康寺??中国银 行旧址??仁昌酱园??507个景点米厂旧址仁昌酱园免费参观???还有好多好吃的1??臭豆腐??王老汉臭豆腐2??面饽饽??朝秀早餐店3??糯叽叽??香又脆芝麻糖4??绍兴本地面??杭州佬面馆5??鱼圆水饺??老绍兴水饺6??绍兴本地菜??河埠头??丰乐饭店,1,"古镇原貌,商业水平不高,童年的梦,小桥流水,乌篷船,真实的绍兴,书圣故里,粉墙黛瓦,汉服,簪花,安昌古镇,古戏台,民俗风情馆,不回头游览路线,清风第1廊,城隍殿,穗康钱庄,石雕馆,天官第,米厂旧址,绍兴宣卷馆,师爷馆,安昌民俗风情馆,安康寺,中国银行旧址,仁昌酱园",,
Hi我是?,5,古镇原貌,商业水平不高,童年的梦
[太阳R]今天天气还挺好阴一早起床杭州东站????出发16块高铁到了绍兴北站大部分票价已经到了[二R][零R]20好像涨价了最近发现江浙沪高铁票都默默涨价[捂脸R]了不注意都没发现绍兴北站网约车乘车点离出站口真的挺远所以如果赶高铁出发还是多留点时间吧三十块钱打车到了鲁迅故里[拔草R]鲁迅故里需要门口扫码预约然后就可以刷身份证就可以进入了三味书屋就不需要再预约了直接刷身份证就可以进入了师爷馆徐渭艺术馆??也都可以直接刷身份证进入有时间都可以逛逛????仓桥直街我觉得也就随意走走吧没什么特别的在这边喝了一杯热黄酒奶茶[一R][五R]一杯不算便宜热的是有酒味飘出来的有兴趣的可以试试没什么特别的小吃看自己心情尝试吧[弱R][弱R]安昌古镇结束了绍兴的行程就坐地铁到了越州大道地铁站B1出口打车15左右到了安昌古镇人流还是挺多的古镇也挺大可以慢慢走但是我还是不推荐大家去因为真的很无聊??整个镇子没什么小吃臭豆腐萝卜饼梅花饼一些腊肉腊肠蒸还有馄饨隔几米就能看到这些吃的其他的无然后就是一些杂货铺卖菜干笋干的卖酱鸭的很重复的店铺然后就是小菜馆茶馆等等整个古镇就差不多是这些了可能我逛古镇更希望有一些特色小吃吧安昌古镇完全没有所以不推荐专门去的,1,"古镇原貌,商业水平不高,童年的梦",,
人少商业化程度低这种话听听就算了其他知名古镇有的毛病它一样都不缺而且因为河道清淤需要抽水河床裸露好多天有点影响游玩体验?作为江南土著我对古镇的审美阈值比较高能在里面逛上5小时主要是因为吃了一餐+游了所有收费场馆因为没有很高期待所以也不觉得失望?分享一下??废话/假话的攻略?[一R]进入古镇免费游览场馆收费进入古镇不需要??实测也不需要预约因为景区其实只是夹在居民区里的沿河两侧狭长的一截(图15-16)没围起来从哪都能进去(??停车的地方也很多)?收费的是里面6个场馆城隍殿中国银行旧址穗康钱庄石雕馆(宣卷馆)绍兴民俗风情馆绍兴师爷博物馆联票50r各场馆门票??见图17??优惠政策见图18?这些场馆我基本都进去逛了会尽快再出一个笔记介绍里面都有什么值不值得进去玩你??完就能决定要不要买联票了欢迎关注?[二R]美食??但值得推薦的不多印糕(图11)吃了?10r/4块可选4种口味多买几盒可讲价5?好评外皮软糯馅儿甜而不腻不过印糕要趁热吃(划重点)?黄酒棒冰(图12)吃了?8r/根3.5?还行确有黄酒味除此之外就是根不难吃的绿豆雪糕这个并非古镇特色绍兴市内市价5r/根?南瓜花(图13)吃了?4r/个买之前就看人说没有很好吃但没吃过想尝尝结果确实一般?酒酿馒头(图14)吃了?2r/个3.5?还行有款常吃的速冻酒酿馒头在松软度和甜味上都胜过它?功夫醉鹅吃了?4?不错卤味很赞这个应该不是绍兴菜绍兴的醉物是用黄酒作调料的?没在古镇吃腊肠和酱鸭就不评价了?[三R]游客不少??无人照片却也不难沿河两侧都是食肆和店铺工作日白天也是熙熙攘攘节假日想必摩肩接踵想要拍到无人的照片需要赶早或在?12:30-2:00之间可能过了午市旅游团走了吧感觉景区一下子空了?除了常见的桥头&船上师爷馆(图2)民俗馆(图3)穗康钱庄(图4)里弄(图5)??拍古装天官第(图6-7)仁昌酱园(图8)某些街边小店(图9&封图)也很出片哪怕是一个党建广场上的戏台飞檐也蛮好看(图10)?字数所限评论区见有问必答,1,"古镇,河道,河床,江南,审美,吃,游览,场馆,免费,收费,联票,美食,印糕,黄酒棒冰,南瓜花,酒酿馒头,功夫醉鹅,卤味,腊肠,酱鸭,游客,无人照片,桥头,船上,师爷馆,民俗馆,穗康钱庄,里弄,古装,天官第,仁昌酱园,街边小店,党建广场,戏台,飞檐",,
Hi我是爱旅行的森屿走过很多座大大小小的春日小城唯独让我最喜欢的小城终于出现了这就是绍兴这座城市春天来绍兴旅游真的太惬意啦这篇超详细攻略快点赞收藏~-??旅游线路Day1抵达绍兴入住酒店鲁迅故里感受鲁迅笔下的童年乐园Day2安昌古镇鉴湖里体验水乡韵味赏千亩油菜花Day3西施故里旅游区返程-?必打卡景点1??鲁迅故里课本同款百草园迎来满园春色油菜花和芥菜生机勃勃石井栏皂荚树都能找到实物沉浸式感受大先生的童年时光2??安昌古镇始建于北宋河道千年流淌17座古桥横跨两岸乘坐乌篷船品尝手工酒酿扯白糖还能参观有100多年历史的仁昌酱园3??鉴湖里水面烟波缥缈三月的千亩油菜花绚烂绽放花香扑鼻还能品尝到鲜美河虾和有嚼劲的手工挂面4??西施故里旅游区踏入这里就走进了西施的传说浣纱石仍在江边仿佛能瞥见那位沉鱼女子的裙裾街头巷尾的次坞打面汤少料多鲜味十足-??交通攻略外地游客可先到杭州再选择高铁地铁或打车前往绍兴在绍兴共享单车和电动车随处可见出行超便捷-??住宿推荐推荐住在鲁迅故里仓桥直街或书圣故里附近出行方便周边美食也多-??其他Tips?鲁迅故里需提前在绍兴市文旅集团GZH??预约最好提前一星期?安昌古镇酱货飘香可按需购买?春季绍兴多雨记得携带雨具哦~,9,"绍兴, 春天, 惬意, 鲁迅故里, 童年乐园, 安昌古镇, 水乡韵味, 千亩油菜花, 西施故里旅游区, 浣纱石, 次坞打面, 仁昌酱园, 鉴湖里, 烟波缥缈, 花香扑鼻, 鲁迅笔下, 百草园, 童年时光, 古镇, 河道, 古桥, 乌篷船, 手工酒酿, 杭州, 高铁, 地铁, 共享单车, 电动车, 仓桥直街, 书圣故里, 雨具",,
??天官第-古中带新天官第位于浙江省绍兴市柯桥区安昌古镇内原为清康熙年间进士吏部郎中沈氏旧时宅第而当时进士吏部郎中又被称为天官故名曰天官第天官第的原貌早已湮没于历史长河先是被太平军损毁又是被国家征作粮仓1954年74年二度拆建而后又成为了浙江绍兴第三粮油食品厂??古宅难逃厄运文化却可传承一方水土孕育一方文化才华和聪颖不只是家族传承也可以地域熏陶智慧的安昌人小心翼翼地修缮着先辈留下来的文化财富今年天官第酱米工坊开园了以工业旅游的模式向游客展示了酱制工艺和稻米制品工艺的文化??2020年末影子空间设计事务所受邀为天官第文创园打造VI视觉导视系统事务所以建筑师规划师等不同的角度审视整个园区后选取了祝福与新生作为整个园区的主题译名Blessed Residence采用靛蓝色作为品牌的主色秋香色与浅灰蓝作为辅助色建立整个视觉系统的标准色静谧的颜色与内敛的字体赋予了园区视觉系统的新生希望通过事务所针对天官第视觉系统的升级让品牌更强的年轻感与亲切感与古镇一起在新时代中生长原创设计?版权归,9,"天官第,古中带新,文化传承,一方水土,家族传承,地域熏陶,智慧,安昌人,小心翼翼,修缮,先辈,文化财富,天官第酱米工坊,工业旅游,酱制工艺,稻米制品工艺,文创园,VI视觉导视系统,祝福,新生,品牌,年轻感,亲切感,古镇,新时代,生长,原创设计",,
"躺尸在相机里有好段时间的视频了,素材是春节前拍的一直没时间减,直到最近回到家基本都是眼花状态.......脑汁全无,所以打算做点暂时停止探索学习方向,把之前出游拍摄的素材剪掉,一来当个缓冲二来相当于记录下生活吧,再放都要忘记去玩的感觉了.......?",4,"相机,视频,素材,春节,时间,回家,眼花,脑汁,停止,探索,学习,方向,出游,拍摄,缓冲,记录,生活,忘记,感觉",,
???建德?游玩路线?????严州古城+新安江+大慈岩悬空寺?小众体验??玉泉寺俯瞰小重庆雾锁江城晨雾与古城交叠如水墨画??打卡风味人间同款九姓鱼宴豆腐包咬开爆汁三都麻糍裹芝麻香到迷糊????丽水?游玩路线?????松阳古堰画乡云和梯田缙云仙都?小众体验??松阳古村陈家铺/杨家堂住夯土民宿喝先锋书店云端咖啡仿佛住进国家地理封面??景宁畲乡穿凤凰装吃山哈大席长桌宴看畲族婚嫁非遗表演??遂昌金矿公园乘复古小火车穿越唐代金窟寻宝?吃货体验缙云烧饼景宁乌米饭丽水泡精肉????湖州?游玩路线?????长兴上下渚湖南浔古镇?小众体验??顾渚茶文化村包栋农家乐人均100+包吃住挖冬笋做青团围炉烤年糕??德清下渚湖解锁朱鹮明信片乘摇橹船穿越芦苇迷宫??莫干山住进山林间露台看星空清晨被竹林鸟鸣唤醒?吃货体验太湖三白新市茶糕????绍兴?游玩路线?????鲁迅故里安昌古镇柯岩?小众体验??安昌古镇坐乌篷船船头挂酱鸭腊肠船尾飘黄酒香偶遇水乡社戏??叶家堰村拍水上威尼斯大片乌篷船划过石桥倒影如诗??鲁镇夜游看祝福情景剧阿Q祥林嫂NPC穿梭街头沉浸式穿越鲁迅文学世界?舌尖暴击醉蟹奶油小攀仓桥直街的臭豆腐?????衢州?游玩路线?????水亭门城墙孔庙红墙北门老街天王塔?小众体验??仙霞湖晨雾中拍渔舟唱晚茶坪村百年土灶炖一锅辣味山珍?吃货体验鸭头兔头烤饼夹臭豆腐香臭二重奏水晶糕????宜兴?游玩路线?????蜀山古南街陶二厂云湖?小众体验??大觉寺抄经静心700年古刹许下新年愿??龙背山森林公园吸氧竹林深处偶遇野生梅花鹿???蜀山古南街听老师傅讲紫砂故事?吃货体验周震馄饨和桥豆腐花乌米饭,9,"新市古镇,茶糕",,
奈何江南入我心,8,江南,,
青石板乌篷船腊味飘香这里才是江南最慵懒的模样??? 坐一次乌篷船摇摇晃晃穿过水乡的晨雾?? 尝一根安昌腊肠咸香里藏着老绍兴的味道?? 走一走三里长街看老手艺人在廊棚下扯白糖没有过度商业化的喧嚣只有晒酱鸭的竹竿吱呀的木门和晒太阳的猫???? 绍兴  安昌古镇?? 免费部分景点需门票?? 最佳拍摄点清风桥仁昌酱园沿河长廊,9,"青石板,乌篷船,腊味,江南,慵懒,乌篷船,水乡,晨雾,安昌腊肠,老绍兴,三里长街,老手艺人,廊棚,扯白糖,过度商业化,晒酱鸭,竹竿,木门,晒太阳的猫,安昌古镇",,
春风荡漾小桥流水古镇散策慢慢的感觉古镇淳朴的样子解锁了母子酱油的制作和由来这是个以酱油酿造而为人知的古镇,8,"春风,小桥,流水,古镇,散策,慢慢,淳朴,母子酱油,制作,由来,酱油酿造",,
说起腊肉古镇绍兴人第一想到的就是安昌古镇吧安昌古镇的特色美食有许多呢??首先酱货是一定要尝尝的比如安昌香肠酱鸭和酱鹌鹑这些美食都体现了古镇独特的酱制工艺??古镇的霉干菜和黄酒也是很有特色的但是黄酒棒冰不是很好吃霉干菜饼和藕粉酥等传统甜点味道还行??像扯白糖龙须糖这些传统小吃也都是不可错过的美味如果喜欢小糕点的话那安昌印糕香糕绿豆糕桃花酥等一定合你的口味当然啦绍兴臭豆腐也是一定要尝尝的外皮酥脆内里多汁再蘸上辣椒酱味道简直让人欲罢不能总之安昌古镇的美食多到数不完快来亲自体验吧,8,"酱货,安昌香肠,酱鸭,酱鹌鹑,酱制工艺,霉干菜,黄酒,传统甜点,扯白糖,龙须糖,传统小吃,安昌印糕,香糕,绿豆糕,桃花酥,小糕点,绍兴臭豆腐",,
安昌古镇比人造的强太多了毕竟这是原汁原味的大部分都是原住民不划船不进一些小景点只是在古镇溜达是不用买门票的要是想坐乌篷船和进一些经典需要下午4点30分前就要溜达完要不就都关门啦,8,"安昌古镇,原汁原味,原住民,不用买门票",,
越接近过年就越想去一次充满浓浓年味的地方这下被我找到了??安昌古镇一个年味儿在这里得到了具象化的地方??一走进古镇那些年味的气息就开始飘散出来了哦不那是腊味??河两岸都挂着一串串红彤彤的腊肠??酱鸭鱼干的腊味年货看起来就很有食欲??古街两边是一家家传统的老店卖着各种各样的年货和小吃??屯了绍兴黄酒??和印糕??准备带回去听说这是安昌古镇蕞受欢迎的美食??在街边还吃了扯白糖和酒酿馒头非常好吃值得一品??到了晚上古镇的红灯笼??都亮了起来整个古镇都照得红彤彤??的非常好看年味十足啊??提着灯笼和我朋友走在街上感觉我们也融入到了这浓浓年味里??如果你还没感受到这股浓浓的年味??那就赶紧来古镇逛逛吧会让你不虚此行的?? ,10,"年味, 古镇, 腊味, 腊肠, 酱鸭鱼干, 年货, 小吃, 绍兴黄酒, 印糕, 掰白糖, 酒酿馒头, 红灯笼",,
今日绍兴一游赶场了安昌古镇和柯桥古镇因为之前去过鲁迅故里今天就没去安昌古镇古色古香更加热闹柯桥古镇河道贯穿古镇更年轻化,7,"古色古香,热闹,河道贯穿,更年轻化",,
桥下流水皱屋前桐叶黄今天带来的是安昌古镇的第七期安昌古镇不只有白天还有夜景的也别有一番风味可惜傍晚回去了有机会以后再拍??地点浙江省绍兴市柯桥区安昌古镇??相机佳能R6II镜头为24105构图思路仅供参考感谢观看 ??,1,"桥下流水,屋前桐叶,安昌古镇,夜景,别有一番风味",,
水乡的晨原生静谧,8,"水乡,晨,原生,静谧",,
[福R]冬日安昌古镇静谧而古朴仿佛一幅淡雅的水墨画踏着青石板路两旁是斑驳的木门与雕花窗棂岁月在这里缓缓流淌[气球R]古镇的小河上乌篷船悠悠划过船夫摇橹的动作与水面的涟漪构成了一幅生动的画面沿街的老字号店铺里酱鸭腊肠挂满屋檐香气扑鼻让人垂涎[太阳R]阳光透过稀疏的云层洒在石板路上暖意融融偶遇几位老人在巷口晒太阳话家常那份闲适与满足让人心生羡慕漫步其间不觉时光流逝只愿这份宁静美好能定格永恒[星R]安昌古镇的冬日没有喧嚣只有那份淡淡的温暖人心的力量让人流连忘返,9,"冬日,静谧,古朴,水墨画,青石板路,木门,雕花窗棂,岁月,小河,乌篷船,船夫,摇橹,涟漪,老字号店铺,酱鸭,腊肠,香气,阳光,云层,石板路,暖意,老人,巷口,晒太阳,话家常,闲适,满足,宁静,美好,永恒,温暖人心,力量,流连忘返",,
去的那天人不多天气先阴后晴一个人走走停停坐在河边发呆看山看水??xt5,8,"人不多,天气先阴后晴,走走停停,坐在河边发呆,看山看水",,
古镇的下午阳光格外温暖游客也不多夜晚的灯光绚丽而不喧闹清静又舒适,9,"古镇,下午阳光,温暖,游客不多,夜晚灯光,绚丽,不喧闹,清静,舒适",,
秋冬季节的安昌古镇美如画白墙黑瓦在晨雾里朦胧腊肠飘香乌篷船摇曳更似梦幻之境,10,"安昌古镇,白墙黑瓦,晨雾,腊肠飘香,乌篷船,梦幻之境",,
??绍兴安昌古镇不踩雷全攻略江南最后的枕水人家一键解锁酱香里的慢时光???交通指南??自驾杭州/上海出发约1.5h导航安昌古镇停车场5元/4h??高铁绍兴北站打车15分钟约20元or 公交818路直达??景区免费仅师爷馆等小景点需门票联票40元??必打卡场景1??仁昌酱园舌尖拍摄地??2000+酱缸矩阵出片??体验古法酱油冰淇淋2??清风第一廊??1.7公里临河长廊看乌篷船欸乃而过3??师爷博物馆??解密绍兴师爷文化4??城隍殿码头??50元/船可坐3人感受水乡摇橹5??古桥巡礼??17座宋明清古桥重点拍福禄/万安/如意三桥??美食红黑榜?必吃??安昌腊肠10元/串认准陈/齐两家??酒酿馒头孝店王夹梅干菜肉绝配??南瓜花5元豆沙流心颜值担当??黄酒棒冰6元带糯米的更香醇??臭豆腐10元酥脆爆浆?避雷??景区入口高价饭店??批量生产的所谓手工糕点?行程建议??半日精华游游客中心仁昌酱园城隍殿乘船清风廊漫步师爷馆美食街??一日深度游上午拍晨雾+坐船中午临河餐馆下午体验箍桶/扯白糖非遗傍晚拍夕阳剪影??出片秘籍?最佳时间7:00-9:00晨雾/16:00-18:00夕阳??穿搭建议浅色旗袍/汉服+油纸伞??机位??酱园晒场对角线构图??廊棚下用灯笼当前景??万安桥俯拍流水人家??本地人Tips1??腊月来最佳满街挂满腊味年货建议12月-1月2??自驾建议停镇人民政府免费停车场3??买伴手礼认准仁昌酱园酱油宝林酒坊黄酒4??非节假日餐馆人均40就能吃地道绍兴菜收藏这篇带你穿越回鲁迅笔下的江南?古镇石板路记得穿平底鞋哦,9,"古镇,石板路,晨雾,夕阳,腊味年货,鲁迅,江南,古镇原貌,商业水平不高,童年的梦",,
标题党了绍兴安昌古镇年味越来越近了春节的气息悄悄来临绍兴安昌古镇?,6,古镇原貌,商业水平不高,童年的梦
Hi我是爱旅行的森屿走过很多座大大小小的春日小城唯独让我最喜欢的小城终于出现了这就是绍兴这座城市春天来绍兴旅游真的太惬意啦这篇超详细攻略快点赞收藏~-??旅游线路Day1抵达绍兴入住酒店鲁迅故里感受鲁迅笔下的童年乐园Day2安昌古镇鉴湖里体验水乡韵味赏千亩油菜花Day3西施故里旅游区返程-?必打卡景点1??鲁迅故里课本同款百草园迎来满园春色油菜花和芥菜生机勃勃石井栏皂荚树都能找到实物沉浸式感受大先生的童年时光2??安昌古镇始建于北宋河道千年流淌17座古桥横跨两岸乘坐乌篷船品尝手工酒酿扯白糖还能参观有100多年历史的仁昌酱园3??鉴湖里水面烟波缥缈三月的千亩油菜花绚烂绽放花香扑鼻还能品尝到鲜美河虾和有嚼劲的手工挂面4??西施故里旅游区踏入这里就走进了西施的传说浣纱石仍在江边仿佛能瞥见那位沉鱼女子的裙裾街头巷尾的次坞打面汤少料多鲜味十足-??交通攻略外地游客可先到杭州再选择高铁地铁或打车前往绍兴在绍兴共享单车和电动车随处可见出行超便捷-??住宿推荐推荐住在鲁迅故里仓桥直街或书圣故里附近出行方便周边美食也多-??其他Tips?鲁迅故里需提前在绍兴市文旅集团GZH??预约最好提前一星期?安昌古镇酱货飘香可按需购买?春季绍兴多雨记得携带雨具哦~,1,"绍兴, 春天, 惬意, 鲁迅故里, 童年乐园, 安昌古镇, 水乡韵味, 千亩油菜花, 西施故里旅游区, 浣纱石, 次坞打面汤, 鉴湖里, 烟波缥缈, 花香扑鼻, 乌篷船, 仁昌酱园, 石井栏, 皂荚树, 百草园, 生机勃勃",,
江苏1. 苏州东山陆巷古村明代宰相王鏊故里明清建筑群保存完好年俗融合太湖渔家与士族文化?????必体验* 抬猛将巡游村民抬神像绕村祈福驱邪纳吉锣鼓喧天* ?碧螺春茶宴用明前茶入菜年夜饭必吃太湖三白2. 南通余西古镇盐运河畔千年盐商古镇年俗充满咸味仪式感?????必体验* 盐仓祭灶用盐堆成灶王山撒盐驱晦气* 提灯夜游古盐道浙江3. 宁波前童古镇家家雕梁户户活水元宵行会全国罕见?????必体验* 元宵灯会四天四夜抬鼓亭龙舟灯巡游童氏子孙全员参与* 前童三宝宴老豆腐空心豆腐香干搭配自制糯米酒4. 绍兴安昌古镇碧水贯街千万居彩虹跨河十七桥腊月风情冠绝江南?????必体验* 腊月风情节扯白糖灌腊肠晒酱鸭空气弥漫酱香* 乌篷船送祝福船夫戴毡帽唱祝福小调向两岸抛洒糖果5. 金华诸葛八卦村诸葛亮后裔聚居地年俗暗含八卦阵法玄机?????必体验* 八阵图灯阵按八卦方位布灯村民穿行祈福消灾* 诸葛家宴孔明锁造型糕点卧龙菜上海6. 青浦练塘古镇高屋窄巷对街楼小桥流水处人家陈云故里的红色年味?????必体验* 茭白宴年夜饭茭白雕花冷盘油焖茭白搭配本地米酒* 评弹贺岁老茶馆里听玉蜻蜓元宰迎母吴侬软语贺新春江浙交界7. 湖州新市古镇运河商埠古镇年俗混搭蚕桑文化与财神信仰?????必体验* 蚕花庙会选蚕花娘娘抛洒蚕花寓意蚕茧丰收* 吃元宝茶青橄榄泡绿茶8. 嘉兴乌镇横港村避开乌镇西栅人潮体验未被改造的原始水乡年?????必体验* 烧田蚕田间烧稻草祈福火星如蚕花漫天* 船拳表演渔民在摇橹船上打拳展现水上武功皖浙交界9. 安徽绩溪龙川村胡氏宗祠所在地徽州年俗集大成者?????必体验* 嬉鱼灯**百米长龙灯穿行古村鱼灯象征鲤鱼跃龙门* 食一品锅,9,"运河商埠,古镇年俗,混搭,蚕桑文化,财神信仰,蚕花庙会,选蚕花娘娘,抛洒蚕花,寓意蚕茧丰收,吃元宝茶,青橄榄泡绿茶",,
??安昌古镇是绍兴有名的四大古镇之一其建筑风格传承了典型的江南水乡特色一衣带水古朴典雅被称为活着的古镇始建于北宋时期是绍兴师爷的故乡最有特色的是安昌的小桥其中最著名的是名为福禄万安如意这三座桥古镇人家嫁女儿时都要走全三桥古镇中有17座古桥有着碧水贯街千万居彩虹跨河十七桥的美誉??这里的市井烟火气让人着迷沿河的三里街市还保留着质朴的生活气息错落有致的翻轩骑楼古老的台门弄堂形态各异的拱桥石梁历经漫长的岁月风貌古朴依旧???开放时间全年全天??门票免费内部部分景点购票参观??地址绍兴市安昌镇??交通??公交可在绍兴城区乘118路公交车到柯桥区安昌古镇在安昌大酒店站下车过条马路就是古镇每8-10分钟一班票价2元 也可以在柯桥城区乘805806816等路车直达每10-15分钟一班票价1元??自驾从沪杭甬高速公路柯桥出口下约5公里到柯桥区安昌街道??动车绍兴北站原绍兴柯桥站离安昌古镇的距离是5.7公里从杭州东站出发到绍兴北站大概10分钟左右?,1,"江南水乡,古朴典雅,活着的古镇,北宋,绍兴师爷,小桥,福禄万安如意,市井烟火气,质朴,生活气息,翻轩骑楼,台门弄堂,拱桥石梁,风貌古朴",,
时间2025年3月12日到2025年3月17日交通高铁??往返住宿绍兴鲁迅故里奇遇?陶然酒店(仓桥直街店)行程安排第一天阴雨高铁??到达入住后已将近下午四点了所以只安排了相对边缘位置的犭央犭茶湖避塘图1第二天阴雨??鲁迅故里景区图2从百草园到三味书屋蹭导游的快乐????沈氏园图3白天游客不多整体园子不算惊艳听说夜游会有表演互动性更强??八字桥图4照片非同一天拍摄古代立交桥古人的智慧??西小路饭后骑小黄车路过城市广场图5第三天   阴雨??书圣故里景区图6先爬了个蕺山-故里内景点-蔡元培故居装修停止进入-孑民图书馆蕺山上的文笔塔登顶环顾整个绍兴市算意外收获打卡奶油小攀面饽饽印糕黄酒奶茶老爷爷书店???瓜渚湖图7?  导航至瓜渚湖东岸公园樱花预计三月底开湖边郁金香??真的不错到时樱花开了和郁金香同框会更好???安昌古镇图8傍晚到的还能看个古镇亮灯可能是淡季缘故到古镇的时候仁昌酱油已暂停营业自助买了个酱油冰淇淋???迎恩门风情街图9第四天   阴雨???柯岩风景区没有买船票慢慢逛8字路线值回票价[doge]柯岩图10主要是天工大佛和云骨蹭个研学班边逛边听鉴湖图11环湖风景不错鲁镇图12淡季逛鲁镇缺乏互动性第五天  多云间晴有阵雨???府山公园图13???黄酒小镇图14解锁了蒸双臭越酿工坊的甜酒酿不错?爱心树机位很出片???塔山集齐了绍兴市区三山蕺山府山塔山三塔文笔塔大善塔应天塔??绍兴博物馆??上大路图15第六天???东湖图16传说中的大盆景也是被航拍吸引来的?先走了没人走的上山路线绝对要避雷[暗中观察R]因为上面除了有一片茶园往下看几乎什么都看不见下来要等免费摆渡船接到对岸乌篷船只多看一个从外面看不到的陶公洞坐井观天喇叭洞和仙桃洞还不如岸边看的清楚而且乘船也没讲解匆匆而过整个景区实际不大个人觉得性价比不算高?午饭后又穿过??仓桥直街图17照片非同一天拍摄在绘景轩买了一坛酒乳黄酒拿铁和毛茸茸的臭豆腐[害羞R]下午高铁??返程总之绍兴适合慢慢逛喜欢雨后香樟树的味道...,1,古镇原貌,商业水平不高,童年的梦
总要下一趟真江南吧48h反向旅游之绍兴深度游2025.03.31 ??,7,"真江南,反向旅游,绍兴深度游",,
时间2025年3月12日到2025年3月17日交通高铁??往返住宿绍兴鲁迅故里奇遇?陶然酒店(仓桥直街店)行程安排第一天阴雨高铁??到达入住后已将近下午四点了所以只安排了相对边缘位置的犭央犭茶湖避塘图1第二天阴雨??鲁迅故里景区图2从百草园到三味书屋蹭导游的快乐????沈氏园图3白天游客不多整体园子不算惊艳听说夜游会有表演互动性更强??八字桥图4照片非同一天拍摄古代立交桥古人的智慧??西小路饭后骑小黄车路过城市广场图5第三天   阴雨??书圣故里景区图6先爬了个蕺山-故里内景点-蔡元培故居装修停止进入-孑民图书馆蕺山上的文笔塔登顶环顾整个绍兴市算意外收获打卡奶油小攀面饽饽印糕黄酒奶茶老爷爷书店???瓜渚湖图7?  导航至瓜渚湖东岸公园樱花预计三月底开湖边郁金香??真的不错到时樱花开了和郁金香同框会更好???安昌古镇图8傍晚到的还能看个古镇亮灯可能是淡季缘故到古镇的时候仁昌酱油已暂停营业自助买了个酱油冰淇淋???迎恩门风情街图9第四天   阴雨???柯岩风景区没有买船票慢慢逛8字路线值回票价[doge]柯岩图10主要是天工大佛和云骨蹭个研学班边逛边听鉴湖图11环湖风景不错鲁镇图12淡季逛鲁镇缺乏互动性第五天  多云间晴有阵雨???府山公园图13???黄酒小镇图14解锁了蒸双臭越酿工坊的甜酒酿不错?爱心树机位很出片???塔山集齐了绍兴市区三山蕺山府山塔山三塔文笔塔大善塔应天塔??绍兴博物馆??上大路图15第六天???东湖图16传说中的大盆景也是被航拍吸引来的?先走了没人走的上山路线绝对要避雷[暗中观察R]因为上面除了有一片茶园往下看几乎什么都看不见下来要等免费摆渡船接到对岸乌篷船只多看一个从外面看不到的陶公洞坐井观天喇叭洞和仙桃洞还不如岸边看的清楚而且乘船也没讲解匆匆而过整个景区实际不大个人觉得性价比不算高?午饭后又穿过??仓桥直街图17照片非同一天拍摄在绘景轩买了一坛酒乳黄酒拿铁和毛茸茸的臭豆腐[害羞R]下午高铁??返程总之绍兴适合慢慢逛喜欢雨后香樟树的味道...,1,古镇原貌,商业水平不高,童年的梦
Hey小伙伴们今天带你们走进一个隐藏版的江南水乡绍兴安昌古镇??这里没有乌镇西塘的喧嚣却有着最地道的江南风情和浓浓的生活气息安昌古镇位于绍兴市柯桥区是一座有着千年历史的古镇这里的古桥古街古民居仿佛都在诉说着古老的故事漫步在青石板铺就的小巷两旁是保存完好的明清建筑古色古香仿佛穿越回了那个年代最让人心动的是这里的居民依然保持着传统的生活方式你可以看到老奶奶在河边洗衣服老爷爷在门口晒太阳生活节奏慢得让人羡慕而且这里的特色小吃也是一绝安昌腊肠酱鸭臭豆腐每一样都让人垂涎三尺??如果你厌倦了城市的喧嚣想要寻找一份宁静那么安昌古镇绝对是你的不二之选来这里放慢脚步感受江南水乡的独特魅力吧以上文案由deepseek自主生成但实际上和我想要撰写的大部分一致古镇的停车场很大比较好停车天气好的时候去那里逛逛挺好沿街售卖的大多是小吃且价格都很实惠味道不大踩雷可以放心购入这次没有进入需要收费的景点展览馆那些只逛古镇就已经相当舒适了不过中老年人可能还是会觉得有点商业化浓厚我个人体感是还好?,8,"隐藏版,江南水乡,绍兴安昌古镇,喧嚣,地道,江南风情,生活气息,千年历史,古桥,古街,古民居,古老的故事,青石板,小巷,明清建筑,古色古香,传统的生活方式,河边洗衣服,门口晒太阳,生活节奏慢,特色小吃,安昌腊肠,酱鸭,臭豆腐,城市的喧嚣,宁静,停车场,价格实惠,味道不大踩雷,舒适,商业化",,
鲁迅IP形象好可爱哈哈哈在三味书屋看到了早字安昌古镇也去转了一圈比绍兴市人少多啦扬州何园个园还有瘦西湖也好美[哇R],9,"鲁迅IP形象,三味书屋,早字,安昌古镇,人少,扬州何园,个园,瘦西湖",,
最后一天喽今天行程比较简单 下午就回上海了上午去的大禹陵~羸弱的人不想爬九百多阶台阶于是随便拍拍和好朋友们写了许愿牌在许愿池里投了硬币下午去了好远好远的安昌古镇看不懂 全是猪头肉和鹌鹑肉就这古镇我竟然还是第二次来了好吧 买了根见了无数遍的黄酒棒冰 也算来过了貌似回去就要高三了,4,"古镇,黄酒棒冰",,
安昌民间灌腊肠的传统始于明朝明嘉靖年间当时镇上一位大户人家的老爷好食肉类久而久之雇佣的厨子因变化不出新的烹制方法而被屡屡辞退新来的王丫环情急之中将日常做菜留下的猪下水和肉末做成的本留给自己食用的肉肠拿出不料老爷食后大喜厨师得以留用一传十十传百王丫环用猪肉灌肠的事很快传遍安昌的街头巷尾老百姓纷纷效制作为过年招待亲友的必备菜因腊肠又香又长又圆也取意岁岁团圆?,8,"安昌, 腊肠, 明朝, 明嘉靖年间, 大户人家, 老爷, 厨子, 王丫环, 猪下水, 肉末, 肉肠, 街头巷尾, 老百姓, 过年, 亲友, 必备菜, 岁岁团圆",,
它就是酱油-天气渐冷?又到了绍兴人开始做酱货的时候尤其是走在安昌古镇????到处都飘满了酱香味~而这些美味??就来源于仁昌酱园里独特的制作技艺-??仁昌酱园始建于清朝光绪18年距今已经有一百多年的历史如今被列为浙江省非遗传承基地??-酱园里排列着上百支硕大的酱缸可以零距离参观晒酱制酱过程运气好的话还能见到工人开盖搅拌??-参观完酱园还可以逛逛古镇老街品尝酱货感受安昌特有的水乡风情?-?仁昌酱园???地址环镇南路安昌镇7号安昌古镇内??开放时间07:30-17:30??门票免费-?安昌古镇???地址绍兴市柯桥区安华北路安昌古镇??开放时间全天??门票古镇大门票免费古镇内景点联票40r/人??出行绍兴地铁1号线中国轻纺城站直接打车15分钟抵达或乘坐公交816/805路-,9,"酱香味,仁昌酱园,独特制作技艺,浙江省非遗传承基地,上百支硕大酱缸,零距离参观,晒酱制酱过程,工人开盖搅拌,古镇老街,酱货,水乡风情",,
公交地铁花费120分钟从市中心到上海最边缘的古镇老街逛逛位于奉贤的青溪老街被许多游客吐槽最多的老街古镇诸如根本不能和青浦朱家角金山枫泾古镇南汇新场古镇同日而语是一个彻头彻尾的新建假古镇作为一个古镇爱好者已去过上海大部分古镇苏州的木渎周庄锦溪黎里绍兴的安昌古镇桐乡乌镇相比之下青溪老街的确显得体量小甚至商业氛围也一般距离市中心交通不便西街区有知名书法家张弼的功德牌坊张弼的一首陶溪八景总咏流传至今让后人心向往之这处牌坊如今是非移动文物矗立在一隅似乎默默地述说着当年青溪文化的辉煌青溪体量虽小但一步一景整个老街依然有当地原住民居住在此傍河依水喧嚣中夹杂着宁静老街上的屋里厢汤圆店生意最好味道最好奉贤阿姨说他们是水磨粉制作五元一只选了黑芝麻口味果然香糯一尺花园是一定要光顾的因为园中景是一大特点曲径通幽非周末来青溪老街享慢生活的游客络绎不绝,1,"青溪老街,奉贤,张弼,功德牌坊,陶溪八景总咏,非移动文物,青溪文化,体量虽小,一步一景,原住民,傍河依水,喧嚣,宁静,屋里厢汤圆店,水磨粉,黑芝麻,香糯,一尺花园,园中景,曲径通幽,慢生活",,
来安昌古镇提前过年啦满街都是腊肠酱鸭年味氛围浓厚到没话说??不愧上过央视 被国家地理推荐-尤其推荐坐乌篷船逛古镇能把两岸人家的烟火气尽收眼底??原汁原味的绍兴民俗风情??都在这里具象化了-?游玩攻略?-?美食印糕 扯白糖 师爷馄饨黄酒 臭豆腐 酒酿馒头都实惠又好吃 很值得一试~还有满街的酱鸭腊肠特别适合买回家当年货??-?景点在古镇还可以逛逛特色景点比如仁昌酱园绍兴师爷博物馆石雕馆城隍殿中国银行旧址沉浸式体验绍兴古镇的水乡风情?仁昌酱园免费部分景点需要买联票哦~-??地址绍兴市柯桥区安华北路安昌古镇??开放时间全天??门票古镇大门票免费古镇内景点联票40r/人??乌篷船40r/船可以坐3人??出行绍兴地铁1号线中国轻纺城站直接打车15分钟抵达或乘坐公交816/805路-,9,"腊肠,酱鸭,年味,央视,国家地理,乌篷船,两岸人家,烟火气,原汁原味,绍兴民俗风情,印糕,扯白糖,师爷馄饨,黄酒,臭豆腐,酒酿馒头,实惠,好吃,酱鸭腊肠,年货,仁昌酱园,绍兴师爷博物馆,石雕馆,城隍殿,中国银行旧址,水乡风情",,
我更爱这些被遗忘的江南古镇.,9,"被遗忘,江南古镇",,
春天旅行到江南温婉的到苏州文雅的到绍兴??一条视频告诉你绍兴要怎么玩?????怎么去绍兴1??坐高铁绍兴北站??Tips绍兴北站目前还没通地铁哦坐地铁需要坐1号线大庆寺站的接驳车?630221015分钟一班2??杭州的小伙伴可以坐地铁直达绍兴哦??住宿选择绍兴老城区的地铁1号线沿线??景点多??选择多??交通方便??路线Day1??鲁迅纪念馆百草园三味书屋沈园东湖Day2??府山直街八 字桥书圣故里安昌古镇?Day1????鲁迅故里??游览路线鲁迅纪念馆-鲁迅故居三味书屋鲁迅祖居就像走进课本里真的很奇妙?8302100??免费但要预约哦??沈园?8001700??40??东湖??水杉林码头??秦桥??仙桃洞??喇叭洞??霞川桥??陶公洞??二号码头乘船??40包船??200?8001700??50??仓桥直街绍兴的南锣鼓巷满满的商业气息Day2????府山直街此起彼伏的叫卖声是热气腾腾的生活??八 字桥小桥流水乌篷船这里才是真实的绍兴??书圣故里小桥流水粉墙黛瓦可以拍汉服和簪花哦??路线老爷爷的书店墨池书圣故里躲婆巷咏梅诗廊蕺坊桥题扇桥??安昌古镇??乌篷船?8:00-16:30??40??古戏台旁和民俗风情馆旁??不回头游览路线正大门??清风第1廊??城隍殿??穗康钱庄??石雕馆??天官第米厂旧址??绍兴宣卷馆??师爷馆??安昌民俗风情馆??安康寺??中国银 行旧址??仁昌酱园??507个景点米厂旧址仁昌酱园免费参观???还有好多好吃的1??臭豆腐??王老汉臭豆腐2??面饽饽??朝秀早餐店3??糯叽叽??香又脆芝麻糖4??绍兴本地面??杭州佬面馆5??鱼圆水饺??老绍兴水饺6??绍兴本地菜??河埠头??丰乐饭店,9,"古镇原貌,商业水平不高,童年的梦,小桥流水,乌篷船,真实的绍兴,粉墙黛瓦,汉服,簪花,老爷爷的书店,墨池,书圣故里,躲婆巷,咏梅诗廊,蕺坊桥,题扇桥,古戏台,民俗风情馆,清风第1廊,城隍殿,穗康钱庄,石雕馆,天官第,米厂旧址,绍兴宣卷馆,师爷馆,安昌民俗风情馆,安康寺,中国银行旧址,仁昌酱园",,
小桥流水乌篷船熏鸭腊肉晒鱼干今天给宝子们整理了一下浙江闭环旅行攻略宝子们喜欢就赶紧点赞收藏加关注啊免得用的时候找不到了大环线上海嘉兴杭州绍兴宁波舟山宁波台州温州丽水金华杭州上海城市路线及推荐景点上海豫园上海老城隍庙外滩和平饭店南京路步行街黄河路武康路陆家嘴外滩夜景酒店嘉兴乌镇西塘古镇杭州 西湖断桥残雪曲院风荷苏提春晓雷锋塔景点推荐西湖三潭印月雷峰塔灵隐寺宋城千岛湖绍兴会稽山王羲之的兰亭序鲁迅故里周恩来故居安昌古镇崇仁古镇沈园东湖西施故居宁波天一阁南塘老街月湖公园舟山东极岛普陀山普济禅寺台州天台山风景区国清寺神仙居温州雁荡山南鹿岛义乌小商品市场丽水云和梯田岩宕书屋古堰画乡应星楼金华横店影视城大红岩风景区小提示舟山如果觉得远可以忽略掉横店影视城和义乌小商品市场还是值得去体验一下的雁荡山可以根据跟人体力选择,8,"小桥流水,乌篷船,熏鸭,腊肉,晒鱼干,西塘古镇,嘉兴,乌镇,西湖,断桥残雪,曲院风荷,苏提春晓,雷锋塔,三潭印月,灵隐寺,宋城,千岛湖,会稽山,兰亭序,鲁迅故里,周恩来故居,安昌古镇,崇仁古镇,沈园,东湖,西施故居,天一阁,南塘老街,月湖公园,东极岛,普陀山,普济禅寺,天台山风景区,国清寺,神仙居,雁荡山,南鹿岛,云和梯田,岩宕书屋,古堰画乡,应星楼,横店影视城,大红岩风景区",,
-??关于路线DAY[一R]鲁迅故里沈园八字桥书圣故里迎恩门DAY[二R]兰亭景区昂桑湖安昌古镇DAY[三R]柯岩风景区-具体介绍DAY1鲁迅故里免费但一定要提前预约??1.5h可以打卡迅哥大头三味书屋百草园等不推荐在鲁迅故里坐乌篷船时间很短也没什么景色沈园门票40/人??1h宋代园林古色古香可以打卡钗头凤词壁诗境园琴台双桂园等沈园里面不大适合喜欢宋代文化的慢慢逛慢慢品味~八字桥免费??0.5h原汁原味的绍兴本地人生活街区可以在桥上打卡绍兴江南韵味满满的水路和两岸年代感居民区书圣故里免费??1.5h拍照出片地可打卡网红书法墙水边长廊墨池老爷爷书店题扇桥等适合爱拍照的姐妹去打卡拍摄迎恩门免费??1h最好晚上去城楼会亮灯碰到节日还会有花灯等等活动可以跟朋友一起沿着水边慢慢逛DAY2兰亭景区门票70/人??2-3h本人心中最爱的绍兴景区既有文人墨客的文化底蕴又有中式与现代的融合建筑拍战国袍和新中式真的嘎嘎出片昂桑湖免费??0.5h是400年前古代船工们拉纤的道路每块石板都充满了历史感适合晴天去蓝天印在湖水上会很美~安昌古镇免费  如果要看展馆需购票??半天是绍兴四大古镇之一过年的时候会挂上满满的腊肠和鱼干等景区内有很多小店可以边逛边吃DAY3柯岩风景区门票联票130/人??大半天鲁镇景区民国风满满青石板白墙黑瓦还有鲁迅笔下的阿Q和祥林嫂铜像鉴湖景区坐乌篷船游鉴湖超惬意~船桨的水声一声声荡漾是梦里的江南柯岩景区鬼斧神工的石景柯岩大佛矗立其中还有姿态各异的石洞和石壁-??关于住宿这次跟朋友一起做了很多攻略最后选了一座隐秘于市的酒店第一次坐船入住酒店真的是非常新奇的体验开船的叔叔是很健谈的绍兴本地人下船就有专门的服务人员接应办理入住整个过程很快态度也很好而且酒店房间都很宽敞跟闺蜜一起住真的很爽去市区打车大概二十分钟路程到为了舒适的住宿条件我觉得还是可以接受的总的来说绍兴这几天的游玩让我回味无穷很多景点真的很值得逛是一座我来了会想再来的江南小城,1,"鲁迅故里,沈园,八字桥,书圣故里,迎恩门,兰亭景区,昂桑湖,安昌古镇,柯岩风景区,鲁镇景区,鉴湖景区,酒店,绍兴本地人,宽敞,舒适,江南小城",,
青石板乌篷船腊味飘香这里才是江南最慵懒的模样??? 坐一次乌篷船摇摇晃晃穿过水乡的晨雾?? 尝一根安昌腊肠咸香里藏着老绍兴的味道?? 走一走三里长街看老手艺人在廊棚下扯白糖没有过度商业化的喧嚣只有晒酱鸭的竹竿吱呀的木门和晒太阳的猫???? 绍兴  安昌古镇?? 免费部分景点需门票?? 最佳拍摄点清风桥仁昌酱园沿河长廊,9,"青石板,乌篷船,腊味,江南,慵懒,乌篷船,水乡,晨雾,安昌腊肠,老绍兴,三里长街,老手艺人,廊棚,扯白糖,过度商业化,晒酱鸭,竹竿,木门,猫,安昌古镇,清风桥,仁昌酱园,沿河长廊",,
江浙沪团建冬季团建滑雪团建?这12个景点各有千秋总有一个能打动你的心赶紧计划团建出行吧??千岛湖时间1-3日景区天屿山骑龙巷网红灯塔燃擎卡丁车沪马探险乐园.??安吉时间2-3日景区云上草原滑雪场江南天池滑雪场中南百草园大竹海竹博园.??莫干山时间1-3日景区莫干山风景区天际森谷庾村田美树心义远有机农场下渚湖湿地.??临安时间1-2天景区青山湖大明山滑雪湍口温泉风之谷吴越古道.??桐庐时间1-3日景区OMG心跳乐园马岭古道大奇山瑶琳仙境生仙里雪场严子陵钓台.??乌镇时间1-3天景点草木本色染坊水上集市乌镇大剧院月老庙.??上海崇明岛时间1-3天景区东平森林公园东滩湿地西沙湿地明珠湖公园.??西山岛时间2-3天景区石公山牛仔度假村林屋洞天王坞石公山明月湾古村.??绍兴时间2-3天景区鲁迅故里安昌古镇刻石山月亮谷穿岩十九峰东湖.??金华时间1-3天景区诸葛八卦村梦幻谷横店大红岩双龙洞仙华山.??朱家尖时间1-3日景区南沙东沙观音法界大青山白山景区乌石塘.??南京时间2-3日景区夫子庙玄武湖栖霞山灵谷寺鸡鸣寺中山陵美龄宫??团建10人起接??吃喝玩乐一站式安排HR省心省力??做年轻人喜欢的江浙沪团建方案,9,"古镇原貌,商业水平不高,童年的梦",,
虽然元旦的安昌古镇人满为患但是我还是被这浓烈的年味给震撼到了这里或许就是你找寻已久的烟火气-?喜爱的理由1??这个古镇内还是原住民居住的状态整个古镇不似常见的旅游景点期间充斥着满满都生活气息除了能看到店铺里腌制的腊肠酱鸭酱鹌鹑腌鱼之外还能见到居民们自家腌制的各色腌货-2??它并没有被古镇景点同质化这里也没有千篇一律的产品这里依旧保留着自己的特色酱鸭腊肠等我甚至在街上都没有看到连锁奶茶至多就看到了一家星爸爸-3??这里没有旅拍????不像其他一些古镇景点旅拍能占满整个大街还我一片宁静-?景点介绍整个古镇沿着河边两岸形成一个长条回字形整个景点或者说你能作为游客体验的区域就只是在岸边并没有向里面渗透开只要离开主干道就会马上变成生活区-??实用信息??不收门票??????推荐早上10:00抵达人还不多先逛一圈拍拍照??中午选一家心仪的餐厅用餐??下午找个店铺喝个下午茶临走买点腊鸭腊肠~-??我是Jiang酱讲疆不定期分享各种高性价比国内外出行故事关注我为你的旅行提前避雷???,1,"浓烈的年味,找寻已久的烟火气,原住民居住的状态,生活气息,店铺里腌制的腊肠酱鸭酱鹌鹑腌鱼,居民们自家腌制的各色腌货,没有被古镇景点同质化,没有千篇一律的产品,保留着自己的特色酱鸭腊肠,没有连锁奶茶,没有旅拍,沿着河边两岸形成一个长条回字形,不收门票",,
-??交通指南高铁/火车??绍兴站近市区或绍兴北站打车需30分钟到市区地铁/城际列车??适合宁波和杭州周边可直达绍兴市区8大必去景区1鲁迅故里??免费 | 来了绍兴肯定要打卡鲁迅故里百草园三味书屋小时候语文课本里的场景历经好多年又真真切切地映在我们眼前2书圣故里??免费 | 王羲之与蔡元培的故里有大量的历史遗迹是很好的打卡出片地3八字桥??免费 | 是我国现存古老的桥梁之一两岸都是江南水乡的生活场景没有过度商业化4昂桑湖??免费 | 建立明代避风石塘古纤道是人少景美的小众打卡点晴天来整个湖面都是蓝色5仓桥直街??免费 | 民居多为清末民初建筑众多富有地方特色的台门保存完好具有浓郁的水乡风情6西小路??免费 | 沿途河道清秀人少安静更富有水乡情韵适合慢慢逛慢慢欣赏7兰亭??门票70/人 | 将中式美学运用到极致王羲之笔下绝美仙境配上杰伦的兰亭序意境拉满8安昌古镇??免费游览小景点联票50元/人 | 是央视推荐的古镇烟火气满满随手拍都是水墨画建议留半天时间好好逛一下??住宿推荐这是我近期住过觉得品质很高的一个酒店酒店房间面积都很大这次订的房间还带一个小庭院大空间给人的感觉就是舒适加透气小空间真的让人很压抑谁懂??距离市区大概三十分钟车程边上就是鉴湖和柯岩风景区在柯桥逛真的蛮方便,9,"古镇原貌,商业水平不高,童年的梦,历史遗迹,水乡风情,烟火气,水墨画,舒适加透气",,
许银炜国家地理推荐的免费古镇绍兴安昌古镇市井烟火气浓用枕水人家桨声灯影形容它最贴切不过了?,9,"许银炜,国家地理,免费古镇,绍兴,安昌古镇,市井烟火气,枕水人家,桨声灯影",,
??我本无意入江南奈何江南入我心.绍兴没有杭州苏州名气没那么大但保留着安静又慢条斯理的日常生活青砖绿瓦小桥流水乌蓬慢慢真心觉得这里更适合游玩放松??.??路线推荐??一日游特种兵全路线??地铁站城市广场蔡元培故居书圣故里周恩来故居八字桥沈园鲁迅故里三味书屋绍兴师爷馆青藤书屋徐渭艺术馆绍兴博物馆府山公园仓桥直街西小路历史街区阳明故里迎恩门.??此路线景点除了沈园门票40其他都免费闭合路线起始点不绕路可自行删减部分景点需提前预约.??两天一晚休闲游路线Day1东湖书圣故里八字桥沈园Day2鲁迅故里绍兴博物馆仓桥直街西小路??如果想游船可以去东湖门票50乌蓬船35.时间充足的话建议去安昌古镇东湖兰亭大禹陵沈园?犭茶湖古纤道柯桥古镇等逛逛.??分享几个打卡点建议收藏鲁迅故里从百草园到三味书屋鲁迅笔下场景从书中来到你的面前书圣故里人文气息非常浓厚墙壁上随处可见书法元素沿河而行处处皆风景东湖最近很火的一个点强烈建议坐船沿着山绕一圈阴天更有感觉安昌古镇烟火气十足的免费古镇满街的酱鸭腊肠印糕有一种过年的感觉迎恩门老城西北方向的一座城门节假日这里会有传统水上迎亲仪式?犭茶湖走在这纤细的古道上吹吹风聊聊天很安逸.??Tips??拍照时间出门前一定看天气预报江南雨天有韵味但是不太好走??住宿推荐老城区景点很集中住宿可以选择在鲁迅故里附近交通吃饭都很方便??美食吃绍兴菜可以去寻宝记孔乙己小绍兴饭馆等特色有绍三鲜梅干菜焖肉醉鸡卤鸭.,9,"安静,慢条斯理,日常生活,青砖绿瓦,小桥流水,乌蓬,慢慢,真心,更适合,游玩,放松",,
第1??天??鲁迅故里是鲁迅先生诞生和青少年时期生活过的故土成为来绍兴的必游之地开放时间8:30~20:45周一17:00停止入园门票免费??沈园内有陆游纪念馆因陆游的钗头凤闻名于世沈园也因这段爱情故事而载入典籍开放时间8:0016:40门票40元/张??仓桥直街全长1.5公里由河道民居街坊三部分组成民居多为清末民初建筑众多富有地方特色的台门保存完好具有浓郁的水乡风貌??府山公园主要景点有越王殿与越王台清白泉文种墓唐宋名人摩崖题刻飞翼楼风雨亭革命烈士纪念碑等飞翼楼是绍兴城区内的最高点登上楼顶可以俯瞰整个绍兴城区开放时间全天门票免费第2??天??西小路谢公桥阳明纪念馆?? 西小路以纵贯街区的西小河而得名其周围分布着成片的沿河传统水乡民居 街区内保存的众多古迹是绍兴水乡风貌的集中体现?? 谢公桥始建于后晋属绍兴古桥群之一开放时间全天门票免费??阳明纪念馆吕府为浙江省现存两处明代住宅建筑群之一现改为阳明纪念馆开放时间9:00~16:30门票免费??兰亭因书圣王羲之写下天下第一行书兰亭集序而名闻开放时间8:0016:50门票70元/张第3??天??书圣故里是绍兴市区历史风貌保存最完整的区域以书圣王羲之舍宅为寺而闻名开放时间全天门票免费??长桥直街广宁桥八字桥此行主要目的是八字桥从长桥直街进去经过广宁桥再到八字桥这两座桥都属绍兴古桥群开放时间全天门票免费第4??天??柯岩风景区包含柯岩鉴湖鲁镇三部分柯岩是整个风景区的核心较为特别的是天工大佛和奇云石骨开放时间8:0016:30门票95元/张第5??天??安昌古镇绍兴有名的四大古镇之一其建筑风格传承了典型的江南水乡特色一衣带水古朴典雅开放时间全天门票免费,7,"古镇原貌,商业水平不高,童年的梦",,
在繁忙的都市生活中抽离踏上一场说走就走的旅行目的地是浙江绍兴那座低调却韵味十足的安昌古镇这里没有过度的商业喧嚣只有那份沉淀了千年的宁静与烟火气??景点交通想要抵达这片人间仙境其实并不复杂如果你是从杭州出发高铁只需半小时便能抵达绍兴随后转乘公交或打车沿着蜿蜒的道路穿过一片片稻田与竹林安昌古镇便悄然出现在你的眼前自驾游的小伙伴更是方便导航直达沿途还能欣赏到江南水乡特有的田园风光让人心情大好???必去景点走进安昌古镇仿佛穿越了时空隧道回到了那个诗意盎然的年代首当其冲的便是那小桥流水石皮弄踏上青石板路两旁是白墙黛瓦的老宅偶尔一两声船夫摇橹的号子乌篷船悠悠划过水面留下一道道涟漪别忘了探访那些隐藏在弄堂深处的老茶馆点一壶绍兴黄酒配几碟小菜感受那份属于老绍兴的悠闲与惬意腊月里的安昌更是别有一番风味家家户户门前挂满了腊肠酱鸭空气中弥漫着诱人的香气那是年的味道也是安昌独有的烟火气走在这样的街道上你会不由自主地放慢脚步沉浸在这份淳朴与热闹之中???门票相关安昌古镇的门票政策相当亲民成人票仅需几十元而且许多小景点如师爷馆民俗风情馆等都是包含在门票内的对于学生和老人还有相应的优惠政策记得带上有效证件哦此外古镇内部分体验活动如制作扯白糖尝试传统手工艺等可能需要额外付费但价格合理绝对物超所值??其他tips最佳游览时间正如前文所述腊月和春节期间是安昌古镇最美的时刻但如果你喜欢安静避开这些高峰时段平日里的古镇也别有一番静谧之美美食探索来到安昌怎能不尝尝当地的特色小吃酱鸭臭豆腐扯白糖印糕梅干菜小酥饼每一样都是味蕾的盛宴记得留点肚子因为你会发现每走几步就有一家诱人的小吃摊在向你招手手工艺品古镇内还有许多手工艺人他们的作品从竹编到刺绣无一不透露着匠人的匠心独运不妨挑选一两件带回家作为这次旅行的纪念穿着建议考虑到古镇的石板路较多穿一双舒适的平底鞋尤为重要同时夏季防晒冬季保暖毕竟享受美景的同时也要照顾好自己随着夕阳西下古镇被染上了一层金色的光辉河面上泛起了金色的波纹安昌古镇的一天缓缓落下帷幕在这里时间仿佛变得缓慢让人忘却尘世的烦恼只想沉浸在这份宁静与美好之中,9,"低调, 韵味十足, 安昌古镇, 宁静, 烟火气, 小桥流水石皮弄, 青石板路, 白墙黛瓦, 船夫摇橹, 乌篷船, 涟漪, 老茶馆, 绍兴黄酒, 腊肠酱鸭, 空气, 年的味道, 烟火气, 淳朴, 热闹, 门票政策, 亲民, 师爷馆, 民俗风情馆, 制作扯白糖, 传统手工艺, 物超所值, 腊月, 春节, 静谧, 特色小吃, 手工艺品, 竹编, 刺绣, 匠心独运, 舒适的平底鞋, 夕阳, 金色的光辉, 河面, 波纹, 缓缓落下帷幕, 时间缓慢, 宁静, 美好",,
??安昌古镇是绍兴有名的四大古镇之一其建筑风格传承了典型的江南水乡特色一衣带水古朴典雅被称为活着的古镇始建于北宋时期是绍兴师爷的故乡最有特色的是安昌的小桥其中最著名的是名为福禄万安如意这三座桥古镇人家嫁女儿时都要走全三桥古镇中有17座古桥有着碧水贯街千万居彩虹跨河十七桥的美誉??这里的市井烟火气让人着迷沿河的三里街市还保留着质朴的生活气息错落有致的翻轩骑楼古老的台门弄堂形态各异的拱桥石梁历经漫长的岁月风貌古朴依旧???开放时间全年全天??门票免费内部部分景点购票参观??地址绍兴市安昌镇??交通??公交可在绍兴城区乘118路公交车到柯桥区安昌古镇在安昌大酒店站下车过条马路就是古镇每8-10分钟一班票价2元 也可以在柯桥城区乘805806816等路车直达每10-15分钟一班票价1元??自驾从沪杭甬高速公路柯桥出口下约5公里到柯桥区安昌街道??动车绍兴北站原绍兴柯桥站离安昌古镇的距离是5.7公里从杭州东站出发到绍兴北站大概10分钟左右?,7,"江南水乡,古朴典雅,活着的古镇,北宋,绍兴师爷,小桥,福禄万安如意,市井烟火气,质朴,生活气息,翻轩骑楼,台门弄堂,古桥石梁,风貌古朴,免费",,
江浙沪团建大合集??1-3天团建必打卡?江浙沪春夏团建去哪玩怎么玩[吐舌头H][吐舌头H]?精选了40+超受欢迎的江浙沪团建好去处~~?不管是公司团建还是朋友聚会都适合??满满干货快快收藏????.??团建地点??苏州市内团建??团建地点平江路同里古镇周庄古镇金鸡湖阳澄湖??团建玩法古镇寻宝实景剧本杀摇橹船??杭州市内团建??团建地点西湖武林夜市 龙井村九溪十八涧满觉陇??团建玩法露营烧烤围炉煮茶??实景剧本杀摇橹船.??南京市内团建??团建地点玄武湖公园夫子庙??团建玩法露营烧烤围炉煮茶??实景剧本杀趣味草坪游戏.??湖州市内团建??团建地点太湖古镇龙之梦旅游度假区酒吧街??团建玩法古镇寻宝徒步定向骑行.??绍兴市内团建??团建地点乔波冰雪世界会稽山鉴湖安昌古镇??团建玩法古镇寻宝徒步定向真人CS篝火晚会.??无锡市内团建??团建地点鼋头渚景区拈花湾小镇三国城水浒城??团建玩法实景剧本杀古镇寻宝徒步定向徒步穿越.??常州市内团建??团建地点南山竹海嬉戏谷淹城春秋乐园天目湖??团建玩法皮划艇篝火晚会定向防攻箭.??扬州市内团建??团建地点瘦西湖个园何园邵伯古镇??团建玩法古镇寻宝城市定向换装剧本杀篝火晚会.??团建项目舞龙嘉年华疯狂原始人飞盘大作战旱地冰壶团队攻防箭山地越野车趣味运动会真人大富翁草坪音乐节真人CS疯狂F1扎筏泅渡皮划艇玩霸江湖花海定向定向寻宝换装剧本杀篝火晚会非洲鼓露营烧烤烤全羊徒步定向徒步穿越棒球大战环岛骑行??团建信息????团建人数:20-500人??团建地点:江浙沪各城市?团建天数:1-3天均??,9,"古镇寻宝,实景剧本杀,摇橹船,徒步定向,骑行,围炉煮茶,露营烧烤,趣味草坪游戏,真人CS,篝火晚会,换装剧本杀,山地越野车,趣味运动会,皮划艇,棒球大战,环岛骑行",,
三天就能用黄酒香腌入味的小众古城绍兴的松弛感是揉进巷子里的青石板会说话 乌篷船会写诗连空气都飘着醉蟹的鲜甜??附独家机位+本地人带路版美食地图??交通TIPS杭州地铁直达绍兴鲁迅故里站景点集中打车不超15r 共享单车更方便??住宿指南??鲁迅故里附近沉浸式体验课本里的江南??书圣故里民宿推开窗就是王羲之练字的水塘??三天神仙动线附出片秘籍??Day1 鲁迅浓度超标日 迅哥儿家课本里的百草园真有小松鼠 三味书屋刻早字书桌已围栏 但能拍同款窗景 沈园夜游宋韵水幕秀美到窒息??必拍机位1??鲁迅故里出口黄酒墙建议穿浅色系2??三味书屋临河长廊等乌篷船划过时抓拍??本帮菜指北??咸亨酒店茴香豆+太雕奶茶酒香冰淇淋口感??仓桥直街72号臭豆腐配甜面酱原地封神??Day2 书法浓度拉满日 书圣故里王羲之洗笔的墨池还在冒泡泡 八字桥直街原住民晾的腊肠是天然背景板 西小路历史街区觉醒年代取景地??必拍机位1??墨池边的白墙书法投影下午三点最绝2??蕺坊桥洞网红书法墙要侧身拍剪影??巷弄美食??河埠头饭店霉千张蒸肉饼配米饭香哭??绘璟轩黄酒棒冰要买断桥残雪款拍照神器??Day3 水乡浓度MAX日 安昌古镇比乌镇少90%游客的宝藏地 坐乌篷船吃酒酿馒头船夫会唱越剧彩蛋??必拍机位1??仁昌酱园晒场百口酱缸当背景2??清风第一桥等夕阳把灯笼染成琥珀色??古镇限定??孝店王酒酿馒头夹梅干菜肉香到舔手指??师爷馄饨柴火烧的皮薄如蝉翼??血泪经验所有名人故居提前在绍兴市文旅集团预约黄酒奶茶/棒冰含酒精孕妇小孩慎选穿软底鞋青石板路走到怀疑人生最佳拍摄时间早晨7-9点/傍晚4-6点现在正是梅子熟透的季节坐在临河茶馆看摇橹船推开涟漪才懂什么叫醉是江南???,9,"绍兴, 松弛感, 巷子, 青石板, 乌篷船, 空气, 醉蟹, 鲁迅故里, 景点, 交通, 杭州地铁, 绍兴鲁迅故里站, 打车, 共享单车, 住宿, 鲁迅故里附近, 书圣故里民宿, 王羲之练字的水塘, 动线, 出片秘籍, Day1, 鲁迅浓度, 迅哥儿家, 百草园, 小松鼠, 三味书屋, 刻早字书桌, 围栏, 沈园夜游, 宋韵水幕秀, 必拍机位, 黄酒墙, 浅色系, 三味书屋临河长廊, 乌篷船, 本帮菜, 咸亨酒店, 茴香豆, 太雕奶茶, 酒香冰淇淋, 仓桥直街72号臭豆腐, 甜面酱, Day2, 书法浓度, 书圣故里, 王羲之洗笔的墨池, 八字桥直街, 原住民晾的腊肠, 西小路历史街区, 觉醒年代取景地, 墨池边的白墙书法投影, 下午三点, 蕺坊桥洞网红书法墙, 剪影, 巷弄美食, 河埠头饭店霉千张蒸肉饼, 绘璟轩黄酒棒冰, 断桥残雪款, Day3, 水乡浓度, 安昌古镇, 乌镇, 游客, 乌篷船, 酒酿馒头, 船夫, 越剧, 仁昌酱园晒场, 百口酱缸, 清风第一桥, 夕阳, 灯笼, 古镇限定, 孝店王酒酿馒头夹梅干菜肉, 师爷馄饨, 柴火烧, 血泪经验, 名人故居, 绍兴市文旅集团预约, 黄酒奶茶, 黄酒棒冰, 孕妇小孩, 软底鞋, 青石板路, 最佳拍摄时间, 梅子熟透, 临河茶馆, 摇橹船, 涟漪, 醉是江南",,
??解锁安昌古镇夏夜清凉秘籍??乌蓬夜游凉风习习入梦来???当夕阳洒落青石板路是时候跳上那艘悠悠乌篷船穿梭在古镇的柔波里船桨轻摇涟漪泛起带走白日所有的闷热与烦躁???场馆游园灯火阑珊避暑忙???夜幕下安昌的古建筑被温暖的灯光勾勒更显古朴韵味走进场馆仿佛踏入历史的长廊每一处展览都是自然的空调房在城隍殿和师爷馆内聆听那些古老的故事让心灵在历史的长河中遨游忘却外界的酷暑???商户联动淘份夏日小确幸???古镇的商户们纷纷亮出绝活邀你共享一场避暑美食之旅??冰镇饮品解暑凉茶每一口都是对味蕾的极致宠溺???走在古镇的巷弄间悠扬的箫声足以让夏日的燥热烟消云散再在灯火通明的市集淘宝淘一份夏日小确幸???感受到那份久违的热闹与烟火气?? 逃离40C的酷热天黑就出发安昌古镇的夜等你来解锁更多避暑新玩法?????,9,"乌蓬夜游,凉风习习,夕阳,青石板路,悠悠乌篷船,柔波,船桨轻摇,涟漪泛起,场馆游园,灯火阑珊,古建筑,温暖的灯光,古朴韵味,历史的长廊,展览,自然的空调房,古老的故事,心灵在历史的长河中遨游,商户联动,避暑美食之旅,冰镇饮品,凉茶,味蕾的极致宠溺,悠扬的箫声,夏日的燥热烟消云散,灯火通明的市集,夏日小确幸,久违的热闹,烟火气,逃离酷热",,
??碧水映红船才子遇佳人??新妇凤冠霞帔青碧婚服??河畔玉立鬓发如云不屑不屑髢也??良人拱手而立玼兮玼兮其之翟也??聘汝为妇永结同心??地址绍兴越城区迎恩门风情水街??时间5月1日5月3日每天14:00-15:00和19:00-20:00每日两场婚礼5月1日是宋韵传统婚礼5月2日是近代怀旧婚礼5月3日是现代新中式婚礼??小tips五一期间除了迎恩门??婚礼秀之外5月1日和5月3日黄酒小镇和5月4日安昌古镇都有宋韵婚礼秀大家有空可以前去打卡呦,8,"碧水,红船,才子,佳人,新妇,凤冠霞帔,青碧婚服,河畔,玉立,鬓发如云,良人,拱手而立,聘汝为妇,永结同心,迎恩门风情水街,宋韵传统婚礼,近代怀旧婚礼,现代新中式婚礼,黄酒小镇,安昌古镇,宋韵婚礼秀",,
?? 烟雨入江南山水如墨染来绍兴真的会恍惚走进鲁迅的旧梦青石板路湿漉漉的白墙黑瓦倒映着乌篷船的影连空气都带着黄酒香?? 住宿推荐 | 绍兴饭店优点地理位置绝佳步行可达鲁迅故里白墙黑瓦的江南庭院风拍照超有感觉缺点设施偏老旧隔音一般浅眠姐妹建议带耳塞但为了这地理位置和氛围我忍了?? 3天行程安排Day 1上午兰亭景区??曲水流觞文墨留香竹林清溪拍照出片率超高下午鲁迅故里含景区景墙-鲁迅祖居周家老台门-三味书屋-鲁迅故居周家新台门-百草园-风情园-鲁迅纪念馆--秋瑾故居--青藤书屋--府山直街--仓桥直街--王阳明纪念馆? Tips这些景点超集中步行就能逛完晚上去沈园听越剧钗头凤夜色超有韵味Day 2?? 柯岩景区--柯桥古镇--安昌古镇?? 随便找家临河咖啡馆发呆这才是江南的正确打开方式Day 3?? 八字桥--八字直街--周恩来故居--书圣故里--蔡元培故居八字桥是活着的水乡博物馆本地人仍在这里生活烟火气十足书圣故里的墨池题扇桥文艺感拉满?? 美食打卡黄酒棒冰绍兴臭豆腐??总要看一次真江南吧绍兴的春连风都是温柔的,1,"江南,山水,墨染,绍兴,鲁迅,旧梦,青石板路,白墙,黑瓦,乌篷船,黄酒香,兰亭景区,曲水流觞,竹林,溪水,鲁迅故里,景墙,祖居,三味书屋,故居,百草园,风情园,纪念馆,秋瑾故居,青藤书屋,府山直街,仓桥直街,王阳明纪念馆,沈园,越剧,钗头凤,柯岩景区,柯桥古镇,安昌古镇,咖啡馆,八字桥,八字直街,周恩来故居,书圣故里,蔡元培故居,水乡博物馆,烟火气,墨池,题扇桥,文艺感,黄酒棒冰,绍兴臭豆腐",,
朋友说我镜头里的绍兴不仅有江南也有江湖Hello这里是爱旅游的,8,"江南,江湖",,
古镇的小桥流水人家青石板路蜿蜒曲折每一处都是绝佳打卡点?最绝的是傍晚时分夕阳洒在河面上整个古镇都被染成了金色随手一拍就是大片感??,10,"小桥流水,青石板路,蜿蜒曲折,打卡点,傍晚,夕阳,河面,金色,大片感",,
姐妹们秋高气爽是不是也想要逃离城市的喧嚣??来点乡村古镇的宁静时光简直太完美了???在这里时间仿佛慢了下来只有那静谧的街道清新的空气和田园间的欢声笑语??我可是个古镇资深迷十多年的旅行和拍摄经验让我有了满满的心得今天我要给姐妹们安利5??个国内小众又美到爆的古镇关键是大多免费开放哦跟着我的镜头一起出发吧???绍兴 安昌古镇??图1图2看那合欢花盛开河道上乌篷船摇曳水面上云彩荡漾??每次拍的照片都能让读者直呼这就是梦中的江南没错这就是绍兴这就是江南的韵味?葛仙村 ??图3图4江西深山里的这个小村落简直就是度假天堂???白天云雾缭绕晚上灯光璀璨仿佛穿越到了陶渊明的世外桃源或者是梦回大唐长安不想工作来这里享受几天神仙日子吧?兴坪古镇??图5图6来广西阳朔兴坪古镇绝不能错过??桂林山水甲天下这里的渔火和夕阳构成的美景就像一幅流动的画卷让人流连忘返?呈坎古镇 ??图7图8徽州古镇的魅力呈坎绝对值得一探??八卦风水的布局夏天的荷花更是美得让人心醉穿上汉服坐上竹筏这画面想想都美爆了宁静与悠闲历史的厚重与现代的轻松完美融合这五个古镇都是我的心头好姐妹们赶紧收藏起来准备下一次的古镇之旅吧???????,10,"乡村,古镇,宁静,静谧,清新,空气,田园,欢声笑语,小众,美到爆,免费,合欢花,河道,乌篷船,水面,云彩,江南韵味,深山,村落,度假天堂,云雾缭绕,灯光璀璨,世外桃源,渔火,夕阳,画卷,流连忘返,八卦风水,荷花,汉服,竹筏,宁静与悠闲,历史的厚重,现代的轻松",,
这个五月总要来一趟绍兴吧??青砖黛瓦小桥流水满满人间烟火气街头巷尾一船一桥都充满诗情画意?2天1晚行程路线??D1书圣故里八字桥鲁迅故居百草园三味书屋沈园仓桥直街??D2安昌古镇古纤道返程?必打卡景点??书圣故里绍兴八大街区中历史风貌保存z完整的街巷里藏着很多文物古迹还能感受有趣的市井生活??必打卡蕺坊桥题扇桥墨池老爷爷书店蕺山街??门票免费??营业全天?时长1-2h-??鲁迅故里跟着语文课本打卡从百草园到三味书屋建议从东门口开始游玩别错过这里的小桥流水美景??门票免费??营业08:30-21:00?时长2-3h??Tips现场预约??公主号绍兴文旅集团-??八字桥正所谓不到绍兴不识古桥这是本地人爱逛的老街几乎没有游客如果想坐乌篷船的推荐来这里体验不贵不堵船??门票免费??营业全天?时长0.5-1h-??安昌古镇比起商业化成熟的古镇我更爱这里的人间烟火气河边挂满酱鸭腊肠熏鱼街道两边摆满小摊价格实惠别错过王老汉臭豆腐??门票免费??营业08:00-21:00?时长2-3h-??古纤道长达800多年历史的石板纤道连接着狭?(ang)犭茶?(sang)湖的南北岸傍晚来这里走走看日落很舒服??门票免费??营业全天?时长0.5-1h?交通??高铁直达绍兴北站距离绍兴市区15公里??飞机抵达杭州萧山机场 ??自驾或者地铁前往绍兴??自驾杭州出发1h??Tips??绍兴市区景点都很近打车只用起步价8r??安昌古镇距离市区25公里建议开车自驾?住宿推荐住在书圣故里或者鲁迅故居附近交通吃喝便利?美食推荐王老汉臭豆腐黄酒棒冰黄酒奶茶酒酿馒头糯唧唧糕点安昌古镇松糕避雷奶油小攀有点腥师爷馄饨味道一般,1,"青砖黛瓦,小桥流水,人间烟火气,诗情画意,书圣故里,八字桥,鲁迅故居,百草园,三味书屋,沈园,仓桥直街,安昌古镇,古纤道,文物古迹,市井生活,蕺坊桥,题扇桥,墨池,老爷爷书店,蕺山街,乌篷船,王老汉臭豆腐,古桥,老街,人间烟火气,石板纤道,日落,黄酒棒冰,黄酒奶茶,酒酿馒头,糯唧唧糕点,安昌古镇松糕",,
??绍兴安昌古镇 有风有骨的江南旧梦江南水乡百镇争辉却独爱安昌这一抹古旧的风与骨踏入古镇风里似夹杂着千年的呢喃依河而建的廊棚蜿蜒着岁月的幽长青石板路每一块都镌刻着往昔的繁华与沧桑腊肠与酱货在风中散发着浓郁的年味那是安昌独有的烟火交响乌篷船悠悠划过船桨轻摇搅碎了水面的天光云影仿佛摇醒了沉睡的江南旧梦冬日的暖阳洒在斑驳的白墙黑瓦上光影交错间尽显江南风骨老人坐在门口守着一份宁静与安详手中的针线编织着时光的细密孩童在巷子里嬉笑奔跑他们是古镇的新生与希望在这里风是信使传颂着历史的诗章骨是脊梁支撑起江南的温婉与刚强安昌古镇于尘世喧嚣中静静伫立任岁月变迁风骨依然让每一个到访者都沉醉在这有风有骨的真江南韵致里不舍归航,10,"风,骨,江南旧梦,水乡,安昌,古旧,廊棚,岁月,青石板路,往昔,繁华,沧桑,腊肠,酱货,年味,烟火,乌篷船,天光云影,江南旧梦,冬日,暖阳,白墙黑瓦,光影,江南风骨,老人,宁静,安详,针线,时光,孩童,巷子,嬉笑,奔跑,新生,希望,信使,历史,诗章,脊梁,温婉,刚强,尘世喧嚣,岁月变迁,风骨,真江南韵致",,
我很少用震撼来形容一座古镇直到来到了这里这里被誉为成都版的清明上河图如果你来成都强烈建议留一天时间给这个千年古镇吧坐落在雪山下的千年古城不用去丽江就在成都??地点成都市崇州元通古镇??交通成都市区出发自驾50分钟??拍照机位攻略1??汇江桥横跨河流的吊桥这里可以拍到古塔和雪山的合影2??广东会馆岭南风格的古建筑位于主街3??天主堂修建于1903年很出片留下的尽是岁月斑驳的痕迹4??罗家大院来元通古镇不容错过的经典机位著名的天井就是这里5??黄家大院tips元通古镇附近还有街子古镇和怀远古镇可以一起游玩美食推荐花椒鸭和叶儿粑很有地方特色,10,"震撼,成都版的清明上河图,千年古镇,雪山下的古城,元通古镇,汇江桥,古塔,雪山,广东会馆,岭南风格,天主堂,岁月斑驳,罗家大院,天井,黄家大院,街子古镇,怀远古镇,花椒鸭,叶儿粑,地方特色",,
中国最适合一个人散心的12个古镇 孤独累了就去走走,8,"古镇,孤独,累了,走走",,
绍兴特种兵旅游一下午三古镇分别是柯桥古镇鲁镇安禅古镇??柯桥古镇 P1-2是比较新的地理位置游线业态小博物馆是他的优势可以来看看里面的小博物馆??鲁镇 P3-4暂没找到他的优势纯新款无沉淀商业也不适合闲逛??安昌古镇 P5-8这是真的古镇还有居民临水而居河道很窄很有水乡感觉还有一个酱园文化比较独特里面的一口味餐厅不错是绍兴内值得一去的古镇,1,"安昌古镇,居民,临水而居,河道,水乡,酱园文化,独特,一味餐厅,不错",,
??吃货防坑指南???警惕网红火锅店排队陷阱部分新晋网红店被曝食材不新鲜服务差建议优先选择本地人扎堆的老字号如鲁迅故里附近的老面馆??景区臭豆腐慎买推荐书圣故里王老汉的祖传摊子外脆里嫩配秘制酱汁才地道??黄酒奶茶别在景点买沈园门口卖25元/杯八字桥茶馆18元还能坐乌篷船边喝边拍??次坞打面认准街边小店景区改良版加价30%推荐西小路的老蔡打面手擀面配三鲜浇头人均20元管饱??景点防坑指南????鲁迅故里必看提醒免费但需提前3天预约官方公众号三味书屋真迹在故居最深处别被门口仿建误导??安昌古镇免费但套路多乌篷船报价120元/船可刀腊肠认准仁昌酱园门口现灌的景区包装的偏咸??沈园夜游谨慎跟风钗头凤灯光秀门票80元实际演出仅20分钟更推荐白天40元门票看陆游真迹石碑??终极省心攻略????交通秘籍地铁1号线直达鲁迅故里站出站步行5分钟到景区绍兴北站有免费接驳车到镜水路地铁站别坐黑车用绍兴行APP查实时公交??住宿性价比之王选仓桥直街/书圣故里民宿200+住进明清老宅旺季提前1周订房周末价格翻倍??季节限定彩蛋3月吼山赏桃花免费11月东湖看红枫梅雨季节备好透明伞拍烟雨江南氛围感拉满??拍照冷门机位????赛博古风徐渭艺术馆几何白墙+玻璃光影下午3点斜阳穿透时拍剪影秒出高级片??水乡电影感八字桥第三个台阶俯拍用长焦压缩两岸老宅乌篷船经过时按下快门??夜景天花板仓桥直街南段灯笼亮起时蹲在石拱桥底仰拍捕捉灯笼倒映河面的瞬间??文艺彩蛋阳明故里碧霞池的白墙竹影穿汉服撑油纸伞仿佛穿越王阳明讲学现场??3天2夜路线??DAY1鲁迅故里沈园仓桥直街夜景DAY2安昌古镇柯岩风景区书圣故里茶馆听评弹DAY3阳明故里徐渭艺术馆八字桥扫街??避坑总结1?? 吃地道去菜市场如大江市场拍美照赶早/赶晚2?? 免费景点藏着真江南收费项目先查口碑3?? 所有绍兴特产都能在农贸市场找到半价同款4?? 一壶黄酒配茴香豆才是水乡的正确打开方式??收藏这篇,8,古镇原貌,商业水平不高,童年的梦
两岸人家安且昌乌篷俨在画中航腊肠鱼鲞梅干熟黄酒白糖蚕豆香腊月的安昌古镇年味浓厚街巷里弥漫着浓郁的酱香冬日暖阳下家家户户门前晾晒着腊肠腊肉鱼鲞酱鸭酱排骨酱鹌鹑色泽红亮与古镇的青砖黛瓦小桥流水相映成趣构成江南水乡冬日里的的独特风景??交通指南绍兴北站-安昌古镇打车20分钟到达景区门口方便快捷若自驾前往古镇门口有大型停车场??门票信息??免费参观??景区入口处扫码填写个人信息获得入镇码即可免费预约进入景区全价票50元/人半价票30元/人是六景点联票城隍殿中国银行穗康钱庄石雕馆绍兴民俗风情馆绍兴师爷馆单个场馆票可进入景区后至城隍殿或绍兴师爷博物馆购买??乌篷船平日价65元/船节假日80元/船可坐三人单程约20分钟乘坐乌篷船穿梭在古镇的水道中感受两岸热闹的节日氛围??拍照打卡老街悠长古桥静卧水道蜿蜒游船轻摇戏台上演着社戏腊味飘香四溢漫步其中用镜头记录这江南水乡的浓郁年味??美食推荐安昌的腊味是过年的味道腊肠10元/串炸臭豆腐10元/碗孝店王酒酿馒头2元/个都是当地特色价格不贵值得一尝快来安昌古镇体验最地道的江南水乡年味吧??,10,"两岸人家,乌篷,画中航,腊肠,鱼鲞,梅干,黄酒,白糖,蚕豆,安昌古镇,年味浓厚,街巷,酱香,冬日暖阳,青砖黛瓦,小桥流水,江南水乡,交通指南,门票信息,免费参观,乌篷船,节日氛围,拍照打卡,老街,古桥,水道,游船,戏台,社戏,腊味,美食推荐,过年的味道",,
青砖灰瓦市井弄堂小桥流水烟笼人家画船听雨行尽江南这是绍兴??定位绍兴安昌古镇??1??路途遥远记得开车前往2??记得提前在安昌古镇公众号预约搜索古镇安昌预约预约码在照片最后一张p93??进古镇不用钱但有些展馆需要钱可以买联票50元公众号可以买4??乌篷船价格为80元单趟限坐三人??索尼A7M3建议用长焦压缩空间有时间可以等五点亮灯蓝调拍摄效果更佳,7,"青砖灰瓦,市井,弄堂,小桥流水,烟笼人家,画船听雨,行尽江南,乌篷船",,
周末两天时间不知道去哪儿玩不允许还有人不知道江浙沪这15个免费景点必须收藏起来各个都是小众宝藏地趁还没大火赶紧冲????浙江篇? 南浔古镇湖州古镇遗珠?免门票就能漫步明清建筑石板路悠悠河岁月静好不过如此??小贴士古镇里藏着很多美食别错过哦? 莫干山庾村湖州文艺青年的天堂??复古建筑+文艺小店随手一拍都是大片?建议找个咖啡店晒太阳发呆惬意? 南湖景区嘉兴历史与美景并存??红船停靠地带娃感受红色文化还能赏湖光山色? 鲁迅故里绍兴绍兴的文化名片??百草园三味书屋都在这儿??文学爱好者必打卡仿佛穿越到鲁迅笔下的世界? 安昌古镇绍兴酱文化古镇??老街酱坊古色古香??冬天来腊肠挂满街头烟火气满满? 九溪十八涧杭州天然氧吧??溪水潺潺绿树成荫??周末散步野餐身心放松解压??江苏篇? 东坡阁宜兴宜兴文化地标??清幽环境感受苏东坡遗迹登山赏景文人墨客的雅致等你来体验? 玄武湖南京南京城市绿洲??划船散步眺望紫金山??悠闲周末就在这里度过吧? 夫子庙南京南京标志性景点古建筑与美食齐聚??秦淮河畔一碗鸭血粉丝汤古都韵味全在这儿? 黎里古镇苏州小众宝藏古镇游客少保留原始江南水乡风貌??拍照超美宁静又美好? 大觉寺宜兴禅意十足的地方??清幽环境寺庙与山水相融来这儿让心灵瞬间平静??上海篇? 徐家汇书院上海文化新地标超多书籍??绝美建筑??找个角落沉浸书海超幸福? 马勒别墅欧式建筑代表风格独特拍照超好看??一秒穿越欧洲出片率超高? 泰晤士小镇英伦风情小镇欧式建筑+小桥流水?一杯咖啡享受惬意时光仿佛置身欧洲? 广富林遗址公园历史文化公园自然风光与古遗址结合??感受历史厚重探索古迹奥秘??宝子们江浙沪的免费宝藏景点真的太多啦这15个只是冰山一角快找个周末出发去探索这些宝藏景点吧??评论区告诉我你pick哪一个景点?,9,"古镇遗珠,明清建筑,石板路,岁月静好,文艺青年,复古建筑,文艺小店,历史与美景,文化名片,百草园,三味书屋,酱文化,天然氧吧,文化地标,城市绿洲,标志性景点,古建筑,江南水乡风貌,禅意,欧式建筑,英伦风情,历史文化公园",,
??绍兴木心先生言有骨的江南当看绍兴大多数人爱绍兴最爱的便是那股天然的生活姿态从生着青苔的粉墙黛瓦到水面上晃晃悠悠的乌篷船被时光浸润的绍兴是江南最好的模样总要下一趟江南总要去一次绍兴??景点推荐??安昌古镇两岸人家安且昌乌篷俨在画中航腊肠鱼鲞梅干熟黄酒白糖蚕豆香建筑传承了典型的江南水乡风格千百年来任时间如白云苍狗它依旧坚守着如初见时的形态??书圣故里这里是绍兴风貌保存最完整的区域白墙黛瓦河灯乌篷这里有原汁原味的家常有浸润在时光里的恬淡有小桥流水冬日暖阳般的柔情??鲁迅故里绍兴遗留了很多鲁迅当年生活的气息从百草园到三味书屋一草一木一砖一瓦都在叙述着鲁迅的童年和少年故事??八字桥历史街区绍兴最能代表江南水乡风貌的目的地之一当属八字桥历史街区距今已有1200多年历史的八字桥有着中国最古老立交桥的美名??仓桥直街典型的青石板湿苔藓乌篷船一派人家尽枕河的水乡风光来绍兴这座千年古城看一看感受一下江南水乡的慢生活仿佛感受到了时光在这里缓缓流淌,1,"天然,生活姿态,青苔,粉墙黛瓦,乌篷船,时光,江南,安昌古镇,两岸人家,腊肠,鱼鲞,梅干,黄酒,白糖蚕豆,建筑,江南水乡风格,时间,形态,书圣故里,白墙黛瓦,河灯,乌篷,家常,恬淡,小桥流水,冬日暖阳,柔情,鲁迅故里,百草园,三味书屋,一草一木,一砖一瓦,童年,少年故事,八字桥历史街区,江南水乡风貌,八字桥,立交桥,仓桥直街,青石板,湿苔藓,乌篷船,人家尽枕河,水乡风光,慢生活,时光",,
在繁华都市和静谧的山野之间更爱古城的典雅--活着的古城[红书R]绍兴一座在湖光山色中藏着诗和远方的古城[红薯R]Day1绍兴市区内建议一天半的时间可以将以下精华景点进行逛完仅限于逛如果想深度游可以自行筛选下面将精华景点根据距离分布分为三组[向右R]Tour1鲁迅故居推沈园推徐渭美术馆--仓桥直街推[向右R]Tour2书圣故里推孑民图书馆八字桥推[向右R]Tour3阳明故里西小路街区推府山公园大家可以根据时间进行主次划分[红薯R]Day2[向右R]东湖景区一定要体验一下乌篷船市区内的乌篷船可能因为河道有点窄体验感个人感觉没有苏州的好因此可以来东湖景区体验一下乘着船穿梭在石壁之间很是特别的体验[向右R]兰亭景区因为王羲之的兰亭集序我个人很喜欢所以每年都会来兰亭景区[樱花R]整个景区不小可能要游玩半天以观赏为主有曲水流觞遗址以及书法碑林最重要的是兰亭有灵性的大白鹅[太阳R]真的是太值得每年去看看它们了因为以上两个景区都不在市区内因此大家可以选择一天进行专门的游玩这样不会很累[红薯R]Day3安昌古镇冬天去建议一定要冬天去感受一下鲁迅笔下的年味儿这个古镇还没有被完全商业化出摊开店的大部分还是本地居民香肠腊货串起来能绕地球两圈一点也不夸张绍兴无论是市区内还是古镇里大家的腊货都摆放的整整齐齐可能是商量好的强迫症极其友好[清单R]其实个人感觉探索一个城市稍微看一下攻略就好最有趣[气球R]的还是在探索的过程当中能够碰到一些有趣的人或者事情比如绍兴的黄酒咖啡是真的不太好喝but误打误撞进去一家黄酒奶茶真的超级棒好像在仓桥直街叫[红薯R]一间陈年跟老板还聊了会天连续两天都去喝他们家的黄酒奶茶超级棒再比如你会在绍兴的街上碰到挑着担子卖兰花的阿婆他们真的在卖兰花而且本地人真的会买哦真的浪漫到骨子里[满月R]再或者你可以碰到在阳光下古道边看书的叔叔我还发现绍兴人很是不喜欢打印机他们能手写的门牌或者门匾绝对不打印在老街走墙上随便一看都是书法这真的是一个古城还在活着的最生动的佐证,1,"古城,典雅,活着,诗和远方,鲁迅故居,沈园,徐渭美术馆,仓桥直街,书圣故里,孑民图书馆,八字桥,阳明故里,西小路街区,府山公园,东湖景区,乌篷船,兰亭景区,兰亭集序,曲水流觞,书法碑林,灵性的大白鹅,安昌古镇,年味儿,商业化,本地居民,腊货,黄酒奶茶,挑着担子卖兰花,古道边看书,手写门牌,书法,古城还在活着",,
上海 & 绍兴 五天四晚三- 5天4晚行程安排 - DAY1??    大连-- 上海DAY2??    上海DAY3??    上海--绍兴DAY4??    绍兴DAY5??    绍兴--上海--大连 -  具体行程安排  - DAY 4??出发地绍兴仓桥直街出发时间8:00出行交通自驾??目的地东湖/ 昂桑湖/安昌古镇酒店花筑-绍兴五十七号院民宿DAY 5??出发地绍兴仓桥直街出发时间15:00出行交通自驾目的地上海浦东机场到达时间17:00游玩景点DAY4?? 1. 东湖风景区2. 昂桑湖3. 安昌古镇DAY5?? 1. 兰亭景区打卡景点1?? 东湖风景区门票50  游船40四个人一艘船开放时间提前咨询游玩时间1.5小时壁立千尺路隘难通大舟人洞坐井观空勿谓湖小天在其中绍兴东湖位于绍兴古城东南6公里处以峭壁岩洞石桥湖面奇景而闻名是浙江省三大名湖之一东湖虽然规模不大但因其奇石奇洞所构成的奇景使其成为旅游胜地湖内有陶公洞仙桃洞等景点碧潭岩影空谷传声景色奇绝号称天下第一水石盆景东湖还富有历史意义陶成章鲁迅等文化名人都曾到过东湖2??  昂桑湖门票免费开放时间全天游玩时间1h绍兴犭央犭茶湖上古纤道错过了柯桥区古纤道就来越城区的犭央犭茶湖奇奇怪怪的名字这两个字念作ang sang也有替代表达昂桑湖源于绍兴的方言发音是一种大伙儿熟知的鱼类黄辣丁这个湖是绍兴最大的淡水湖因盛产犭央犭茶鱼而得名是沟通南北两岸交通和船只躲避风浪的通道犭央犭茶湖避塘3?? 安昌古镇门票1免费开放时间全天游玩时间2小时漫步在古镇的石板路上河道两旁的建筑古朴典雅人头攒动烟火气十足与那些充满商业气息的古镇不同安昌古镇更多地保留了原生态的韵味DAY 5??1?? 兰亭景区门票70开发时间8:00-17:00游玩时间2小时兰亭景区是一个充满文化底蕴和自然美景的地方无论是书法爱好者还是普通游客都能在这里找到属于自己的乐趣,7,"安昌古镇,原生态,烟火气,古朴典雅,石板路,河道,建筑,商业气息",,
去了绍兴走了走去了一下安昌古镇也算风格明显还不,6,风格明显,,
2日安排6月15日6月16日:上海?盐帮十八渡?度假庄园?安昌古镇???上海??盐帮十八渡由来:在绍兴新昌有一条充满故事的古道当年私盐贩子为躲避官府追查在冷山僻壤踩出的便道称盐帮古道一路上沿溪江而行大大小小的溪流纵横交错有渡口十八个所以这里还有一个名称叫盐帮十八飞渡全程5:里家溪村?赤岩村第1??天:我们从里家溪村出发开始穿越十八个渡口全程平坦石板路没有爬升沿着溪流来回穿越十八个渡口每个渡口都有一个好听的名字或浅滩或汀步或石桥菩提渡桃花渡飞石渡等等P4-P7人在渡上走水在脚下流清澈的溪流与两岸苍翠的山林相映衬仿佛一幅江南水墨画卷在17渡有家小卖部和餐饮住宿(P 9还能看到鹅鹅们在溪上惬意的洗澡??酒店:走完十八个渡口抵达赤岩村大巴车会在这里等我们带我们回酒店吃晚餐看电影(P11)我们包下了酒店VIP影院带上狗狗一起观看精彩的电影第2??天睡到自然醒享用早餐带着狗狗在庄园里漫步呼吸新鲜空气享受富氧的味道乘车前往安昌古镇P12在这里寻找古镇各种特色美食摄影师在古镇拍美美的照片有兴趣的可以换上汉服乘坐乌篷船游览拍照返程回上海喽,9,"古镇原貌,商业水平不高,童年的梦",,
?? 江浙沪清明小长假这5个绝美古镇人少景美超好拍??清明假期不想人挤人江浙沪宝藏古镇清单来啦青石板路小桥流水糯叽叽美食一键解锁江南春日限定浪漫?? 推荐古镇TOP51?? 绍兴安昌古镇?? 特色原生态水乡几乎没有商业化腊肠酱鸭挂满廊棚烟火气十足?? 打卡点仁昌酱园舌尖上的中国取景地乌篷船摇曳水巷?? 必吃安昌印糕酒酿馒头扯白糖2?? 湖州南浔古镇?? 特色中西合璧的豪门古宅人少清静夜游超有氛围?? 打卡点百间楼张石铭旧宅玻璃雕花绝美小莲庄?? 必吃双浇面爆鱼+酥肉浔蹄定胜糕3?? 嘉兴西塘古镇?? 特色清明正逢汉服文化周穿汉服免门票夜景酒吧街超热闹?? 打卡点烟雨长廊送子来凤桥樱花庭院春季限定?? 必吃管老太臭豆腐芡实糕油墩子4?? 苏州黎里古镇?? 特色冷门到哭吴江小众古镇保留明清原貌适合发呆放空?? 打卡点柳亚子故居廊棚下喝阿婆茶?? 必吃油墩子辣鸡脚套肠5?? 宁波前童古镇?? 特色活着的古镇村民依旧浣衣做饭八卦水系超独特?? 打卡点鹿山俯瞰全景童氏宗祠手工豆腐坊?? 必吃前童三宝老豆腐空心腐香干?? 旅行小贴士?? 建议早起8点前或傍晚游玩避开人流高峰?? 部分古镇需门票提前某团/高德购票更便宜?? 穿搭推荐新中式汉服浅色系连衣裙搭配油纸伞更出片这个清明一起躲进江南古镇的温柔里吧 ??**?? 评论区提问秒回关注我解锁更多小众玩法**,9,"古镇原貌,商业化水平不高,特色,烟火气,中西合璧,人少清静,夜游氛围,清明汉服文化周,穿汉服免门票,热闹,冷门,明清原貌,适合发呆放空,活着的古镇,村民浣衣做饭,八卦水系超独特",,
对就是节假日人爆满的安昌古镇?? 但后段蕞淳朴的小街巷???商业化段没??人??拍因后半段相对集中景点没那么多须自己发掘体会但于我而言却更少商业化和故意营造反而还原了古镇本身不加修饰的面貌??位置浙江省绍兴市柯桥区安昌古镇??交通带小宝宝建议绍兴市内自驾约半小时??程若不想考虑节假日停车打车即可???停车免费节假日建议反向西街停车场进入避开正门人流高峰???取景点参考机位后街段机位请参考图和图错开人群在蕞原貌的古镇还是能安静出片的前面人头窜动也能抓拍部分近身?????美食古镇沿街小吃都挺不错可以边吃边买边逛值得一提的是孝店王酒酿馒头虽然排队真的很长很长但到手胡乱买了一通都是很好吃的很有自己的特色特色酱油上过舌尖拍摄的仁昌园酱油可以??参观他们的工坊??注??里面收费景点门票收费都不便宜且人巨多感觉略有做作非深度游可以只挑选部分特别感兴趣的入即可,1,"古镇原貌,商业化水平不高,还原,本身不加修饰的面貌,免费,机位,特色,舌尖,工坊",,
每年都会来古镇走走感受一下这深深的烟火气息~,9,"古镇,烟火气息",,
"在绍兴南部山区有一处世外桃源一王坛镇这里是一个充满自然美景和文化底蕴的地方地处小舜江源头保护区域被誉为""清水摇篮养生福地"".王坛的美可以用山水画卷来形容这里的水资源丰富是生态之魂也是王坛""美""出圈的法宝.王坛镇以其独特的自然风光和深厚的舜文化著称.",10,"世外桃源,自然美景,文化底蕴,小舜江源头,保护区域,清水摇篮,养生福地,山水画卷,生态之魂,舜文化",,
元旦放假一天从杭州开车1小时来这玩满街都是腊肠酱鸭年味氛围浓厚到没话说不愧是被国家地理推荐 上过央视的尤其坐乌篷船逛古镇能把两岸人家的烟火气尽收眼底在岸上看着乌篷船穿梭在河里的风景也别有一番风味??定位绍兴安昌古镇??导航安昌古镇停车场??门票免费里面的几个展馆需要另买门票,9,"腊肠,酱鸭,年味,氛围,国家地理,央视,乌篷船,两岸人家,烟火气,河里,风景,安昌古镇,门票免费",,
江浙沪古镇团建古镇定向-吃吃喝喝的团建已经OUT了??来点不一样的体验真人NPC互动+综艺同款寻宝江浙沪古镇?全员穿越到古代江湖沉浸式团建体验hr姐妹们快快收藏??苏州同里古镇我本无意入江南奈何江南入我心??苏州周庄古镇被国家地理评为江南第yi水乡有多绝??苏州木渎古镇皇上下江南必打卡融合江南园林的柔美与北方园林的豪迈??嘉兴乌镇古镇垂满蓝染布的染坊随风而动的染布拍照??嘉兴濮院古镇有唐宋风貌的西式教堂的还有民国风的剧院??嘉兴西塘古镇以其保存完好的明清建筑烟雨长廊和宁静的水乡风情闻名??湖州南浔古镇白墙黑瓦碧水潺潺十足的烟火气??上海朱家角古镇青浦小威尼斯青浦古镇团建好去处??绍兴安昌古镇这里的乌篷船和静谧的水乡景致简直是心灵的最佳慰籍??团建方案流程0900 | 出发目的地1000 | 破冰分组+规则讲解1100 | 古风换装+小镇游览1200 | 特色午餐1300 | 古镇美食打卡1600 | 多线任务+趣味挑战1700 | 活动复盘颁奖合影??1730 | 返程??更多,1,"江浙沪古镇,真人NPC互动,综艺同款寻宝,古代江湖沉浸式团建,苏州同里古镇,无意入江南,奈何江南入我心,苏州周庄古镇,国家地理,江南第yi水乡,苏州木渎古镇,皇上下江南,江南园林,北方园林,嘉兴乌镇,古镇垂满蓝染布,染坊,随风而动的染布拍照,嘉兴濮院古镇,唐宋风貌,西式教堂,民国风剧院,嘉兴西塘古镇,明清建筑,烟雨长廊,宁静水乡风情,湖州南浔古镇,白墙黑瓦,碧水潺潺,烟火气,上海朱家角古镇,青浦小威尼斯,绍兴安昌古镇,乌篷船,静谧水乡景致,心灵最佳慰籍",,
绍兴安昌古镇|藏在江南的烟火诗篇如果说江南是一首诗那安昌古镇便是诗中最动人的篇章这里是岁月沉淀的温柔乡是人间烟火的真实写照,10,"安昌古镇,诗,岁月沉淀,温柔乡,人间烟火,真实写照",,
江南水乡安昌古镇,6,"江南水乡,安昌古镇",,
江浙沪9??城路线攻略合集来喽车费??126南京??扬州??镇江??常州??苏州??上海??嘉兴??杭州??绍兴??南京古鸡鸣寺?夫子庙?鼓楼公园?玄武湖?紫金山天文台?江宁织造博物馆?南京博物馆?长江大桥?南京眼?侵华日军南京大屠杀遇难同胞纪念馆?云锦博物馆??扬州大明寺?瘦西湖?观音山?扬州八怪纪念馆?文昌阁?扬州双博?大运河博物馆?荷花池?江主席故居?朱自清故居?何园?皮市街?彩衣街??镇江西津渡?金山?金山文化博览园?天下第一泉?北固山?镇江博物馆?焦山?茅山?醋文化博物馆??常州新龙生态林?迪诺水镇?中华恐龙园?常州博物馆?紫荆公园?青果巷?半山书局?明城墙?瞿秋白纪念馆?运河五号 三堡街?环球港龙眼摩天轮?宝塔禅寺?常州古运河??苏州拙政园?狮子林?寒山寺?苏州博物馆?平江路?耦园?金鸡湖?东方之门?双塔市集?七里山塘?沙溪古镇?盘门景区?周庄??上海豫园?徐家汇天主教堂?朱家角古镇?外滩?东方明珠?上海博物馆?迪士尼乐园?南京路步行街?新天地?陆家嘴?思南公馆?城隍庙?M50创意园??嘉兴乌镇?月河老街?梅湾街?西塘古镇?南浔古镇?嘉兴南湖?乌村?子城遗址公园?南湖革命纪念馆?嘉兴博物馆??杭州西湖?灵隐寺?法喜寺?京杭大运河博物馆?浙江美术馆?中国丝绸博物馆?江南水乡博物馆?中国茶叶博物馆?跨湖桥遗址博物馆?桥西四街四大博物馆?拱宸桥?湖滨银泰?净慈寺?杭州植物园?象山艺术公社?河坊街?南宋御街?五柳巷?城隍阁??绍兴鲁迅故里?和桥古镇?黄酒博物馆?绍兴越国文化博物馆?沈园?周恩来纪念馆?蔡元培故居?绍兴博物馆?仓桥直街?徐渭艺术馆?青藤书屋?秋瑾故居?香炉峰?八字桥?书圣故里?安昌古镇?兰亭景区??景点很多任君挑选,7,"新市古镇,古建筑群,传统手工艺,民俗文化,自然风光,历史遗迹,特色小吃,宁静氛围,原汁原味,文化底蕴",,
市井中繁华处最人间今年Bryan走过了许多街巷感受到了不同地域的风土人情万人空巷的盛会车水马龙的集市大山深处的古村每处都令人万分难忘也许生活就是这样一半人间烟火一半诗和远方??Bryan精选了18个宝藏地点在这里分享给你??照片说明??图1.??泉州通淮关岳庙正月初五迎财神寺庙香火不断图2.??泉州西街开元寺海上丝路起点红砖古厝的世遗之城图3.??黄山汪满田鱼灯元宵民俗文化令人热泪盈眶的盛会图4.??福州长乐游神闽东地区民俗活动热闹非凡图5.??西安古城中轴线长安车水马龙跨越千年的历史回响图6.??武汉粮道街得胜桥黄鹤楼经典打卡机位宝藏小巷图7??嘉兴西塘古镇红尘客栈风似刀骤雨落宿命敲图8.??绍兴安昌古镇师爷故里跨越千年的人间烟火气图9.??甘孜色达五明佛学院天上佛国万家灯火化作渺渺星河图10.??阳朔兴坪古镇渔舟唱晚桂林山水的巅峰时刻图11.??黔东南肇兴侗寨大山深处的避世侗寨原生态古村图12.??威海海源公园合庆码头海边的海鲜市场海岸上的烟火气图13.??婺源李坑诗中小桥流水人家的具象化图14.??婺源篁岭江南西道田园丰收的烟火气图15.??重庆朝东路来福士古今同辉赛博朋克式的街道图16.??长沙文运街街头感十足的市井小巷图17.??厦门八市霓虹绚烂海滨城市的老街图18.??苏州山塘街夜未央江南水乡的烟火人间,10,"市井,人间,风土人情,盛会,集市,古村,人间烟火,诗和远方,宝藏,香火,海上丝路,红砖古厝,世遗,鱼灯,民俗文化,游神,中轴线,历史回响,打卡,小巷,红尘客栈,人间烟火气,佛国,星河,渔舟唱晚,山水,巅峰时刻,避世侗寨,原生态古村,海鲜市场,烟火气,小桥流水人家,田园丰收,赛博朋克,市井,霓虹,老街,夜未央,水乡",,
标题党了绍兴安昌古镇年味越来越近了春节的气息悄悄来临绍兴安昌古镇?,6,古镇原貌,商业水平不高,童年的梦
它就是酱油-天气渐冷?又到了绍兴人开始做酱货的时候尤其是走在安昌古镇????到处都飘满了酱香味~而这些美味??就来源于仁昌酱园里独特的制作技艺-??仁昌酱园始建于清朝光绪18年距今已经有一百多年的历史如今被列为浙江省非遗传承基地??-酱园里排列着上百支硕大的酱缸可以零距离参观晒酱制酱过程运气好的话还能见到工人开盖搅拌??-参观完酱园还可以逛逛古镇老街品尝酱货感受安昌特有的水乡风情?-?仁昌酱园???地址环镇南路安昌镇7号安昌古镇内??开放时间07:30-17:30??门票免费-?安昌古镇???地址绍兴市柯桥区安华北路安昌古镇??开放时间全天??门票古镇大门票免费古镇内景点联票40r/人??出行绍兴地铁1号线中国轻纺城站直接打车15分钟抵达或乘坐公交816/805路-,9,"酱香味,仁昌酱园,清朝光绪18年,浙江省非遗传承基地,酱缸,晒酱制酱过程,工人开盖搅拌,古镇老街,酱货,水乡风情",,
DAY1????上海虹桥绍兴北站安昌古镇去酒店放行李??咸亨酒店鲁迅故里沈园??寻味绍兴仓桥直街?安昌古镇绍兴北站可以直接打车去安昌古镇6公里左右早晨去人不多可以逛一逛酱园买一些腊肉司机说他们当地人也会去那里买?咸亨酒店最推荐蚕豆?鲁迅故里需要提前公众号去预约建议有条件的可以请一个解说人很多走马观花看的话没啥感觉?沈园陆游与唐婉邂逅的地方走过去很近园子里有很多诗词碑刻适合拍照?寻味绍兴吃饭很多人排队建议提前拍下取号二维码线上取号?仓桥直街晚上有很多的小吃可以散步逛一逛看看小桥流水吃吃黄酒棒冰DAY2??周恩来祖居书圣故里阳明故里蔡元培故居黄酒博物馆兰亭景区??黄酒博物馆感觉没什么必要看看了看黄酒的制作以及精美的黄酒瓶子可能因为不感兴趣所以就走马观花对酒文化感兴趣的可以去?兰亭景区王羲之在此写下兰亭集序可以感受他笔下的曲水流觞人不多吹吹风划划船怡然自得DAY3??东湖回上海东湖早晨9点去东湖坐了乌篷船崖壁石桥岩洞与湖面组合成一副和谐的画面总的来说绍兴是一个充满文化底蕴且适合悠闲居住地方数不完的小桥流水青砖黛瓦漫步其中感受江南的诗情画意和人间烟火气,1,"古镇原貌,商业水平不高,童年的梦,小桥流水,人间烟火气",,
安昌古镇你太低调了人少景美烟火气十足关键还免费浙江旅行一定不要错过位于绍兴市的安昌古镇这座建于北宋时期具有千年历史的古镇依河而建北岸为商市南岸是民居水上众多石桥连接两岸有着典型的江南水乡风光和地道的烟火气??具体地址浙江省绍兴市柯桥区安华北路与环镇南路交叉口西北角??门票免费??景美打卡点1??三里街市 沿着河边漫步感受质朴生活气息欣赏古街石桥流水构成的水乡画卷.2??腊肠晾晒区冬季前往可看到河岸边竹架子上挂满腊肠构成独特风景还能品尝购买地道安昌腊肠.3??仁昌酱园作为景点免费开放可参观酱油酿造过程了解传统酱文化感受空气中弥漫的酱香.4??古戏台古镇入口不远有古戏台可免费观看节目感受当地文化特色.??美食推荐安昌糕点扯白糖腊肠黄酒棒冰梅干菜烧肉笋干酒酿馒头等安昌古镇一处宛如遗世明珠的江南水乡漫步其间千年古桥横卧河上腊肠在街边晾晒成独特风景三里街市尽显古朴韵味仁昌酱园飘出岁月的酱香每一处角落都美得让人心醉不论你是逃离城市周末游还是高铁游亦或是路过总之有机会别错过??魔都深度挖掘全国旅行宝藏各种攻略分享??多平台签约作者欢迎关注?,1,"人少,景美,烟火气,免费,千年历史,古街石桥流水,水乡画卷,腊肠晾晒区,仁昌酱园,酱香,古戏台,安昌糕点,扯白糖,腊肠,黄酒,棒冰,梅干菜烧肉,笋干,酒酿馒头,遗世明珠,江南水乡,千年古桥,独特风景,古朴韵味",,
4.5跟朋友绍兴一日游记录??,4,古镇原貌,商业水平不高,童年的梦
??上海出发自驾2.5小时带狗子来打卡绍兴??[星R]带着父母和狗所以这次选了整套的民宿3??天的行程安排放在图[二R]-图[四R]了[看R]??Day.1图[二R]我们是上午11点左右到的直接先去了羊山古城再入住酒店休息片刻去的昂桑湖??瓜渚湖??安昌古镇如果时间来不及可以两个湖选一个或是直接去安昌古镇??Day.2图[三R]上午柯岩风景区下午书圣故里??鲁迅故里??仓桥直街??柯岩景区全程宠物友好客船也能直接带上船不需要额外收费[满月R]??书圣故里和鲁迅故里室内景点宠物不能入内我们就留一个人在外面看狗轮流去参观????Day.3图[四R]府山直街??石井水库??梅坞古道??皂李湖??梅坞古道的时间不够可以不去个人觉得春夏徒步更合适主要也担心狗狗体力??全程景点只有柯岩收费其他都是??的绍兴zf不宣传你糊涂啊[集美R]景美古韵绍兴游性价比也太高了??,1,"羊山古城,昂桑湖,瓜渚湖,安昌古镇,柯岩风景区,书圣故里,鲁迅故里,仓桥直街,府山直街,石井水库,梅坞古道,皂李湖,景美,古韵,性价比高",,
Hey小伙伴们今天带你们走进一个隐藏版的江南水乡绍兴安昌古镇??这里没有乌镇西塘的喧嚣却有着最地道的江南风情和浓浓的生活气息安昌古镇位于绍兴市柯桥区是一座有着千年历史的古镇这里的古桥古街古民居仿佛都在诉说着古老的故事漫步在青石板铺就的小巷两旁是保存完好的明清建筑古色古香仿佛穿越回了那个年代最让人心动的是这里的居民依然保持着传统的生活方式你可以看到老奶奶在河边洗衣服老爷爷在门口晒太阳生活节奏慢得让人羡慕而且这里的特色小吃也是一绝安昌腊肠酱鸭臭豆腐每一样都让人垂涎三尺??如果你厌倦了城市的喧嚣想要寻找一份宁静那么安昌古镇绝对是你的不二之选来这里放慢脚步感受江南水乡的独特魅力吧以上文案由deepseek自主生成但实际上和我想要撰写的大部分一致古镇的停车场很大比较好停车天气好的时候去那里逛逛挺好沿街售卖的大多是小吃且价格都很实惠味道不大踩雷可以放心购入这次没有进入需要收费的景点展览馆那些只逛古镇就已经相当舒适了不过中老年人可能还是会觉得有点商业化浓厚我个人体感是还好?,1,"安昌古镇, 千年历史, 古桥古街古民居, 青石板, 明清建筑, 传统的生活方式, 生活节奏慢, 特色小吃, 安昌腊肠, 酱鸭, 臭豆腐, 停车场大, 沿街售卖, 价格实惠, 味道不大踩雷, 放慢脚步, 江南水乡独特魅力",,
江浙沪周边团建|上海周边团建|公司团建.1?? 安吉??必去云上草原江南天池中南百草园??团建活动竹海徒步+野餐感受大自然的清新??.2?? 绍兴??必去鲁迅故里安昌古镇东湖??团建活动古镇漫步+黄酒品鉴感受江南的慢生活????.3?? 台州??必去神仙居七彩小箬村天台山??团建活动山地探险+海岛露营挑战与放松并存?????.4?? 溧阳??必去天目湖南山竹海御水温泉??团建活动竹海骑行+温泉派对享受慢生活????.5?? 千岛湖??必去天屿山龙川湾啤酒小镇??团建活动皮划艇比赛+湖边露营玩水玩到爽???.6?? 象山??必去象山影视城南田山中国渔村黄金沙滩??团建活动山地探险+海岛露营.7?? 莫干山??必去裸心堡剑池碧坞龙潭??团建活动竹林瑜伽+山间烧烤放松身心两不误????.8?? 桐庐??必去富春江瑶琳仙境大奇山??团建活动山水摄影+篝火晚会拍美照嗨到爆??.??团建活动??关于我们?专注公司团建策划?吃喝玩乐住行门票一站式服务?团建活动我们是专业的好玩不踩雷?全国州团建均可一键安排.私?留下团建加人数可得定制团建方案,8,"古镇原貌,童年的梦,江南天池,云上草原,中南百草园,竹海,大自然,鲁迅故里,安昌古镇,东湖,黄酒品鉴,江南的慢生活,神仙居,七彩小箬村,天台山,山地探险,海岛露营,天目湖,南山竹海,御水温泉,竹海骑行,温泉派对,慢生活,千岛湖,天屿山,龙川湾,啤酒小镇,皮划艇比赛,湖边露营,象山影视城,南田山,中国渔村,黄金沙滩,莫干山,裸心堡,剑池,碧坞龙潭,竹林瑜伽,山间烧烤,富春江,瑶琳仙境,大奇山,山水摄影,篝火晚会",,
"哎呀华南小众宝藏地图居然被你找到了我是荨野一个喜欢酷酷事物的女生跟着我带你寻找不一样的城市路线图鉴???坐标成都我在这里找到了神之围楼同款现实版大鱼海棠椿的家??就藏在洛带古镇里的博客楼-世界的洛带永远的客家洛带古镇坐落于成都东郊是中国西部zui大保存zui完好的客家古镇有着西部客家第一镇的美誉如果你要来成都那么这个客家土楼一定不要错过???游玩路线洛带古镇?五凤楼?博客楼??拍照地??洛带古镇这里被誉为""西部客家第一镇""里面有很多小吃景区很大可以逛一天还可以租汉服穿??博客楼这里可以拍到大鱼海棠的同款土楼共有四层楼一楼纪念品店等二楼客家文化展馆三楼客家家风馆四楼西部文献修复中心暂不对外开放??五凤楼又名凤仪阁高约23.8米共三层是典型的宫廷式门楼是洛带古镇的标志性建筑??门票免费??地铁2号线龙泉驿站再坐公交车到洛带客运中心站下??自驾导航洛带古镇有停车场",9,"华南,小众,宝藏,成都,神之围楼,现实版,大鱼海棠,椿的家,洛带古镇,博客楼,世界,客家,西部,第一镇,客家土楼,五凤楼,小吃,景区,汉服,宫廷式门楼,标志性建筑,门票免费,地铁,公交车,自驾,停车场",,
一直都没有好好写一写去年一年在路上的故事手机相册和电脑都被照片和视频塞满拖拖拉拉断断续续写了一些现在决定打败拖延症把这一年的旅行日记都写出来趁我还没忘记以后回头来看也一定很有意思吧去年觉得工作很没有意义每天都很痛苦所以就勇敢裸辞啦在江南转了一圈和朋友一起从杭州出发去了河西走廊感受西北风光去拉萨第一次踏上雪域高原又南下去了重庆贵阳后面我一个人又去了云南北方又进藏??所以严格来说从兰州到贵阳这一段?尼泊尔是和朋友两个人一起的其他都是一个人的旅行啦.??按照顺序12-1月-无锡 济南 南浔古镇 绍兴 安昌古镇 扬州2月-亳州 徐州 兰州3月-西宁 张掖 嘉峪关 敦煌 拉萨 林芝 重庆 贵阳4月-昆明 建水 丽江 德钦 梅里雨崩 香格里拉 石屏 大理 通海 绍兴5月-定州 保定 石家庄 正定 沈阳 大连 南京6月-湖州摆摊7月-临海 温岭 新市古镇 绍兴 安昌古镇 天台 新昌 苏州8月-杭州 建德 宁海 萍乡 常熟 安吉10月-上海 登封 南昌 合肥 歙县11-12月-拉萨 尼泊尔加德满都 EBC 博卡拉1月-拉萨 大理 曲靖 南宁.应该说是60个地方才对而且有几个是重复去的其实相比于城市我更喜欢去那些没什么游客不是旅游地的县城和小镇反而有时候更有意思慢悠悠的自由自在以前不喜欢出门后面突然有一天冒出了一个人出门旅行的想法就一发不可收拾啦正如我对徒步的喜爱一样??.出行基本靠火车动车住宿也多是青旅当地出行也多是地铁公交和走路但吃上面绝不亏待自己??.希望在年轻漂亮又活力充沛的日子里尽可能多地感受到各地的大好河山与风土人情永远会为不同地方的特色美食跃跃欲试永远会为看到不一样的美丽风景感到惊喜幸福2024年虽然为了面包重新成为打工人但周末还是会出去感受世界的第一步目标就是填满祖国????地图.,1,"新市古镇,童年的梦,江南水乡,原汁原味,古镇原貌,商业化水平不高",,
我更爱这些被遗忘的江南古镇.,9,"被遗忘,江南古镇",,
?江苏??苏州拙政园平江路周庄寒山寺七里山塘??南京音乐台南京博物馆牛首山秦淮河鸡鸣寺?浙江??杭州九溪十八涧西湖灵隐寺法喜寺小河直街??金华诸葛八卦村牛头山双龙洞横店影视城义乌国际商贸城??台州神仙居大陈岛七彩小箬村国清寺括苍山??绍兴鲁迅故里书圣故里柯桥古镇安昌古镇仓桥直街??舟山普陀山东极岛观音法界??嘉兴西塘乌镇南湖景区月河历史街区?上海??外滩南京路步行街豫园城隍庙七宝古镇广富林遗址,6,古镇原貌,商业水平不高,童年的梦
越接近过年就越想去一次充满浓浓年味的地方这下被我找到了??安昌古镇一个年味儿在这里得到了具象化的地方??一走进古镇那些年味的气息就开始飘散出来了哦不那是腊味??河两岸都挂着一串串红彤彤的腊肠??酱鸭鱼干的腊味年货看起来就很有食欲??古街两边是一家家传统的老店卖着各种各样的年货和小吃??屯了绍兴黄酒??和印糕??准备带回去听说这是安昌古镇蕞受欢迎的美食??在街边还吃了扯白糖和酒酿馒头非常好吃值得一品??到了晚上古镇的红灯笼??都亮了起来整个古镇都照得红彤彤??的非常好看年味十足啊??提着灯笼和我朋友走在街上感觉我们也融入到了这浓浓年味里??如果你还没感受到这股浓浓的年味??那就赶紧来古镇逛逛吧会让你不虚此行的?? ,10,"年味, 古镇, 腊味, 腊肠, 酱鸭鱼干, 老店, 年货, 小吃, 绍兴黄酒, 印糕, 掰白糖, 酒酿馒头, 红灯笼, 街头, 朋友, 浓浓年味",,
Hey小伙伴们?? 是不是已经在计划新年的第一场旅行啦??今天介绍的安昌古镇绍兴不仅有历史的沉淀更有浓浓的年味儿保证让你的新年旅行与众不同????现在可以说是安昌古镇一年中年味最浓的时间腊月里整个古镇被红灯笼高高挂起家家户户忙着晒酱鸭挂腊肉空气中弥漫着食物的香气和幸福的味道???? 古镇的市集是年货的天堂手工制品地道小吃还有那些儿时记忆中的小玩意儿保证让你满载而归?? 记得尝尝那刚出炉的糯米糕软糯香甜一口下去年味儿直抵心间??安昌的水上婚礼别具水乡风情所以这里的乌篷船也都保留了婚礼的装饰红红火火的更有喜庆氛围???乘坐一艘乌篷船悠悠穿梭于古镇的水道间两岸是热闹的市井生活穿行至中段河道变得狭窄更有水上市场的热闹感了这份宁静与喧嚣交织的美只有在安昌才能体会得到??注意一船限坐3人哦黄酒奶茶黄酒咖啡黄酒棒冰绍兴农家菜一定要饱腹一顿再离开安昌古镇绝对值得你踏上这场寻味之旅??景区交通??飞机萧山机场乘坐专线大巴到绍兴柯桥然后在柯桥换乘805/816路等或者直接打车前往古镇?30km??高铁绍兴北站乘坐818路公交车至华舍小学站再转乘816路至安华路环镇南路口站下车或者直接打车前往古镇?6km??自驾直接导航至安昌古镇1号停车场半小时内免费停车10元可停4小时每日最高收费40元??? ,10,"历史的沉淀,浓浓的年味儿,红灯笼,酱鸭,腊肉,食物的香气,幸福的味道,市集,手工制品,地道小吃,儿时记忆,糯米糕,软糯香甜,年味儿,水上婚礼,水乡风情,乌篷船,红红火火,喜庆氛围,水道,市井生活,水上市场,宁静与喧嚣交织,黄酒奶茶,黄酒咖啡,黄酒棒冰,绍兴农家菜,寻味之旅",,
5月12日上海出发??新手友好体验攀岩体验线安昌古镇吃吃喝喝?第一集合点12日 7点30分?东方体育中心6811号线6号口外?第二集合点12日 7点50分 南方商城中庚漫游城门口飞拉达是意大利文Via Ferrata意为岩壁探险或铁道式攀登的音译指的是在山面上建设由铁扶手横梯固定缆索岩石塞踏脚垫等构成的爬山径道让爬山者不会攀岩也能攀上陡峭的岩壁???绍兴首条飞拉达建在刻石山峭壁两条线路长度为430-670m用时2-3小时这里保留了野外攀岩的惊险刺激在安全有充分保障的前提下让普通人也能驰骋悬崖获得极大的精神享受安昌古镇是绍兴四大镇之一目前没有很商业化小镇依河而建白墙黑瓦有各式古老的店铺腊味熏鱼酱油黄酒是这里的特色还有松软的酒酿馒头糯叽叽的安昌印糕都值得一尝Day1 5月12日?周日上海出发??浙江绍兴?11:30左右先到张成鸡煲整顿好的大家懂的哦~~~直接发本地人有名的餐厅大吃一顿美食永远是治愈的良药午饭后集合上车出发前往刻石山景区?12:30左右 到达刻石山景区我们简单修整进入景区经历一段山路来到飞拉达基地换好装备认真聆听教练的指导教学之后便可踏上征服岩壁的旅途了刻石山飞拉达分为AB两线两条线路长度为430-670m需要2-3小时左右完成中途会有安全点可以下撤这次我们的路线是A线有攀岩基础也可以选B线飞拉达结束后也可以在山间咖啡厅稍适休息飞拉达体验结束上车直发安昌古镇看看落日的安昌古镇解决晚饭后上车返程?20:3021:00左右返回集合点开开心心结束整个行程??费用?180元/人包含来回车费和宾馆住宿保险等不包含飞拉达门票?每周都有户外活动分享关系加入?上海喜欢徒步的可以关注?主动和我打招呼,1,"安昌古镇,没有很商业化,依河而建,白墙黑瓦,古老的店铺,腊味熏鱼,酱油黄酒,酒酿馒头,安昌印糕,治愈的良药,飞拉达,野外攀岩,惊险刺激,安全有充分保障,驰骋悬崖,精神享受",,
相机奥林巴斯om1胶卷52071月中旬去的天气特别好的一天,1,"相机,奥林巴斯om1,胶卷5207,1月中旬,天气特别好",,
安昌古镇是浙江省第一批公布的历史文化名镇始建于北宋时期后因战乱多次焚毁又于明清时期重建其建筑风格传承了典型的江南水乡特色一衣带水古朴典雅其特产安昌腊肠扯白糖远近闻名具有水乡风情的水上婚礼也是别具特色是绍兴师爷的故乡古镇拥有杭甬运河古桥古纤道等历史遗存景观素有碧水贯街千万居彩虹跨河十七桥之美誉不过现在的江南古镇吧都差不多没啥特别可逛的路过的话可以进去沿着河边走走,6,"碧水贯街,彩虹跨河,古桥,古纤道,历史遗存景观,水上婚礼,江南水乡特色,安昌腊肠,扯白糖",,
[一R]绍兴绍兴这座被称作江南水乡的城市凭借其古色古香的江南景致和深厚的文化底蕴而备受瞩目踏入 沈园的幽静小径仿佛能听到古人的轻声吟诵让人沉浸于江南水乡的温柔与细腻之中推荐打卡地:鲁迅故居东湖安昌古镇[二R]漳州漳州是一座充满热带风情的城市以迷人的海滩和丰富的水果闻名遐迩在这里你可以在金色沙滩上漫步尽情享受那份宁静与自由推荐打卡地:漳州古城这里以老街情怀悠闲生活闽南韵味台侨情缘为特色融合了历史建筑传统文化和地道美食小吃是体验慢生活的绝佳去处[三R]大理大理以其宁静而浪漫的氛围吸引着无数游客秋季的大理洱海在阳光下波光粼粼湖边的格桑花竞相绽放骑上单车环游洱海感受清风拂面仿佛被大自然温柔拥抱推荐打卡地:洱海喜洲古镇[四R]扬州扬州因秋季的绝美风光而声名远扬瘦西湖畔枫叶渐红银杏金黄漫步苏堤微风轻拂让人心境平和大明寺的钟声悠扬仿佛能拂去心灵的尘埃推荐打卡地:瘦西湖个园何园,1,"古镇原貌,商业水平不高,童年的梦",,
小桥流水乌篷船熏鸭腊肉晒鱼干今天给宝子们整理了一下浙江闭环旅行攻略宝子们喜欢就赶紧点赞收藏加关注啊免得用的时候找不到了大环线上海嘉兴杭州绍兴宁波舟山宁波台州温州丽水金华杭州上海城市路线及推荐景点上海豫园上海老城隍庙外滩和平饭店南京路步行街黄河路武康路陆家嘴外滩夜景酒店嘉兴乌镇西塘古镇杭州 西湖断桥残雪曲院风荷苏提春晓雷锋塔景点推荐西湖三潭印月雷峰塔灵隐寺宋城千岛湖绍兴会稽山王羲之的兰亭序鲁迅故里周恩来故居安昌古镇崇仁古镇沈园东湖西施故居宁波天一阁南塘老街月湖公园舟山东极岛普陀山普济禅寺台州天台山风景区国清寺神仙居温州雁荡山南鹿岛义乌小商品市场丽水云和梯田岩宕书屋古堰画乡应星楼金华横店影视城大红岩风景区小提示舟山如果觉得远可以忽略掉横店影视城和义乌小商品市场还是值得去体验一下的雁荡山可以根据跟人体力选择,7,"古镇原貌,商业水平不高,童年的梦",,
杭州团建上海团建江浙沪团建春季江浙沪团建??究竟旅游该去哪里游玩呢?如果还没确定??那么赶紧收藏码住歌者熬夜整理的江浙沪游玩攻略??很适合春天公司团建/亲子遛娃/朋友旅游露营漂流民宿轰趴避暑度假 江浙沪团建速?? ~?无锡尚田?小镇拈花湾??龙寺生态园常州龙凤谷???上海瀛东度假村淀山湖?车墩影视城海湾国家森林公园?崇明岛东平国家森林公园瀛东度假村海上??花岛度假村明珠湖公园.?湖州莫干山云上?草原天际森谷十八道湾漂流.?嘉兴乌镇梅花??洲南湖景区云澜湾温泉?景区?杭州田美树心三清园灵山户外乐园风??之谷?绍兴安昌古镇五泄风景区平水??相逢生态园月龙湾营地?舟山朱家尖普陀山嵊泗岛东极岛?宁波东钱湖达人谷大应营地浙东大竹海???台州神仙??居景区温岭石塘半岛度假区天台山大瀑布漩门湾湿地公园?丽水仙都风景区云和梯田古堰和??画乡南尖岩风景区松阳老街.?温州雁??荡山百丈漈洞头东岙沙滩三垟湿地`?宜兴宜兴竹海龙背??山森林公园善卷洞紫砂村.想了解更多苏州团建好去处??关于歌者定期分享江浙沪周边团建方案留下人数?日期??获得定制团建方案?休闲旅行团建?特色主题团建吃住行一站式游玩舒适无忧??15人起接,1,"古镇原貌,童年的梦,商业水平不高",,
绍兴首先所有景点都记得在小程序预约(阿Q旅行+)记得要人脸录像但是部分场馆阳光直射不好扫码可以zfb或打开电子版 sfz!D1鲁迅故里-八字桥1-书圣故里-仓桥直街D2安昌古镇-回家1.必打卡景点推荐-鲁迅故里:走进鲁迅笔下的百草园和三味书屋感受文学巨匠的童年记忆免费开放记得提前预约哦-仓桥直街:仓桥直街是绍兴最具代表性的历史文化街区之一被誉为中国遗产活生生的展示地这里不仅有青石板路小桥流水乌篷船还有保存完好的清末民初建筑充满了江南水乡的诗情画意无论是白天漫步还是夜晚亮灯后仓桥直街都能让你感受到最纯粹的绍兴风情2推荐做乌篷船地点:八字桥(千万别在鲁迅故里做河道狭小关键还是单程2.美食推荐黄酒棒冰:绍兴特色小吃黄酒与冰棒的完美结合口感独特一定要试试黄酒奶茶:只喝了沪上阿姨的还不错!奶油小攀:到底谁推荐!这么难吃!!!!避雷避雷绍兴臭豆腐:给个中肯评价不难吃!但是有人没有很推荐那这评价个给跟望江楼包子差不多反正没浪费生活3.实用信息- 开放时间全年开放部分展馆开放时间为8:00-16:30- 门票安昌古镇免费开放旅行小贴士-交通:从黄山出发途径杭州中转地铁或高铁都很方便绍兴市内建议骑单车或步行景点集中-住宿:鲁迅故里附近性价比高推荐三娅民宿方便又实惠- 最佳拍摄时间:清晨或傍晚光线柔和适合拍出江南水乡的韵味快来绍兴来先生的家看看,1,"鲁迅故里,百草园,三味书屋,文学巨匠,童年记忆,仓桥直街,历史文化街区,中国遗产,青石板路,小桥流水,乌篷船,清末民初建筑,江南水乡,诗情画意,绍兴风情,八字桥,黄酒棒冰,绍兴特色小吃,黄酒奶茶,安昌古镇,免费开放",,
安昌古镇你太低调了人少景美烟火气十足关键还免费浙江旅行一定不要错过位于绍兴市的安昌古镇这座建于北宋时期具有千年历史的古镇依河而建北岸为商市南岸是民居水上众多石桥连接两岸有着典型的江南水乡风光和地道的烟火气??具体地址浙江省绍兴市柯桥区安华北路与环镇南路交叉口西北角??门票免费??景美打卡点1??三里街市 沿着河边漫步感受质朴生活气息欣赏古街石桥流水构成的水乡画卷.2??腊肠晾晒区冬季前往可看到河岸边竹架子上挂满腊肠构成独特风景还能品尝购买地道安昌腊肠.3??仁昌酱园作为景点免费开放可参观酱油酿造过程了解传统酱文化感受空气中弥漫的酱香.4??古戏台古镇入口不远有古戏台可免费观看节目感受当地文化特色.??美食推荐安昌糕点扯白糖腊肠黄酒棒冰梅干菜烧肉笋干酒酿馒头等安昌古镇一处宛如遗世明珠的江南水乡漫步其间千年古桥横卧河上腊肠在街边晾晒成独特风景三里街市尽显古朴韵味仁昌酱园飘出岁月的酱香每一处角落都美得让人心醉不论你是逃离城市周末游还是高铁游亦或是路过总之有机会别错过??魔都深度挖掘全国旅行宝藏各种攻略分享??多平台签约作者欢迎关注?,10,"人少,景美,烟火气,免费,千年历史,质朴生活气息,古街石桥流水,水乡画卷,腊肠晾晒区,独特风景,地道安昌腊肠,仁昌酱园,传统酱文化,空气中弥漫的酱香,古戏台,当地文化特色,安昌糕点,扯白糖,腊肠,黄酒,棒冰,梅干菜烧肉,笋干,酒酿馒头,江南水乡,千年古桥,遗世明珠",,
比起人挤人的苏州和杭州低调的绍兴才是我心中的真江南随处可见的历史建筑人文古迹和旅游景点都让我对这座城市深爱不已在绍兴开始一场充满人文和江南韵味的旅行吧.绍兴游玩推荐?东湖风景区 (图1)如同水墨画一般的峭壁深渊碧潭岩影.?昂桑湖古纤道 (图2)蜿蜒曲折的水上古纤道尽显江南水乡的魅力.?安昌古镇 (图3)充满人间烟火气的免费江南水乡古镇.?西小路历史街区 (图4-6)被遗忘的江南水乡俯瞰仿佛一幅真实的江南百景图.?书圣故里 (图7-9)书圣王羲之的故乡免费开放.?八字桥 (图10)古代版的水上立交桥历史悠久.?广宁桥直街 (图11)巷道深深满是老绍兴的生活气息.?仓桥直街 (图12)绍兴特色小吃一条街前街后河很具有江南水乡气息.,10,"低调,历史建筑,人文古迹,旅游景点,水墨画,峭壁深渊,碧潭岩影,水上古纤道,江南水乡,人间烟火气,免费,被遗忘,江南百景图,书圣王羲之,故乡,古代版,水上立交桥,巷道深深,生活气息,特色小吃,前街后河,江南水乡气息",,
鲁迅IP形象好可爱哈哈哈在三味书屋看到了早字安昌古镇也去转了一圈比绍兴市人少多啦扬州何园个园还有瘦西湖也好美[哇R],1,"鲁迅IP形象,三味书屋,早字,安昌古镇,绍兴市,扬州何园,个园,瘦西湖",,
"谁还没去过鲁迅笔下的江南啊??清明来绍兴才是真穿越进语文课本乌篷船摇过三千年历史长河黄酒奶茶配臭豆腐的神仙吃法人均400+解锁最地道的东方威尼斯????课本照进现实打卡清单??鲁迅故里从百草园到三味书屋??免费提前预约?8:30-17:00??摸鲁迅刻""早""字的课桌+打卡巨型课本墙??必吃高老太奶油小攀+越香王老汉臭豆腐??书圣故里王羲之的墨池秘境??免费?全天开放??出片王炸点??题扇桥拍乌篷船与白墙黛瓦同框??老爷爷书店门前的竹椅报纸墙??躲婆弄买把书法团扇当道具??安昌古镇腊味飘香的活态博物馆??免费小景点联票40?8:00-17:00??舌尖暴击??仁昌酱园的酱油冰淇淋??安昌印糕现蒸梅花造型??孝店王酒酿馒头夹梅干菜肉??沈园陆游唐琬的钗头凤绝唱??白天40/夜游80?8:00-17:00夜游18:30入园??晚上看实景越剧体验宋韵美学??隐藏彩蛋葫芦池边找陆游手植古藤??独家玩法指南?八字桥坐乌篷船比鲁迅故里人少?黄酒博物馆DIY酒坛手绘?仓桥直街喝杯黄酒奶茶+黄酒棒冰??住宿交通Tips??推荐住书圣故里临水民宿推开窗见摇橹船??景点集中建议骑共享电动车清明的绍兴像打翻青瓷色的调色盘绵绵春雨反而让古镇更有氛围感快收好这篇保姆级攻略做朋友圈第一个发现宝藏的人",9,"江南,乌篷船,黄酒奶茶,臭豆腐,东方威尼斯,课本,鲁迅故里,百草园,三味书屋,课桌,课本墙,高老太奶油小攀,越香王老汉臭豆腐,书圣故里,墨池秘境,题扇桥,白墙黛瓦,老爷爷书店,竹椅报纸墙,躲婆弄,书法团扇,安昌古镇,腊味,活态博物馆,仁昌酱园,酱油冰淇淋,安昌印糕,孝店王酒酿馒头,沈园,钗头凤,宋韵美学,陆游手植古藤,八字桥,乌篷船,黄酒博物馆,DIY酒坛手绘,仓桥直街,黄酒奶茶,黄酒棒冰,书圣故里临水民宿,青瓷色,春雨,古镇氛围感",,
三四月的江南是一万次的春和景明春暖花开??比起其他喧嚣的古镇我更喜欢这个人少景美安静的濮院古镇这里有很多唐宋明清时期风格的建筑也有伞巷听雨屋这样有江南诗意的打卡地来这里感受静谧美好的江南水乡-??浙江嘉兴桐乡市濮院时尚古镇??高铁到嘉兴嘉兴南桐乡站都可以出站打车约半小时??自驾导航到濮院时尚古镇景区-??濮院春天赏花打卡地点海棠花紫藤百丈连廊3月底-4月樱花北更楼福善寺3月底-4月蔷薇鹤西街蜡烛街3月底-4月初木香瓦舍说书4月-北廊桥晚上可以拍到倒影水中月与月亮??同框看起来就像四个月亮听雨屋真的满足了我对江南古镇雨天的幻想淅淅沥沥的雨声很好听福善塔可以登高望远有电梯俯拍古镇全貌北更楼这里有紫藤花瀑布晚上的紫藤花更香拍照很好看?建议游玩路线游客中心-寺湾街-潄芳禅园-福善寺-濮府(珍宝馆)-关帝庙-云想衣裳(时尚主题展馆)-盒子里的猫限时体验-濮商会馆(濮库)-岳氏三进士第(提线木偶戏)-毛线工坊-楼下街(小吃街)-北更楼-,9,"人少,景美,安静,唐宋明清时期风格建筑,伞巷听雨屋,江南诗意,打卡地,静谧美好,江南水乡,赏花,海棠花,紫藤,百丈连廊,樱花,北更楼,福善寺,蔷薇,鹤西街,蜡烛街,木香,瓦舍说书,北廊桥,倒影水中月,月亮同框,四个月亮,听雨屋,江南古镇雨天幻想,淅淅沥沥雨声,福善塔,登高望远,电梯,俯拍古镇全貌,紫藤花瀑布,拍照好看",,
安昌古镇的年味令人向往走进古镇首先映入眼帘的是那一串串红灯笼它们高悬在青石板路的两旁随风轻轻摇曳像是古老的时光信使传递着新年的喜悦与期盼红灯笼的光影洒在斑驳的墙壁上为这历史悠久的街道增添了几分温馨与祥和沿着河岸漫步只见乌篷船悠悠划过水面船夫戴着斗笠哼着小调那份悠然自得仿佛是与世隔绝的宁静河岸边家家户户忙着晾晒酱鸭酱肉那浓郁的酱香与年味交织在一起让人忍不住驻足深吸一口这独特的香气心中便生出一种难以言喻的幸福感在安昌古镇年味不仅仅是一种味道更是一种情怀一种传承它让人们在忙碌与喧嚣的现代生活中是时间的低语是岁月的回响更是每个人心中那份永恒的乡愁与温暖,10,"安昌古镇, 年味, 红灯笼, 青石板路, 古老, 新年, 喜悦, 盼望, 光影, 墙壁, 温馨, 祥和, 河岸, 乌篷船, 船夫, 斗笠, 小调, 悠然自得, 宁静, 酱鸭, 酱肉, 浓郁, 酱香, 幸福感, 情怀, 传承, 忙碌, 喧嚣, 低语, 回响, 乡愁, 温暖",,
中国最适合一个人散心的12个古镇 孤独累了就去走走,8,"古镇,孤独,累了,走走",,
