评论,打分,积极评价要素词汇_1,积极评价要素词汇_2,积极评价要素词汇_3,积极评价要素词汇_4,积极评价要素词汇_5,积极评价要素词汇_6,积极评价要素词汇_7,积极评价要素词汇_8,积极评价要素词汇_9,积极评价要素词汇_10,积极评价要素词汇_11,积极评价要素词汇_12,积极评价要素词汇_13,积极评价要素词汇_14,积极评价要素词汇_15
作为比较有代表性的江南水乡古镇之一乌镇有一种会让人放慢脚步的魔力消费也不是很高只需要一个周末就够了但如果没有做好攻略也容易踩累多花冤枉钱这个视频给大家作为参考避免踩坑?,8,"江南水乡,古镇,放慢脚步,消费不高,周末,攻略,踩坑",,,,,,,,,,,,,,
??此款金属冰箱贴取景自乌镇染坊西栅有草木本色染坊东栅有宏源泰染坊晒场竖立着密集的高杆晒布架无数蓝印花布悬挂晾晒于此风景独特规模壮观故而也相当受游人青睐-非遗蓝印花布那抹古朴典雅的靛蓝--@乌镇文创,8,金属冰箱贴,乌镇染坊,草木本色染坊,宏源泰染坊,蓝印花布,风景独特,规模壮观,非遗,古朴典雅,靛蓝,,,,,
乌镇这里被国家地理评为最美古镇小桥流水白墙黛瓦船声荡漾如诗如画现在正值乌镇春天好好生活节油菜花开的正好很适合踏春游玩马上清明五一了如果你只去一个古镇我建议你来这.??但乌镇人很多怎么才能避开人且玩到精华呢游玩避堵攻略来啦.?知识点[一R]乌镇有东栅西栅北栅第一次来不用考虑直冲西栅这是乌镇精华所在可看小桥流水人家[二R]乌村是乌镇适合亲子游的地方.??怎么去??自驾建议停西栅东门地下停车场不用担心日晒雨淋??火车到桐乡火车站转K282/K281到乌镇汽车站转K350到西栅景区飞机各地飞杭州萧山机场机场有直达西栅大巴.?划重点建议住西栅景区内民宿或酒店可按实际入住人数免西栅门票一张门票玩两天欣赏清晨宁静的乌镇.?二日游Day1前台办入住-木心美术馆-草本本色染坊-定升桥-灵水居-昭明书院-乌镇邮局-龙形田-桥里桥茶楼-白莲塔-看夜景.Day2水上市集早茶客-坐摇橹船-乌村-返程.?介绍[一R]水上市集吃刘若英同款早茶客感受满满的烟火气.[二R]草本本色染坊拍照好看.[三R]定升桥拍照很出片.[四R]乌 村带娃家庭一定要来这这里有小火车网红树屋稻草人还有很多萌宠动物从早到晚都有不同的活动插秧射箭喂萌宠磨豆浆扔沙包钓鱼还有儿童托管服务娃参加各种活动大人就能解放双手了很适合懒人遛娃.[五R]灵水居下午有春意读书会和情景戏剧可在这听书看戏喝茶看景晚上还有满春夜集暖锅夜酒很舒服放松.[六R]龙形田油菜花田市集在早来春茶馆享用下午茶去花伴咖啡屋喝咖啡在油菜花田肆意奔跑很惬意美好.[七R]昭明书院感受浓浓的书香气息.?美食酱粽书生羊肉面葱包烩后街酒家要尝这里的野火饭很好吃.??住宿景区里有民宿和酒店爱看河景的选河边民宿要品质高的选酒店设施齐全.??4.18号乌镇还有运河堤上春风集的活动哦别错过了,9,"乌镇,小桥流水,白墙黛瓦,船声荡漾,如诗如画,春天,油菜花开,踏春游玩,西栅,精华,小桥流水人家,乌村,亲子游,西栅东门地下停车场,桐乡火车站,K282,K281,乌镇汽车站,K350,杭州萧山机场,西栅大巴,西栅景区内民宿,酒店,免西栅门票,门票玩两天,清晨宁静,木心美术馆,草本本色染坊,定升桥,灵水居,昭明书院,乌镇邮局,龙形田,桥里桥茶楼,白莲塔,夜景,水上市集,早茶客,烟火气,拍照好看,出片,带娃家庭,小火车,网红树屋,稻草人,萌宠动物,插秧,射箭,喂萌宠,磨豆浆,扔沙包,钓鱼,儿童托管服务,春意读书会,情景戏剧,听书,看戏,喝茶,看景,满春夜集,暖锅夜酒,油菜花田市集,春茶馆,下午茶,花伴咖啡屋,喝咖啡,肆意奔跑,书香气息,酱粽,书生羊肉面,葱包烩,后街酒家,野火饭,运河堤上春风集",,,,,,,,,,,,,,
游遍江浙沪之乌镇感受江南水乡的诗意生活淡季慢节奏游玩攻略请收下??交通1上海虹桥-桐乡站40min52r打车至乌镇西栅景区50min50块左右??交通2上海长途客运南站-西栅景区门口2小时55块??住宿一定要住西栅景区里面我12月份去的临水大床房只要819一晚包含房费+门票2张+免费早餐+免费游览车+手摇船体验+扎染体验??住宿官方预订乌镇旅游官方商城??乌镇民宿??民宿1.5米临水大床??等待随机分配体验开盲盒也可以拨打官方电话备注你喜欢的房间号我住的是临水大床9栋2093??临水房最好提前一个月订和打电话备注不然很容易没好房间了??花费2天1夜人均700民宿套票人均400包含了两天大部分活动景区里需要自费的就丰俭由人啦我们在里面人均花了不到200??早茶客7:00-9:00只面向入住西栅景区内的游客每天免费名额300个办入住的时候一定要先预约上没约上也可以吃民宿提供的早餐免费的跟早茶客市集吃的差不多或者直接去自费购买,9,"江南水乡,诗意生活,慢节奏,临水大床房,819一晚,房费,门票,免费早餐,免费游览车,手摇船体验,扎染体验,官方预订,乌镇旅游官方商城,乌镇民宿,民宿1.5米临水大床,随机分配,开盲盒,官方电话,房间号,临水房,提前一个月订,打电话备注,人均700,民宿套票,人均400,两天大部分活动,自费,早茶客,7:00-9:00,入住西栅景区,免费名额,300个,预约,民宿提供的早餐,早茶客市集",,,,,,,,,,,,,,
前几天分享了一些历史卫星图其中一张是乌镇在1969年的航拍可以看到乌镇其实相比临近的西塘南浔新市这些古镇当年并不起眼东栅的规模还稍微大一点西栅基本只有一些沿河的民房今天鼎鼎大名的乌镇其实里面大量的建筑都是新建的仿古建筑但是这不妨碍它在2003年成为首批中国历史文化名镇陈向宏从1999年接手慢慢深入乌镇的设计建设运营最终打造了中国文旅古镇的标杆和顶流乌镇为什么这么吸引人除了过硬的运营能力和服务质量它提供了一个充满历史感丰满的沉浸场景和内容体验之前几次关于历史修旧如旧的讨论其实就可以看出来很多人对这类历史内容的态度其实是非常模糊这里有一丝吊诡的地方在于有一些朋友对传统和历史建筑表达出强烈的关心和在意对历史建筑外貌进行现代设计改造抱有抵触心理但是对这类假文物式的场景又能欣然接受著名历史学家遗产研究学者David Lowenthal很系统地探讨过这个问题他作为遗产研究届的泰斗跳出遗产从人类更普世的过往这个概念入手写下了著作The Past is a Foreign Country过往是带有浪漫色彩的词汇日常的动荡和变化让人们渴望链接过往从而得到一种确信和慰籍人们改造过去为今天的需求和未来的希望服务对于绝大多数普通人记忆历史遗产这些内容其实都是主观的带有偏见的经过美化和改造的这是一个很有趣的现实话题可以延展出很多不同的讨论我们到底有着怎样的历史观和怀旧情结我们如何面对过往与记忆历史对我们的价值是什么不同的人不同的身份不同的诉求会有不同的看法学者在意的是真相而实践者需要抓住的是大多数人的情绪从商业的角度乌镇今天的历史气质不在于学术考证而是在于在提供一种情绪和审美价值从乡村振兴的角度而言历史是一笔宝贵的文化和内容财富但是历史不应该成为发展的镣铐何况我们普通人的历史情结可能从来就不是从真实性出发的拓展阅读19年互联网上有一篇很火的文章乌镇是假的陈向宏为此专门回应了一篇真做假时假亦真感兴趣的朋友可以去看看,8,"新市,古镇,历史感,沉浸场景,内容体验,运营能力,服务质量,怀旧情结,情绪,审美价值,文化财富",,,,,,,,,,,,,,
??交通乘坐高铁到桐乡站或嘉兴南站再转公交或打车前往乌镇  自驾也很方便上海出发约2h杭州出发约1.5h  乌镇内部以步行和摇橹船为主感受水乡韵味  ??-??住宿想体验水乡夜景可住西栅景区内的枕水人家乌镇民宿等  追求性价比可选择景区外的青旅或经济型酒店  ???-??门票东栅门票110元西栅门票150元东西栅联票190元  ??-??游玩东栅适合白天游玩可参观茅盾故居木心故居纪念馆百床馆等感受原生态水乡风貌和文化底蕴  ??西栅夜景超美必去乌镇大剧院木心美术馆草木本色染坊等还可乘坐摇橹船欣赏夜景  ??南栅北栅免费开放可感受当地居民的生活气息  ???????????-??美食??羊肉面肉质鲜嫩汤头鲜美冬天来一碗超暖和  ??吴妈馄饨皮薄馅大汤鲜味美  ????定胜糕口感软糯甜而不腻  ??还有乌镇酱鸭萝卜丝饼白水鱼三白酒等也值得一试  ??-??小贴士穿单色长裙或汉服旗袍进景区拍照超美  记得提前预yue早茶客体验传统水乡早餐文化  游玩时可将行李寄存至服务中心  ??-,8,"古镇原貌,童年的梦,水乡韵味,夜景,枕水人家,乌镇民宿,青旅,经济型酒店,茅盾故居,木心故居纪念馆,百床馆,西栅大剧院,木心美术馆,草木本色染坊,摇橹船,南栅,北栅,当地居民,生活气息,羊肉面,吴妈馄饨,定胜糕,乌镇酱鸭,萝卜丝饼,白水鱼,三白酒,单色长裙,汉服,旗袍,早茶客,传统水乡早餐文化",,,,,,,,,,,,,,
"作品阿丽拉乌镇设计/竣工2014/2018规模25,000地点嘉兴服务范围建筑室内一体化设计[氛围感R]阿丽拉乌镇毗邻乌镇东南的一片湿地景区与著名的西栅景区相距约3km是一个闹中取静的世外桃源酒店拥有126间别墅式套房整体格局以江南村落为原型保留了传统聚落的空间形态基本元素建筑尺度和色彩关系静谧的水面与纯净的建筑形式相协调彰显了建筑之间建筑与植物之间建筑与水面之间多层次半透明的关系建筑师对传统空间再造的可能性进行了探索根据度假酒店的使用需求街巷院落等空间类型被赋予了新的功能和场所精神与此同时经典江南村落曲折迂回错落有致的空间韵味依然得以传承酒店设计遵循了东方文化中的极简审美倾向建筑师捕捉和提炼了江南建筑简约精致宁静的意趣摈弃一切直白的装饰性元素代之以具有现代基调的细腻的材料简练的构造以及淡雅的色彩使形式纯粹的单体建筑重复出现有机生长这种单一个体和复杂群体的矛盾对立正是传统村落最为重要的构型特征??2021年度工程勘察建筑设计行业和市政公用工程优秀勘察设计民用一等奖国优2021璞缇客精品酒店榜?全国榜钻石奖一钻酒店2021上海市建筑学会第九届建筑创作奖?-?公共建筑与工业建筑?-?优秀奖2020年浙江省勘察设计行业优秀勘察设计综合类一等奖2020/2021?ADA年度亚洲设计大奖 - 优秀创作奖2019-2020?A'Design?-?建筑设计?-?金奖2018WAF世界建筑节?-?休闲主导发展领域?-?最佳未来项目?-?高度赞誉奖2018第六届A+Awards?-?最佳酒店类在建项目?-?专业评审奖2018年第55届金块奖?-?最佳国际在建项目?-?大奖2017年世界华人建筑创作优秀奖[飞机R]冬去春来出游佳期欢迎入住打卡的朋友于评论区分享入住体验?",9,"氛围感,世外桃源,静谧,水面,建筑形式,空间形态,基本元素,建筑尺度,色彩关系,多层次,半透明,传统空间再造,场所精神,空间韵味,极简审美,宁静,意趣,材料,构造,色彩,单体建筑,复杂群体,构型特征",,,,,,,,,,,,,,
和姐妹出去旅游怎么能不拍一套闺蜜写真呢看腻了千篇一律的网红妆造这套民国双生花真的不要太新颖[害羞R][害羞R][害羞R],8,"姐妹,旅游,闺蜜写真,网红妆造,民国双生花",,,,,,,,,,,,,,
北方孩子对江南水乡总有一种特别的向往而爱上乌镇是从一个菠萝头垃圾桶开始的垃圾桶都这么好看你说这乌镇得有多秀气初见乌镇无疑是漂亮的水乡模样只需住上一宿你就会发现一个完全不同的真江南早起寻一临水桌椅点上一壶茶水几样小点边吃早茶边听戏曲大爷大娘架船摆摊吆喝叫卖热热闹闹的水上集市市井烟火这等闲情雅趣怎能错过白日里随意闲逛街头巷尾里街弄堂推开的每扇窗都是完全不同的江南画卷傍晚熙熙攘攘的游客散去被灯光装点过的水桥和街巷寂静到只有猫咪和我共享流光溢彩的灯笼下深夜热气腾腾的羊肉面配上只有在影视剧听过的打更声那一刻真的很难形容内心的感受乌镇好像就是有种魔力让一切都慢下来茅盾在这里出生长大木心写下一首从前慢汤国梨留诗一首春水鸭头绿夕阳牛背红瓜皮鱼艇子摇出小桥东不同于其他千万个古镇钟灵俊秀文人荟萃是它的底色每年限定的戏剧幻城又是多少人心中的乌托邦我们跌进不同的故事线里大梦一场然后各自离开但雨绵绵船慢慢时光静静构成了千百个再来乌镇的理由快来加入城市达人计划发表态写留言成为城市生活的代言人[飞吻R],9,"江南水乡,菠萝头垃圾桶,秀气,漂亮,真江南,早茶,戏曲,大爷大娘,水上集市,市井烟火,闲情雅趣,街头巷尾,街弄堂,江南画卷,灯光,猫咪,流光溢彩,灯笼,深夜羊肉面,打更声,茅盾,木心,从前慢,汤国梨,钟灵俊秀,文人荟萃,戏剧幻城,乌托邦,雨绵绵,船慢慢,时光静静",,,,,,,,,,,,,,
去乌镇听点不一样的大实话吧哭晕了??为什么去乌镇前没有刷到这篇攻略去过乌镇才知道做攻略的重要性??乌镇春天已经next level??送给即将去乌镇的姐妹??结合本地人真诚建议里面包含了行程交通建议和美食希望即将去乌镇游玩的姐妹能够避坑-,8,"乌镇,春天,攻略,行程,交通,美食,避坑",,,,,,,,,,,,,,
乌镇除了东栅西栅还有不要门票也不要停车费的南栅直接导航南栅会到新华南路上沿途有好几个免费的停车场南栅就在沿河的一条街很长有商业也有原居民不需要门票参观卖酒的老宅不要门票也有居民的老宅参观一下就一块钱网红拍照打卡点也多就是小长假南栅人也不多拍照打卡不用排队,8,"不要门票,不要停车费,南栅,沿途,免费的停车场,沿河,一条街,很长,商业,原居民,卖酒的老宅,居民的老宅,网红拍照打卡点,小长假,人也不多,拍照打卡不用排队",,,,,,,,,,,,,,
二十岁出头读了木心先生的素履之往当时的感觉就是好绝呀  简短又直白的字句潇洒 通透 幽默 利落后来也把这本书推荐给姐姐 因为易读 易懂我始终认为 女孩子应该早认识世界给她更多灵感去观察思考内心丰富了 也就不执着于某人某事某个角度我们全家会一起看锵锵三人行圆桌派姐姐还会和我一起看局部 后来她见到了陈丹青老师 却只字未提对他的了解 只说了我妈妈是你的粉丝最近几年连续参加乌镇健康大会 每次都会去木心美术馆坐一会儿 外面人再多 美术馆里都是安静 清静的,8,"木心先生,素履之往,绝,字句,潇洒,通透,幽默,利落,易读,易懂,世界,灵感,观察,思考,内心丰富,不执着,锵锵三人行,圆桌派,局部,陈丹青老师,粉丝,乌镇健康大会,木心美术馆,安静,清静",,,,,,,,,,,,,,
以后来乌镇不需要请导游了这条9分钟的视频给你讲清楚,8,"乌镇,导游,视频",,,,,,,,,,,,,,
?? 乌镇一个充满诗情画意的江南水乡每次来总能被这里的春日风景所吸引本人特别喜欢乌镇熬夜整理了这份攻略送给即将去乌镇的姐妹??结合本地人真诚建议里面包含了行程交通建议和美食希望即将去乌镇游玩的姐妹能够避坑-?乌镇穿搭清明五一天气平均温度是 16 ~ 27??浅色素色半裙衬衫偏中式饰品不用太花哨手串发簪为佳-?交通指南高铁桐乡站一出站口右侧一公交K282-K350-西栅游客中心下车自驾就导航到乌镇西栅一号游客中心可以直达停车场可以沿河道北侧主街向西至白莲塔河西栅为椭圆形南岸街道向东-,9,"乌镇, 江南水乡, 春日风景, 穿搭, 美食, 交通指南, 西栅游客中心, 白莲塔河, 西栅",,,,,,,,,,,,,,
百分之90的人买了门票只看了乌镇的风景这条视频带你了解乌镇背后的故事这条保姆级乌镇西栅讲解攻略收藏起来以后一定用得上?,8,"乌镇,风景,故事,讲解攻略",,,,,,,,,,,,,,
"水乡的慢时光乌镇旅游全攻略本攻略将从交通景点美食住宿等方面为您提供全方位的乌镇旅游指南助您深度体验这座活着的古镇魅力一交通指南乌镇位于浙江省桐乡市北部距离杭州约80公里上海约140公里苏州约100公里无论选择何种交通方式都能便捷抵达高铁+公交乘坐高铁至桐乡站后转乘K282路公交车直达乌镇汽车站全程约1小时杭州上海等地也有直达乌镇的长途客车二景点推荐乌镇分为东栅西栅南栅北栅四个区域其中东栅和西栅为收费景区联票190元建议购买东西栅联票更划算东栅门票110元原生态的生活区清晨可看到居民在河边洗衣生火做饭的真实场景必看景点包括茅盾故居文学大师的成长地江南百床馆展示明清雕花大床宏源泰染坊体验蓝印花布制作三美食地图乌镇的美食既有江南水乡的精致又带着市井生活的烟火气必尝特色姑嫂饼甜咸适口的传统糕点定胜糕寓意吉祥的糯米点心红烧羊肉选用本地湖羊白水鱼现捕现做的河鲜西栅的""民国时代""餐厅可品尝地道本帮菜人均约80元小吃推荐锦记糕点铺的定胜糕桥里桥烧饼铺的梅干菜烧饼永平粉团店的青团都是排队也要买的美味四住宿选择住在景区内才能完整感受乌镇从清晨到夜晚的不同韵味特色民宿东栅的""林家客栈""300元起保留明清建筑格局西栅的""水巷青年旅舍""床位80元适合背包客临水客栈想要""枕水而眠""的体验可选择""通安客栈""或""望津里""夜晚听着橹声入眠格外诗意五深度体验除了常规游览乌镇还有诸多独特体验晨暮之美清晨6-8点是拍摄古镇的最佳时段薄雾中的石拱桥早起的居民构成动人画面西栅夜景灯光开放至22:00建议在景区住一晚六实用贴士1. 最佳季节4-5月春暖花开9-11月秋高气爽夏季较闷热但可体验""乌镇夜游""冬季游客少更有意境2. 游览路线建议上午游东栅3小时下午至晚上玩西栅两景区间有免费接驳车约20分钟一班3. 特别提醒漫步乌镇每一步都是风景在石板路上聆听岁月回响在摇橹船里感受水波荡漾在茶馆中品味慢生活这座活着的古镇正以其独特的方式讲述着江南的故事放慢脚步让心灵与千年的时光对话或许这就是乌镇给予旅人最珍贵的礼物",9,"慢时光,活着的古镇,交通指南,东栅,西栅,南栅,北栅,联票,原生态的生活区,茅盾故居,江南百床馆,宏源泰染坊,蓝印花布,姑嫂饼,定胜糕,红烧羊肉,白水鱼,""民国时代""餐厅,本帮菜,特色民宿,林家客栈,明清建筑格局,水巷青年旅舍,临水客栈,通安客栈,望津里,枕水而眠,晨暮之美,西栅夜景,薄雾中的石拱桥,早起的居民,独特体验,最佳季节,春暖花开,秋高气爽,乌镇夜游,漫步乌镇,岁月回响,摇橹船,茶馆,慢生活,江南的故事,千年的时光对话",,,,,,,,,,,,,,
??乌镇西栅封神拍照机位一键get水墨江南氛围感???江南的温柔一半藏在西栅的晨雾与灯火里分享私藏的西栅神仙机位随手拍都是电影级画面建议收藏?? 早晚人少时冲做朋友圈最诗意的崽??西栅经典机位清单1?? **通安桥晨曦剪影**??位置景区入口第一座拱桥??最佳时间6:00-7:30夏季建议更早??技巧站桥下石板路等摇橹船划过时抓拍晨雾+黛瓦倒影绝美穿素色长裙更出片2?? **雨读桥对称江南**??定位昭明书院附近??构图秘诀站在桥中央俯拍两岸利用桥洞框住青瓦白墙+流水雨天撑油纸伞氛围感炸裂3?? **定升桥灯火阑珊**??夜拍天花板蓝调时刻日落后15分钟开灯瞬间最梦幻??参数长曝光+三脚架拍灯笼倒影与游船光轨4?? **白莲塔俯视全景**??开放时间8:00-17:30夜景只能远观?隐藏角度塔下运河边石阶广角拍塔+运河水系傍晚云霞作背景美哭5?? **桥里桥茶楼**  桥上拍摄效果比较好白天很多小姐姐在窗子里拍照??6?? **水上集市人间烟火**??时间早茶客时段7:00-9:00??抓拍竹帘下老茶馆炊烟阿姨浣衣场景人文感拉满7?? **乌篷船上移动机位**??包船拍照攻略选靠船头位置8?? **草木染坊故事感**??出片小心机??设备小米14ultra   调色Lr??避开人群住景区内酒店8点前承包空镜??拍照行程建议?Day1白天踩点+傍晚游船+夜拍灯笼?Day2划重点早起6点起床拍晨雾+早茶客人文纪实??轻装上阵带充电宝夏季需要防蚊喷雾拍人物需要折叠反光板早起才能拍到四下无人的街道一边听鸟叫一边看晨曦第一缕光爬过马头墙  ?镜头里的西栅是摇橹船推开的第一道涟漪是灯笼铺亮起的第两千零一盏暖光是此生必留痕的江南诗行,9,"乌镇, 西栅, 水墨江南, 氛围感, 晨雾, 灯火, 机位, 电影级, 诗意, 通安桥, 晨曦剪影, 拱桥, 摇橹船, 雨读桥, 昭明书院, 对称江南, 青瓦白墙, 流水, 油纸伞, 定升桥, 灯火阑珊, 夜拍, 蓝调时刻, 白莲塔, 全景, 运河, 塔, 桥里桥, 茶楼, 水上集市, 人间烟火, 早茶客, 竹帘, 老茶馆, 炊烟, 浣衣, 乌篷船, 移动机位, 草木染坊, 故事感",,,,,,,,,,,,,,
百分之90的人买了门票只看了乌镇的风景这条视频带你了解乌镇背后的故事这条保姆级乌镇西栅讲解攻略收藏起来以后一定用得上?,8,"乌镇,风景,故事,讲解攻略",,,,,,,,,,,,,,
乌镇整个景区都很好拍第一次尝试古风写真也超级满意虽然很特种兵但是拍到美美照片就是很开心啊,9,"景区,好拍,古风写真,满意,开心",,,,,,,,,,,,,,
?? 乌镇一个充满诗情画意的江南水乡每次来总能被这里的春日风景所吸引本人特别喜欢乌镇熬夜整理了这份攻略送给即将去乌镇的姐妹??结合本地人真诚建议里面包含了行程交通建议和美食希望即将去乌镇游玩的姐妹能够避坑-?乌镇穿搭清明五一天气平均温度是 16 ~ 27??浅色素色半裙衬衫偏中式饰品不用太花哨手串发簪为佳-?交通指南高铁桐乡站一出站口右侧一公交K282-K350-西栅游客中心下车自驾就导航到乌镇西栅一号游客中心可以直达停车场可以沿河道北侧主街向西至白莲塔河西栅为椭圆形南岸街道向东-,9,"乌镇,诗情画意,江南水乡,春日风景,攻略,行程,交通建议,美食,避坑,穿搭,清明五一天气,平均温度,浅色素色半裙,衬衫,偏中式饰品,手串,发簪,高铁桐乡站,公交K282,K350,西栅游客中心,自驾,乌镇西栅一号游客中心,停车场,河道北侧主街,白莲塔河,西栅,南岸街道",,,,,,,,,,,,,,
乌镇 你还有什么惊喜是我不知道的,8,"乌镇,惊喜",,,,,,,,,,,,,,
??乌镇西栅封神拍照机位一键get水墨江南氛围感???江南的温柔一半藏在西栅的晨雾与灯火里分享私藏的西栅神仙机位随手拍都是电影级画面建议收藏?? 早晚人少时冲做朋友圈最诗意的崽??西栅经典机位清单1?? **通安桥晨曦剪影**??位置景区入口第一座拱桥??最佳时间6:00-7:30夏季建议更早??技巧站桥下石板路等摇橹船划过时抓拍晨雾+黛瓦倒影绝美穿素色长裙更出片2?? **雨读桥对称江南**??定位昭明书院附近??构图秘诀站在桥中央俯拍两岸利用桥洞框住青瓦白墙+流水雨天撑油纸伞氛围感炸裂3?? **定升桥灯火阑珊**??夜拍天花板蓝调时刻日落后15分钟开灯瞬间最梦幻??参数长曝光+三脚架拍灯笼倒影与游船光轨4?? **白莲塔俯视全景**??开放时间8:00-17:30夜景只能远观?隐藏角度塔下运河边石阶广角拍塔+运河水系傍晚云霞作背景美哭5?? **桥里桥茶楼**  桥上拍摄效果比较好白天很多小姐姐在窗子里拍照??6?? **水上集市人间烟火**??时间早茶客时段7:00-9:00??抓拍竹帘下老茶馆炊烟阿姨浣衣场景人文感拉满7?? **乌篷船上移动机位**??包船拍照攻略选靠船头位置8?? **草木染坊故事感**??出片小心机??设备小米14ultra   调色Lr??避开人群住景区内酒店8点前承包空镜??拍照行程建议?Day1白天踩点+傍晚游船+夜拍灯笼?Day2划重点早起6点起床拍晨雾+早茶客人文纪实??轻装上阵带充电宝夏季需要防蚊喷雾拍人物需要折叠反光板早起才能拍到四下无人的街道一边听鸟叫一边看晨曦第一缕光爬过马头墙  ?镜头里的西栅是摇橹船推开的第一道涟漪是灯笼铺亮起的第两千零一盏暖光是此生必留痕的江南诗行,9,"乌镇, 西栅, 水墨江南, 氛围感, 晨雾, 灯火, 电影级, 诗意, 通安桥, 晨曦, 剪影, 拱桥, 摇橹船, 晨雾, 黛瓦, 雨读桥, 昭明书院, 青瓦, 白墙, 流水, 油纸伞, 定升桥, 灯火阑珊, 夜拍, 蓝调时刻, 白莲塔, 运河, 桥里桥, 茶楼, 水上集市, 人间烟火, 老茶馆, 炊烟, 浣衣, 乌篷船, 草木染坊, 故事感, 马头墙",,,,,,,,,,,,,,
乌镇西栅一日游citywalk路线看图一乌镇西栅景区游客服务中心步行5分钟??乌镇大剧院步行11分钟??木心美术馆步行6分钟??草木本色染坊步行4分钟??昭明书院步行4分钟??三寸金莲馆步行2分钟??乌镇邮局步行2分钟??乌镇评书场步行5分钟??桥里桥茶楼步行4分钟??白莲塔步行6分钟??乌镇水剧场步行4分钟??乌将军庙步行9分钟??女红街步行8分钟??茅盾纪念堂步行2分钟??乌镇水上集市??懒人想直接复制这条路线到地图上的话方法看图4??乌镇景点美食地图看图2截图来源于图三这个十六番地图去江浙沪真的很推荐基本上国内的各个城市都有旅行地图不想费脑的小伙伴可以直接跟着地图打卡景点+美食+路线都有啦看图5678图一路线也是用这个地图做的哦tips汇总1高铁到桐乡站出站后转公交自驾导航乌镇西栅景区入口停车费20元/天门票西栅门票150元/人9:00-22:00开放2乌镇大剧院非戏剧节不开放一般是10月份打卡外面拍照3木心美术馆门票20元夏令9:00-17:30/冬令9:00-17:004草木本色染坊门票:免费手工体验很适合亲子或者情侣5昭明书院江南园林的风味6三寸金莲馆不允许拍照静静看就好了7乌镇邮局盖章自助盖戳找店里小姐姐8乌镇评书场听一场苏州评弹感受乌镇慢生活9桥里桥茶楼要消费才能去二楼拍照最便宜的茶5810白莲塔千年历史免费参观开放三层11乌镇水剧场可欣赏到江浙地区的经典剧12乌将军庙庙内也植有多棵银杏树13女红街这里有很多特色的商铺14茅盾纪念堂乌镇的骄傲15乌镇水上集市感受古镇的烟火气,8,"乌镇西栅,citywalk,乌镇大剧院,木心美术馆,草木本色染坊,昭明书院,三寸金莲馆,乌镇邮局,乌镇评书场,桥里桥茶楼,白莲塔,乌镇水剧场,乌将军庙,女红街,茅盾纪念堂,乌镇水上集市,景点美食地图,旅行地图,打卡,亲子,情侣,江南园林,慢生活,千年历史,特色商铺,古镇,烟火气",,,,,,,,,,,,,,
乌镇真的好像楚门的世界在里面住一晚体验感会更好慢悠悠的感受江南 真的很惬意??,9,"乌镇,楚门的世界,住一晚,体验感,慢悠悠,感受,江南,惬意",,,,,,,,,,,,,,
你敢信乌镇居然是一个大型剧本杀水位可以调颜色可以调里面的人都是NPC,7,"乌镇,大型剧本杀,水位,颜色,NPC",,,,,,,,,,,,,,
乌镇2天1晚怎么玩内附攻略该踩的雷都帮你们踩了,8,"乌镇, 攻略, 雷",,,,,,,,,,,,,,
"上海>>>苏州>>>乌镇>>>杭州26/3-28/3 乌镇交通??:-苏州北广场汽车客运站>>>乌镇西栅景区 (巴士)-车程1.5小时-车票50元住宿??:Day1 乌镇民宿-15幢2155临水房-RM327.86 (一晚)-15:00 check in, 12:00 check outDay 2 乌镇迩釉民宿-RM218.17 (一晚)-14:00 check in, 12:00 check out景点??:-木心美术管草木染坊喜庆堂昭明书院月老庙张恒兴花灯铺三寸金莲管乌镇邮局大竹编桥里桥茶楼白莲塔酒吧街美食??-早茶客(七点半开始吃八点看戏-书生羊肉面锦记糕点铺锦记酱鸭通济酱粽吴妈馄饨葱包烩滋啦啦油煎铺萝卜丝饼默默的家",7,"古镇原貌,商业水平不高,童年的梦",,,,,,,,,,,,,,
小桥流水桨声咿呀青瓦白墙墨色生香这次即便是第二次来乌镇还是会被江南水乡的温柔所折服-??地点浙江嘉兴|桐乡市乌镇??交通高铁至桐乡站再打车或坐公交车??门票乌镇西栅150r东栅110r东西联票 190r?开放时间9:00-22:00-?路线攻略D1抵达乌镇西栅-草木本色染房-喜庆堂-昭明书院-张恒兴灯笼铺-水上集市-白莲塔1??草木本色染房可以在里面DIY一块属于自己的蓝印花布2??喜庆堂古代婚礼用具展览馆3??昭明书院旁边的弄堂拍照还挺好看的4??张恒兴灯笼铺可以自己DIY花灯5??年货夜酒市集冬日逛临水市集感受江南地道的烟火气6??D2早茶客-木心美术馆-乌村1??在乌镇水上集市体验当地特色的自助早茶2??感受木心先生的诗意与哲学也能欣赏到大师的画作和文学作品3??乌镇的姊妹篇一个宝藏小众的村落里面的店铺和装饰都很精致-??Tips?可以住在乌镇景区里面有些酒店还包含住宿和双人门票住在里面还可以免费预约里面的早茶客感受古镇的烟火气?木心美术馆周一闭馆?乌镇分为东西南北栅西栅看风景也更商业化一些东栅看人文更有生活气息如果时间紧凑的话建议只去西栅就够了大部分的打卡点都集中在西栅-我是爱旅行爱拍照的浔乐真诚分享有问必答follow me 呀,9,"小桥流水,青瓦白墙,墨色生香,江南水乡,温柔,草木本色染房,喜庆堂,昭明书院,张恒兴灯笼铺,水上集市,白莲塔,蓝印花布,古代婚礼用具,弄堂拍照,DIY花灯,年货夜酒市集,早茶客,木心美术馆,乌村,自助早茶,诗意与哲学,画作,文学作品,宝藏小众村落,精致装饰,古镇烟火气",,,,,,,,,,,,,,
宝子们??乌镇坐落在浙江省嘉兴市桐乡市正处于江浙沪的 金三角悠悠六千余载岁月流转沉淀出它独有的韵味镇中河道蜿蜒如织似大地灵动的脉络古旧石板路在脚下延展临水木质老屋错落林立仿若一幅天然的水墨丹青将江南水乡的温婉与灵秀展现得淋漓尽致西栅景区堪称乌镇的 金字招牌待夜幕轻掩白日的喧嚣华灯初上刹那间整个西栅仿若踏入了梦幻之境东栅景区则更多了几分生活的质朴气息晨曦微露金色的阳光轻柔地洒落在青瓦白墙之上仿若为其披上一层薄纱信步其间便能瞧见当地人在河边悠然淘洗米菜烟火人间的模样尽现眼前茅盾故居静静伫立踏入其中仿若翻开历史长卷文学巨匠成长的足迹清晰可寻浓厚的人文气息扑面而来乌镇的文化底蕴恰似一坛陈酿馥郁醇厚传统竹编木雕工艺精美绝伦匠人们指尖生花每一处细节都镌刻着岁月的匠心越剧的婉转唱腔仿若春日里的莺啼常于街角巷尾悠悠回荡水袖轻盈飘舞古韵仿若暗香浮动弥漫在每一寸空气之中??门票事宜西栅 150 元 / 人东栅 110 元 / 人东西栅联票 190 元 / 人若时间充裕真心建议购入联票尽享乌镇的双面风情不过可要牢记门票仅限当日有效??住宿方面若想全身心沉浸于水乡的缱绻风情西栅景区内的民宿无疑是首选推开窗棂小桥流水人家的诗意画面便跃然眼前若是预算有限景区周边的客栈性价比颇高提前在网上预订各式各样心仪的房型任你挑选??美食一绝定胜糕软糯香甜入口仿若云朵轻抚味蕾承载着美好的寓意乌镇酱鸭红亮紧实每一口都饱含浓郁酱香令人唇齿留香三餐馆子的清蒸白水鱼更是一绝鱼肉鲜嫩无比恰似凝脂入口即化鲜美的滋味仿若一场舌尖上的水乡之旅??交通指南周边城市搭乘高铁至桐乡站后转乘公交或是打车须臾便能抵达乌镇自驾前来的话景区配备宽敞的停车场停车便捷无忧景区内游玩大多依靠步行赏景漫步两不误倘若走累了还有游览车可供搭乘稍作休憩后继续开启美妙旅程乌镇宛如隐匿在江南的稀世珍宝在这里能让心灵寻得栖息之所静享无边美景与深厚文化将尘世烦恼统统抛却宝子们还等什么快快收拾行囊奔赴这场魂牵梦绕的水乡之约吧???,9,"河道,石板路,木质老屋,水墨丹青,温婉,灵秀,西栅景区,东栅景区,烟火人间,茅盾故居,人文气息,文化底蕴,竹编木雕工艺,越剧,唱腔,水袖,古韵,民宿,客栈,定胜糕,乌镇酱鸭,清蒸白水鱼,小桥流水人家,美景",,,,,,,,,,,,,,
2025年4月24号我在浙江嘉兴乌镇的景区里面乌镇天气温度现场实况第一次来苏杭游玩不知道怎么玩的可以留言来问我哟,7,"乌镇,天气,温度,苏杭",,,,,,,,,,,,,,
??交通乘坐高铁到桐乡站或嘉兴南站再转公交或打车前往乌镇  自驾也很方便上海出发约2h杭州出发约1.5h  乌镇内部以步行和摇橹船为主感受水乡韵味  ??-??住宿想体验水乡夜景可住西栅景区内的枕水人家乌镇民宿等  追求性价比可选择景区外的青旅或经济型酒店  ???-??门票东栅门票110元西栅门票150元东西栅联票190元  ??-??游玩东栅适合白天游玩可参观茅盾故居木心故居纪念馆百床馆等感受原生态水乡风貌和文化底蕴  ??西栅夜景超美必去乌镇大剧院木心美术馆草木本色染坊等还可乘坐摇橹船欣赏夜景  ??南栅北栅免费开放可感受当地居民的生活气息  ???????????-??美食??羊肉面肉质鲜嫩汤头鲜美冬天来一碗超暖和  ??吴妈馄饨皮薄馅大汤鲜味美  ????定胜糕口感软糯甜而不腻  ??还有乌镇酱鸭萝卜丝饼白水鱼三白酒等也值得一试  ??-??小贴士穿单色长裙或汉服旗袍进景区拍照超美  记得提前预yue早茶客体验传统水乡早餐文化  游玩时可将行李寄存至服务中心  ??-,9,"古镇原貌,童年的梦,水乡韵味,枕水人家,乌镇民宿,性价比,青旅,经济型酒店,茅盾故居,木心故居纪念馆,百床馆,原生态水乡风貌,文化底蕴,西栅夜景,乌镇大剧院,木心美术馆,草木本色染坊,摇橹船,夜景,南栅北栅,当地居民,生活气息,羊肉面,肉质鲜嫩,汤头鲜美,吴妈馄饨,皮薄馅大,汤鲜味美,定胜糕,口感软糯,甜而不腻,乌镇酱鸭,萝卜丝饼,白水鱼,三白酒,单色长裙,汉服,旗袍,早茶客,传统水乡早餐文化",,,,,,,,,,,,,,
5.2日乌镇西栅,5,古镇原貌,商业水平不高,童年的梦,,,,,,,,,,,,
"最美人间四月天也太适??踏青出游了乌镇一个来了便不想离开的地方这里的春天??绝对是江南美学的天花板清明假期??乌镇香市??回归一场盛大的""江南水乡狂欢节在等你??这次来乌镇我还偶遇了好好生活节赏花??看演出??逛??古镇这才是春天??正确的打开方式??乌镇西栅2天1晚游览路线Day1抵达入住酒店-昭明书院-龙形田-后街酒家 -定升桥-灵水居Day2水上集市-桥里桥茶楼-草木本色染坊-木心美术馆-乌村-返程?春日??氛围打卡点1??定升桥乌镇最经典的三孔桥在桥上??俯瞰整个古镇全景也是看??蚕花仙子??水上巡游的最佳观赏点2??龙形田这里??大片的油菜??花海到花田市集逛逛在油菜花旁的咖啡??馆或茶馆??喝个下午茶凉风吹送风中飘来阵阵花香3??灵水居西栅最大的私家园林下午这里会??春意读书会和情景戏剧文艺青年们千万不要??????错过4??桥里桥茶楼乌镇出名的网红打卡点??楼上的窗口还有楼下的街巷拍人都超级出片??5??草木本色染坊很喜欢??的一个地方蓝印花布很美下午会??情景剧在此上演相当有趣6??乌村乌镇西栅旁的避世小村庄可以乘坐小火车还有射箭萌宠采摘等各项活动适??亲子游??春日特色活动:??蚕花??仙子水上和陆上巡游??杂耍??白天和晚上都会有??春花田埂趣野集??春意读书会????情景戏剧????美食推荐1??后街酒家野火??饭好久没??吃到这么香的饭了??一下子回到了小时候2??暖锅夜酒入夜后点个暖锅边吃边赏古镇夜景岂不乐哉3??容易钟情热酒馆吃完饭到隔壁的小酒馆小酌一杯回去睡个好觉",10,"人间四月天,踏青出游,乌镇,江南美学,香市,江南水乡狂欢节,好好生活节,赏花,看演出,古镇,春天,西栅,昭明书院,龙形田,后街酒家,定升桥,灵水居,水上集市,桥里桥茶楼,草木本色染坊,木心美术馆,乌村,春日氛围,打卡点,三孔桥,古镇全景,蚕花仙子,水上巡游,油菜花海,花田市集,咖啡馆,茶馆,下午茶,风中飘来阵阵花香,春意读书会,情景戏剧,文艺青年,网红打卡点,蓝印花布,情景剧,乌村,避世小村庄,小火车,射箭,萌宠,采摘,亲子游,蚕花仙子,水上和陆上巡游,杂耍,春花田埂趣野集,美食,后街酒家野火饭,暖锅夜酒,容易钟情热酒馆,小酌一杯,古镇夜景",,,,,,,,,,,,,,
"桨声摇碎春水青石板上听橹声欸乃木格窗前等一场不期而遇的雨白墙黛瓦晕染成白居易笔下的""乱点碎红山杏发""乌篷船推开苏轼眼里的""半壕春水一城花""细雨斜飞时廊棚下煮一壶明前龙井看绣娘银针牵引的丝线串起杜牧遗落的二十四桥明月暮色漫过文昌阁飞檐枕水而眠的江南原是古人藏在青玉案里的水墨残卷?",9,"春水,青石板,橹声,木格窗,雨,白墙黛瓦,乌篷船,廊棚,明前龙井,绣娘,丝线,文昌阁,飞檐,江南,水墨残卷",,,,,,,,,,,,,,
记得第一次听过江南还是在中学时代因为那首江南如今过往已是20年前的歌了那天一次旅行让我走进了现实中的江南水乡终明白为何叫烟雨入江南山水如墨染从小在山里爬坡上坎惯了的人在这水乡间的青石路上还真有些不适应但后来慢下来我发现我可以在小桥边的石凳上坐好久好久,8,"江南, 中学时代, 烟雨入江南, 山水如墨染, 水乡, 青石路, 小桥, 石凳",,,,,,,,,,,,,,
西塘乌镇南浔怎么选一篇全部讲明白||||西塘乌镇南浔怎么选一篇全部讲明白|||最近经常有小伙伴私信问我关于南浔古镇西塘古镇和乌镇应该怎么选择对于都已经去过两次的我来说今天给大家盘点一下这三个古镇有什么区别应该怎么选??先说结论??时间充足有钱有闲的人不用纠结每个都去每个都值得??时间紧张只有1天优选乌镇(名气最大)??喜欢烟火气/酒吧热闹优选西塘??喜欢精致园林优选南浔??想要免费优选南浔/西塘(17:00后早8:00前进入)??想要离杭州近优选乌镇??喜欢夜景三个都绝美(除了乌镇东栅17:30就关了)??三个古镇的特色具体看P2??乌镇江南水乡古镇的头牌名片西栅精心打造处处凸显精致无死角的精致美配套设施完善吃喝玩乐都可以夜景绝绝子东栅完整保留水乡的风土人情可体验当地民风民俗幽静人少配套设施稍差??西塘古镇活着的千年古镇特点处处充满烟火气息古朴的街巷清澈的河水独特的建筑风格石桥古宅和长廊都透露出浓厚的历史气息仿佛能让人穿越时空回到那个古老的年代很多景点是始建于明朝有历史厚重感有酒吧一条街晚上热闹非凡??南浔古镇既精致又烟火园林绝美里面仍有很多居民水乡人情风俗完整保留百间楼幽静精致水乡风貌美不胜收这里的古建筑和园林布局巧妙每一处都体现了中国传统文化的精髓在南浔你可以感受到江南水乡的温柔与雅致也可以领略到中国传统文化的博大精深??价格??乌镇西栅150元东栅110元联票(东栅+西栅)190元??西塘古镇95元/人17:00以后8:00前免费但不可进收费景点)??南浔古镇免费(收费景点联票85元景点也可单独购买10-20不等)?每个古镇的旅游攻略我都单独写了非常详细的攻略?需要的可以进我主页搜索相关景点的关键词,8,"南浔古镇,西塘古镇,乌镇,烟火气,酒吧,热闹,精致园林,免费,离杭州近,夜景,江南水乡,头牌名片,风土人情,民风民俗,幽静,人少,配套设施,历史气息,古老年代,明朝,历史厚重感,水乡人情风俗,百间楼,古建筑,园林布局,中国传统文化,博大精深,温柔与雅致",,,,,,,,,,,,,,
"??中国浙江省乌镇??2015年11月15日??创始馆长陈丹青??建筑设计师美国 OLI 建筑设计事务所??现浇清水混凝土蒙古黑石胡桃木??建筑面积  6,700美术馆总面积  877临时展馆面积  439礼堂/休息室  97?木心美术馆位于木心先生的家乡浙江省桐乡市乌镇基地毗邻乌镇大剧院与西栅景区隔水相望建筑面积为 6700 平方米?如同中国江南的水乡乌镇的城市空间由水道街道小桥和粉墙黛瓦的民居构成游客在乌镇可以感受到沿河形成的商业文化市井文化以及市镇的发展和富裕与水道并行的街道将行人民居商 铺饭店小桥广场和庭园相连形成了特殊的城市肌理不同体量的空间相交而形成的多变的空间通过街道和水道的边缘予以空间的定义游客在其中不仅能感受到空间的变化更能通过生理空间的感受进入复杂的木心艺术世界",8,"古镇原貌,商业水平不高,童年的梦",,,,,,,,,,,,,,
一湾水一座桥一支橹声在乌镇西栅当一回枕水人家终于和乌鸦老师拍上啦??@乌鸦Jewey,9,"水,桥,橹声,乌镇西栅,枕水人家,乌鸦老师",,,,,,,,,,,,,,
2025年4月24号我在浙江嘉兴乌镇的景区里面乌镇天气温度现场实况第一次来苏杭游玩不知道怎么玩的可以留言来问我哟,6,"乌镇,天气,温度,苏杭,游玩",,,,,,,,,,,,,,
"上海>>>苏州>>>乌镇>>>杭州26/3-28/3 乌镇交通??:-苏州北广场汽车客运站>>>乌镇西栅景区 (巴士)-车程1.5小时-车票50元住宿??:Day1 乌镇民宿-15幢2155临水房-RM327.86 (一晚)-15:00 check in, 12:00 check outDay 2 乌镇迩釉民宿-RM218.17 (一晚)-14:00 check in, 12:00 check out景点??:-木心美术管草木染坊喜庆堂昭明书院月老庙张恒兴花灯铺三寸金莲管乌镇邮局大竹编桥里桥茶楼白莲塔酒吧街美食??-早茶客(七点半开始吃八点看戏-书生羊肉面锦记糕点铺锦记酱鸭通济酱粽吴妈馄饨葱包烩滋啦啦油煎铺萝卜丝饼默默的家",8,"乌镇, 民宿, 临水房, 木心美术管, 草木染坊, 喜庆堂, 昭明书院, 月老庙, 张恒兴花灯铺, 三寸金莲管, 乌镇邮局, 大竹编, 桥里桥, 茶楼, 白莲塔, 酒吧街, 早茶客, 书生羊肉面, 锦记糕点铺, 锦记酱鸭, 通济酱粽, 吴妈馄饨, 葱包烩, 滋啦啦油煎铺, 萝卜丝饼, 默默的家",,,,,,,,,,,,,,
??必打卡景点1??西栅景区摇橹船夜游???乘船穿行灯火阑珊的水巷两岸白墙黛瓦倒映水中随手一拍就是梦华录同款诗意推荐傍晚蓝调时刻光影绝美木心美术馆???极简设计+艺术展览旋转楼梯和落地窗是出片神地周一闭馆别跑空哦草木本色染坊???蓝印花布随风飘动站在晒布架下轻松get国家地理同款大片乌镇邮局???寄一张手写明信片给未来的自己复古感拉满2??东栅景区茅盾故居???文艺青年必去感受文学巨匠的生活气息皮影戏&高杆船表演???非遗文化体验带娃党强推3??免费区域南栅&北栅???未被商业化的老街烟火气十足推荐买手工酱蓝印花布伴手礼价格更亲民??美食攻略1??早茶客???水上集市体验江南早茶推荐蟹黄汤包定胜糕边吃边看乌篷船划过氛围感满分2??书生羊肉面???羊肉酥烂入味汤头鲜甜本地人私藏老店3??民国时代餐厅???江浙菜天花板必点白水鱼酱鸭环境复古超适合拍照4??桥里桥茶楼???临窗位俯瞰石桥流水点一壶碧螺春get似水年华同款文艺感??住宿推荐1??景区内民宿???乌镇昭明书舍古风书院主题推窗见水含早茶客体验名额益大丝业会馆丝绸主题酒店自带私密庭院汉服拍照绝配142??景区外性价比???南栅附近民宿人均100+步行10分钟到西栅适合学生党??超实用Tips1??门票省钱???东西栅联票190元单买东栅110元+西栅150元学生证半价南栅北栅免费2??穿搭建议???汉服/旗袍+油纸伞景区内可租约50元/小时乌镇汉服节期间更热闹3??避开人流???早上8点前或傍晚5点后进西栅游客少且光线柔和夜游还能看水舞秀4??雨天玩法??烟雨朦胧时穿行石板路找一家临河咖啡馆听雨声氛围感直接封神??交通指南高铁???上海/杭州桐乡站K282公交直达乌镇约1小时自驾???杭州出发1.5小时景区停车场20元/天总要下一次江南吧在乌镇当一天古镇姑娘???,9,"西栅景区,摇橹船,夜游,水巷,白墙黛瓦,梦华录,诗意,傍晚,蓝调时刻,光影,木心美术馆,极简设计,艺术展览,旋转楼梯,落地窗,草木本色染坊,蓝印花布,国家地理,乌镇邮局,手写明信片,复古感,东栅景区,茅盾故居,文学巨匠,皮影戏,高杆船表演,非遗文化,南栅,北栅,老街,烟火气,手工酱,早茶客,水上集市,江南早茶,蟹黄汤包,定胜糕,乌篷船,书生羊肉面,羊肉,汤头,本地人,民国时代餐厅,江浙菜,白水鱼,酱鸭,复古,桥里桥茶楼,石桥流水,碧螺春,似水年华,文艺感,昭明书舍,古风书院,含早茶客,益大丝业会馆,丝绸主题,私密庭院,汉服,景区内民宿,景区外民宿,性价比,南栅附近,学生党,门票,联票,学生证半价,免费,穿搭建议,汉服节,避开人流,早上8点前,傍晚5点后,游客少,光线柔和,水舞秀,雨天玩法,烟雨朦胧,石板路,临河咖啡馆,氛围感,交通指南,高铁,桐乡站,K282公交,自驾,停车场,江南,古镇姑娘",,,,,,,,,,,,,,
知道夏天的乌镇很美没想到冬天的乌镇也别有一番趣味花一个周末来这里太值了-day1:到了基本就中午了下午时间段可以去东栅的木心故居纪念馆和茅盾纪念馆逛一逛然后直接去西栅乌镇的夜景真的很美到了年底乌镇也是搞了许多有趣的活动??灵水居的年货夜酒市集一个个年货摆在摇橹船上像是赶集一般有趣又热闹岸上也有很多小摊很有意思??灵水街泥炉暖锅&容易钟情热酒馆煮一壶酒吃一锅温暖人心的泥炉暖锅是乌镇有名的湖羊肉肉质鲜嫩膻味不重冒着热腾腾的食物下肚之后就连寒冷的天气也有了些许温暖??冬夜围炉诗会吃饱之后和好友看演员演绎木心先生的诗再淋一场雪古镇的夜如此浪漫-day21记得早起逛个早上朦胧的古镇还可以在古镇体验早茶客2下午可以去趟乌村有知青咖啡馆可以坐坐拍拍照小朋友可以做小火车玩耍-交通动车坐到桐乡站到桐乡站可以选择公交 281 路或者打车到乌镇-住宿堤上??是个不错的选择不止又接驳车可以接住在里面还可以俯瞰整个乌镇风景-,9,"冬天,乌镇,值,东栅,木心故居纪念馆,茅盾纪念馆,西栅,夜景,活动,灵水居,年货夜酒市集,摇橹船,小摊,灵水街泥炉暖锅,容易钟情热酒馆,湖羊肉,冬夜围炉诗会,木心先生,诗,雪,浪漫,早上,朦胧,早茶客,乌村,知青咖啡馆,小火车,交通,桐乡站,公交 281 路,住宿,堤上,接驳车,风景",,,,,,,,,,,,,,
谁会喜欢这样的氛围像都市牛马的精神保护区[皱眉R]雨后的乌镇比晴天多一丝氛围寂静的小巷清晨的早茶慢悠悠的摇橹船和巷尾偶遇的小猫都能让我们记很久很久乌镇先行版预告片喜欢的话蹲蹲后续vlog和乌镇详细游玩攻略,8,"氛围,寂静,小巷,清晨,早茶,摇橹船,小猫",,,,,,,,,,,,,,
?? 乌镇一个充满诗情画意的江南水乡无论第一次来还是已经来了第N次总能被这里的春日风景所吸引石板桥摇橹船西市河无不诉说着江南水乡的悠久历史这次来正逢乌镇好好生活节分享下我的2天一晚踏春保姆级攻略吧?? Day1??西栅景区水上集市????桥里桥茶楼??春花田梗??龙形田??灵水居??昭明书院Day2??乌村??染坊??摇橹船??西栅大街1??水上集市7:30-9:30可以体验下乌镇的早茶客文化在这吃个早餐记得提前预约哦还可以在菜摊的老爷爷??和老奶奶那买到新鲜的水果??2??草木本色染坊感受民间非遗技术传承带来的美欣赏随风飘动的染布3??龙形田3月怎么能不来乌镇看金灿灿的油菜花呢在听风阁享用下午茶向窗户望去是一片黄色的花海还能在附近逛逛龙形田旁边的市集在花伴旅咖屋点上一杯咖啡再来拍上几张美美的照片4??昭明书院现在正是拍梅花的好时节院里有2棵颇大的红梅可以用窗户做前景透过窗景观梅5??乌村网红树屋稻草人钓鱼??射箭还有小猪快跑等活动也太适合带小朋友一起来玩啦关于吃喝??午餐品尝乌镇的特色美食在后街酒家品尝野火饭??坐在河边欣赏着美景品尝着美食别有一番风味晚餐??满春夜集暖锅夜酒在灵水居的容易钟情热酒馆喝春季限定饮品很暖胃大伙围着锅灶一起吃饭??很有氛围感关于住宿这次住在锦堂酒店在锦堂酒店里感受春天的气息??古色古香有韵味江南园林一般的感觉还可以参加酒店里的颂钵疗愈放松身心酒店还有专属调香室哦zui重要的是位于西栅大街中段去哪都方便一些小tips??1??春天是乌镇zui美的季节此时的油菜花田尤为壮观2??提前了解好好生活节好好生活节有很多有趣的活动3??灵水居不仅有春意读书会还有情景戏剧表演呢还可以去逛逛灵水居独创集市,9,"乌镇,诗情画意,江南水乡,春日风景,石板桥,摇橹船,西市河,悠久历史,好好生活节,西栅景区,水上集市,桥里桥茶楼,春花田梗,龙形田,灵水居,昭明书院,乌村,染坊,早茶客文化,老爷爷,老奶奶,水果,非遗技术,油菜花,听风阁,下午茶,市集,花伴旅咖屋,咖啡,梅花,网红树屋,稻草人,钓鱼,射箭,小猪快跑,特色美食,后街酒家,野火饭,美景,满春夜集,暖锅夜酒,热酒馆,饮品,锦堂酒店,春天,油菜花田,颂钵疗愈,调香室,西栅大街,春意读书会,情景戏剧表演,独创集市",,,,,,,,,,,,,,
这是一组今年夏天梅雨季节拍摄的乌镇本以为雨天不太好逛谁知道却收获了另一番景象当乌篷船开始摇曳我就知道江南古镇与下雨天是绝配因为景区足够大即使在周末也不会感觉拥挤强烈建议坐下乌篷船在淅沥沥的小雨下穿梭过各个石板桥格外有氛围感也非常喜欢这个古镇的建筑设计有别于其它喇叭大叫着臭豆腐肉粽千篇一律的所谓古镇这里很多细节确实让人有那种江南小桥流水的古味了整个景区管理的也很好期待春夏再去一次??更是古风人像的绝佳取景地??,9,"乌镇, 梅雨季节, 古镇原貌, 商业水平不高, 江南古镇, 下雨天, 景区足够大, 乌篷船, 石板桥, 建筑设计, 江南小桥流水, 古味, 景区管理, 古风人像, 取景地",,,,,,,,,,,,,,
总要穿着旗袍去一次江南吧,8,江南,,,,,,,,,,,,,,
??地点: 乌镇西栅景区??门票: 150 00:00----23:59如果你想感受下江南的早茶客文化如果你想体验一下乌镇民宿你可以冲乌镇其他情况还是不用去了下篇笔记给大家推荐一个性价比高的古镇?乌镇门票相对于其他古镇价格较贵乌镇的夜晚比较黑夜景除了进门的乌镇大剧院和单向尽头的白莲塔比较漂亮其他的几乎没有亮光路黑???游玩攻略?如果你还是想去乌镇可参照图1 和图2的路线走草木染坊有很多晾晒的布拍照很出片白莲塔可免费登上3楼俯瞰乌镇全貌桥里桥茶楼可点个江南的甜点上楼欣赏窗外美景和拍照图4是一些节目表演时间与清单可以根据时间点去看?游船建议在染坊附近码头坐船拼船60一人?????[色][色]美食攻略書生羊肉面 量超大羊肉超大块羊肉非常入味软糯脱骨面条量大羊肉面48羊肉羊肚面68羊肉羊肚羊角面78想吃的可以尝尝羊肉面即可羊肚加的非常少滋啦啦油煎铺一乌镇萝卜丝饼 这家超火萝卜丝饼3春饼5其中萝卜丝饼每人限购5个萝卜丝和春饼现做现炸没有很惊艳也不踩雷关键价格便宜可冲舌尖葱包烩 6大家推荐芝士和梅干菜味吃过没印象感觉一般其他美食网友推荐但由于一些原因没吃上吴妈馄饨 桥里桥烧饼铺 通济酱粽店 酱鸭店 该有定胜糕 如果想吃炒菜可以去黄磊推荐的默默的家 我没找到在哪里温馨提示: 乌镇到处都是石板路一定要穿舒适的鞋子不要带行李箱和婴儿车会比较累,5,"江南,早茶客文化,乌镇民宿,草木染坊,白莲塔,桥里桥茶楼,江南的甜点,窗外美景,拍照,节目表演,游船,書生羊肉面,乌镇萝卜丝饼,舌尖葱包烩,石板路,舒适的鞋子",,,,,,,,,,,,,,
??首先我们要知道手机上不同镜头的作用这样才能更好的利用他们拍出美美的照片1?? 1x变焦相当于相机等效24mm镜头视角这是一个广角镜头顾名思义就是可以容纳更多的景物在画面里也可以产生丰富的透视效果可以用来拍摄风景及建筑等题材非常容易产生强烈的透视感一般来说离被摄物体越近透视感越强2??2x变焦相当于相机等效48mm镜头视角这是一个非常标准焦距的镜头接近于人眼的视角无明显透视畸变视角自然也很多摄影大师最爱的焦段之一拍摄题材广泛可用于扫街风景人像等一般适合初学摄影的朋友3??3x变焦相当于相机等效77mm镜头视角这是一个中长焦段用于拍摄较远的风景及物体略有一些空间压缩感多用于人物风景照等,6,广角镜头,透视效果,风景,建筑,透视感,被摄物体,标准焦距,人眼视角,无明显透视畸变,自然,摄影大师,初学摄影,中长焦段,空间压缩感,人物风景照
以为西湖已经够美了直到去了春天的乌镇烟花三月下江南柳树翠绿桃花盛开在摇撸船上享受慢时光透绿的流水碧波荡漾在我心中古诗词里的江南就是这样清明五一将至还有好好生活节可以体验快来乌镇踏春吧??乌镇风景区距离杭州市区开车约一小时?乌镇西栅2天1晚路线??Day1抵达入住酒店-昭明书院-龙形田-后街酒家 -定升桥-灵水居-白莲塔??Day2水上集市早茶-草木本色染坊-木心美术馆-乌村-返程1??龙形田有大片的油菜花海还有一颗长眼睛的独特的树在油菜花周围喝杯咖啡和下午茶真的特别惬意田边还有集市可以逛逛2??定升桥乌镇最经典的三孔桥在桥上看摇橹船还有嫩绿的柳树非常春天3??灵水居西栅最大的私家园林下午有春意读书会和情景戏剧时光慢慢在容易钟情热酒馆小酌一杯春日限定鸡尾酒感受乌镇的春天4??水上集市早上来这里喝一杯早茶品尝早餐看摇橹船载着蔬果前行感受乌镇的热闹的生活气息5??乌村就在乌镇西栅旁的避世小村庄可以坐小火车射箭看各种小动物还有树屋很值得打卡吃住推荐??后街酒家的野火饭用柴火现做重返田园生活??夜晚在灵水居旁的暖锅热酒点个暖锅边吃边欣赏乌镇夜景???西栅大街上的锦堂行馆推开窗户就可以看到小桥流水还可以欣赏油菜花田入住还可以免乌镇西栅门票??乌镇好好生活节正在火热进行中运河堤上春风集有很多有趣的市集可以逛逛还可以参与互动观看演出疗愈体验感拉满民俗狂欢香市节-杂耍游艺开自清明始至立夏止为烧香市游人云集百戏杂陈三教九流纷纷罗列人声沸地锣鼓喧天每天4场分别在灵水居11:00定升桥下14:30升莲广场17:0019:00,9,"西湖,春天,乌镇,烟花三月,江南,柳树,翠绿,桃花,盛开,摇撸船,慢时光,流水,碧波荡漾,古诗词,清明,五一,好好生活节,踏春,风景区,杭州市区,西栅,昭明书院,龙形田,后街酒家,定升桥,灵水居,白莲塔,水上集市,早茶,草木本色染坊,木心美术馆,乌村,油菜花海,咖啡,下午茶,三孔桥,柳树,春意读书会,情景戏剧,热酒馆,鸡尾酒,热闹,小火车,射箭,小动物,树屋,野火饭,田园生活,暖锅,夜景,锦堂行馆,小桥流水,油菜花田,运河堤,春风集,市集,互动,演出,疗愈体验,香市节,杂耍游艺,百戏杂陈",,,,,,,,,,,,,,
总体一日游路线看图一乌镇西栅景区游客服务中心乌镇大剧院木心美术馆草木本色染坊昭明书院三寸金莲馆乌镇邮局乌镇评书场桥里桥茶楼白莲塔乌镇水剧场乌将军庙女红街茅盾纪念堂乌镇水上集市乌镇景点美食地图看图3截图来源于图4这个十六番地图去乌镇旅游真的很推荐基本上国内的各个城市都有旅行地图不想费脑的小伙伴可以直接跟着地图打卡景点+美食+路线都有啦看图5678图一路线也是用这个地图做的??看图5直接复制我的路线到地图上懒人冲,8,"乌镇西栅景区,乌镇大剧院,木心美术馆,草木本色染坊,昭明书院,三寸金莲馆,乌镇邮局,乌镇评书场,桥里桥茶楼,白莲塔,乌镇水剧场,乌将军庙,女红街,茅盾纪念堂,乌镇水上集市,乌镇景点美食地图,十六番地图,旅行地图,打卡景点,美食,路线",,,,,,,,,,,,,,
小桥流水人家以前的江南是烟柳繁华之地现在的江南不止于诗词更是一种生活你一句春不晚你我就到了真江南???六大古镇谁是你心目中的江南水乡-??南浔没有热门景区的喧嚣小桥流水与大宅院交相辉映素有诗书之乡之称??门票0?时间08:00-17:30??位置浙江省湖州市-??周庄周庄诠释了小桥流水人家漫步在周庄让人如痴如醉??门票90?时间08:00-21:00??位置苏州南昆市-??西塘充满古朴宁静的气息走在烟雨长廊听雨??坐在小船里看两岸的灯火真是一种享受??门票100?时间全天??位置浙江省嘉兴市-??乌镇很多人了解乌镇是源于电视剧似水年华片中的乌镇也成了人们的梦中江南水乡??门票190?时间07:00-20:00??位置浙江省嘉兴市-??同里石桥窄巷细砖旧瓦幽深冷清的石板路镜头里的同里美得像一幅江南水墨画??门票50?时间08:00-17:00??位置江苏省苏州市-??宏村高高昂起的马头墙湖水清澈拱桥如虹俨然一幅天然山水画??门票104?时间00:00-23:59??位置安徽省黄山市,9,"小桥流水人家,烟柳繁华之地,江南水乡,诗书之乡,古镇原貌,童年的梦",,,,,,,,,,,,,,
真的玩不够如果你最近也要去乌镇玩那赶快收好这份2天1夜的乌镇深度游路线肯定能帮到你??,8,"乌镇, 深度游路线",,,,,,,,,,,,,,
白墙黛瓦石桥橹影四月的乌镇是水墨洇染的江南时间仿佛被揉碎在粼粼波光里乌镇的美不在被定格的风景里而在依然呼吸着的生活中来乌镇不必追逐打卡地图把自己交给曲折的巷弄让脚步被石缝里的青苔挽留????Tips这是第二次来到乌镇与上次不同的是虽这次没有江南的烟雨却依然沉浸在水墨丹青里西栅是乌镇代表性的景区推荐景点木心美术馆草木本色染坊昭明书院乌镇邮局月老庙桥里桥白莲塔定升桥雨读桥可拍对称构图拍桥洞与水面的倒影清晨还能拍到晨雾未散仿若水墨画般的景象同时还能体验早茶客和水上集市在乌镇做一场不愿醒来的江南梦,9,"白墙黛瓦,石桥橹影,江南,时间,波光,乌镇,风景,生活,巷弄,脚步,青苔,水墨丹青,西栅,木心美术馆,草木本色染坊,昭明书院,乌镇邮局,月老庙,桥里桥,白莲塔,定升桥,雨读桥,对称构图,桥洞,倒影,晨雾,水墨画,早茶客,水上集市,江南梦",,,,,,,,,,,,,,
来到乌镇我才终于理解古人笔下的江南青砖黛瓦小桥流水烟雨朦胧目之所及皆是美好与惬意如果你也想远离城市喧嚣那么不妨来这里走走感受一下真正的江南水乡,9,"江南,青砖黛瓦,小桥流水,烟雨朦胧,美好,惬意,远离,城市喧嚣,真正,江南水乡",,,,,,,,,,,,,,
乌镇真的好像楚门的世界在里面住一晚体验感会更好慢悠悠的感受江南 真的很惬意??,9,"乌镇,楚门的世界,住一晚,体验感,慢悠悠,感受,江南,惬意",,,,,,,,,,,,,,
一直知道木心美术馆的大名但是由于没有具体了解不知道位置在哪这次去乌镇西栅谁懂啊检票进了景区没走多远美术馆就印入眼帘马上买票进去看看[哇R]居然还有萧邦特展真是一趟意外的旅程呀[哇R]最后还遇到一个会弹钢琴的游客在美术馆阶梯上坐着听着悠扬的钢琴沉浸在艺术中无法自拔,9,"木心美术馆,乌镇西栅,萧邦特展,钢琴,艺术",,,,,,,,,,,,,,
[自拍R]全员NPC楚门的世界假古镇都挡不住乌镇成为中国乌镇相比,5,"乌镇,全员NPC,楚门的世界,假古镇",,,,,,,,,,,,,,
[星R]乌镇镇原名乌墩隶属于浙江省嘉兴市桐乡市地处江浙沪金三角之地杭嘉湖平原腹地[樱花R]乌镇境内水系属太湖流域河流纵横交织京杭大运河依镇而过[种草R]乌镇镇拥有7000多年文明史和1300年建镇史是典型的中国江南水乡古镇[氛围感R]是中国历史文化名镇有鱼米之乡丝绸之府之称素有中国最后的枕水人家之誉,8,"乌镇, 乌墩, 浙江省嘉兴市桐乡市, 江浙沪金三角, 杭嘉湖平原, 太湖流域, 河流, 京杭大运河, 7000多年文明史, 1300年建镇史, 江南水乡古镇, 中国历史文化名镇, 鱼米之乡, 丝绸之府, 枕水人家",,,,,,,,,,,,,,
??遇见乌镇就像翻开了一本写满故事的诗集初来的惊喜重游的眷恋都藏在这烂漫春光里??脚下石板桥纹理清晰摇橹船欸乃声声悠悠西市河倒映着粉墙黛瓦-??五一假期将至这份乌镇2天1晚攻略赶紧码住收拾行囊奔赴水乡去邂逅古桥流水感受枕水人家的诗意生活??Day1??西栅景区??水上集市桥里桥茶楼定升桥望津堤灵水居昭明书院??Day2??乌村??草木本色染坊摇橹船西栅大街-??打卡攻略1???望津堤春日限定的乌镇运河堤上春风集来啦4月18日?-?6月2日望津堤化身欢乐场美食市集演艺精彩纷呈漫步花路邂逅浪漫码头看乐队嗨翻河畔观影超惬意2??灵水居码头乘船起始点定格水乡悠悠韵味3??定升桥古桥映波框住乌镇古朴风光4??草木本色染坊蓝布摇曳抓拍传统工艺诗意瞬间5??乌村网红树屋小火车钓鱼射箭小动物乐园等都很容易拍照出片-??舌尖上的乌镇??午餐强推后街酒家尝特色野火饭坐在河边伴着水乡美景一口下去满是地道风味??晚餐满春夜集暖锅夜酒氛围感直接拉满在灵水居的容易钟情热酒馆喝杯春季限定饮品大伙围坐锅灶共享美食温馨又惬意-??枕梦江南这次住在堤上度假酒店房间内落地窗视野极佳可览水乡园林美景自然景致如画铺展带来沉浸式度假体验还可以免景区门票哦~乌镇之行步步皆景悠悠古韵令人沉醉这里不仅有诗意的水乡风光更有贴心的现代设施景区厕所洁净堪比五星级充电宝休息区随处可见旅行体验超棒,9,"乌镇,故事,诗集,惊喜,眷恋,春光,石板桥,摇橹船,西市河,粉墙黛瓦,古桥,流水,枕水人家,诗意生活,水上集市,桥里桥,茶楼,定升桥,望津堤,灵水居,昭明书院,乌村,草木本色染坊,西栅大街,运河堤,春风集,美食市集,演艺,浪漫,码头,乐队,河畔观影,望津堤,灵水居,定升桥,草木本色染坊,蓝布,传统工艺,乌村,网红树屋,小火车,钓鱼,射箭,小动物乐园,后街酒家,野火饭,满春夜集,暖锅夜酒,氛围感,热酒馆,春季限定饮品,堤上度假酒店,落地窗,水乡园林美景,景区厕所,充电宝休息区,旅行体验",,,,,,,,,,,,,,
前几期分享了周庄西塘乌镇的游览攻略宝子可能会纠结这几个古镇哪个更合适呢来了给大家从背景规模景观门票夜景等各方面进行综合的对比整理[电影R]背景?周庄始建于北宋被国家地理评为中国D一水乡美誉是江南shou富沈万三的故乡也是电影摇啊摇摇到外婆桥取景地??西塘是古代吴越文化发祥地之一有活着的千年古镇称号也是周董天涯过客MV的取景地??乌镇有着六千年悠长历史被称为中国zui后的枕水人家是电视剧似水流年取景地[栗子R]规模?周庄占地0.4平方公里商业化适中也有特色民俗文创建议游玩时长半天??西塘占地1.04平方公里商业化重合度高旅拍quan国小吃街居多有酒吧街建议游玩时长1晚?白天半天??乌镇占地6.9平方公里有西栅和东栅两区规模集团化的统一管理所以配套也会更齐全商业化程度适中适合度假建议游玩时长1.5天[仙女R]景观图1-5?周庄内敛从容如诗人笔下的深闺少女古建筑群保留着明清时期的风貌白墙黛瓦以河成街河埠廊坊深宅大院古朴幽静满足了江南小桥流水人家的温婉印象??西塘生活烟火气息更浓如小家碧玉秀慧精致建筑以明清的廊棚古弄建筑为特色水质清澈通透??乌镇颇有大家闺秀之气建筑雕梁画栋石巷老屋木墙黑瓦染坊水上集市流露着洒脱江湖豪气??门票?周庄100??西塘?9517:00后免门票??乌镇西栅150东栅110套票190[啤酒R]夜景图6?周庄晚上有灯光秀不适合夜宿??西塘晚上有酒吧街文化个人体验感一般特色不大??乌镇白天去东栅下午去西栅夜晚灯笼高挂热闹也有宁静的独处之地??图6还放了苏州的七里山塘夜景给大家围观[举手R][种草R]总结推荐指数乌镇综合性高周庄西塘可根据自己行程时间选择时间紧可不去西塘时间充裕早上先去周庄下午5点后去西塘第二天下午去乌镇我是半路胖胖一个半路开始出发一个月一半在路上一半在拼命工作的斜杠青年,8,"背景,规模,景观,门票,夜景,周庄,西塘,乌镇,商业化,特色民俗文创,千年古镇,历史,枕水人家,古建筑群,明清时期风貌,白墙黛瓦,河成街,河埠廊坊,深宅大院,小桥流水,烟火气息,廊棚古弄建筑,水质清澈,雕梁画栋,石巷老屋木墙黑瓦,染坊,水上集市,灯光秀,酒吧街文化,灯笼高挂",,,,,,,,,,,,,,
乌镇的的茶馆太有江南的风韵了,9,"乌镇,茶馆,江南,风韵",,,,,,,,,,,,,,
你一句春不晚我就到了真江南一直对乌镇魂牵梦萦这次终于圆梦啦回来就迫不及待整理这份攻略希望能帮到想去乌镇的宝子们???交通指南1. 飞机周边萧山国际机场上海浦东国际机场上海虹桥机场都有到乌镇的机场大巴车程大概1.5小时2. 高铁坐到桐乡高铁站出站后乘K282公交到乌镇汽车站再换乘K350就能到东栅或西栅景区3. 自驾自驾很方便景区有多个停车场停车不愁??门票??? 西栅150元/人? 东栅110元/人? 联票190元/人学生可享半价优惠??建议时间有限的话不用买联票一天逛不完两个景区第2??天就作废啦除非入住景区内可多次进出??打卡景点??西栅景区1. 木心美术馆门票20元周一闭馆文艺青年必打卡这里有木心先生的众多画作和文学作品虽然馆内不能拍照但能让你沉浸式感受艺术的魅力2. 老邮局复古氛围感拉满从前车马很慢书信很远一生只够爱一个人在这儿寄张明信片给未来的自己或远方的朋友超有意义3. 草木本色染坊蓝印花布随风飘扬拍照出片还能体验传统扎染技艺带走一份纪念品4. 白莲塔乌镇标志之一登上塔顶可以俯瞰整个西栅景区的美景尤其是傍晚时分落日余晖洒在水面上美到让人失语??东栅景区1. 茅盾故居文学爱好者必打卡走进课本里的记忆感受一代文豪的成长足迹2. 宏源泰染坊和西栅染坊不同这里更具生活气息可以看到蓝印花布从制作到晾晒的全过程3. 皮影戏馆上午9:00 - 11:00下午13:00 - 15:00有表演每半小时一场近距离感受非遗文化的魅力很有意思??拍照小技巧1. 穿搭建议穿浅色系的古风服装和水乡的氛围更搭分分钟拍出古风美照2. 道具准备一把油纸伞或透明雨伞既实用又能当拍照道具出片率??3. 拍摄时间清晨和傍晚的光线柔和拍出来的照片氛围感十足晚上的西栅灯火阑珊也是拍照的好时机哦,9,"乌镇, 春不晚, 真江南, 圆梦, 木心美术馆, 文艺青年, 老邮局, 复古氛围, 明信片, 草木本色染坊, 蓝印花布, 扎染技艺, 白莲塔, 落日余晖, 茅盾故居, 文学爱好者, 宏源泰染坊, 生活气息, 皮影戏馆, 非遗文化, 浅色系, 古风服装, 油纸伞, 清晨, 傍晚, 灯火阑珊",,,,,,,,,,,,,,
海宁这座历史悠久的城市自古以来便是杭州府县中的佼佼者被誉为杭州的前庭上海的后院海宁盐官不仅是世界著名的观潮胜地还保留着明清民国时期的古建筑徐志摩王国维等名人的故居也坐落于此当年乾隆六下江南其中有四次都是来的这里江南烟雨小桥流水古城城墙江南园林古寺庙宗祠古宅每一处都是一个故事的起点每一步都是一段历史的回响盐官潮墙游客中心前的水幕平时9:00开始15分钟一场/ 周末半小时一场不用进景区不用买门票进去门口就能看飞流直下三千尺疑是银河落九天潮墙分布在两边有不少拍照的人想要看好看的照片建议在表演开始前就占好位置观潮胜地公园被称为观潮第1圣地是语文书上推荐的观潮点看天下奇观一线潮可以根据每日潮汛的时间 提前半个小时去选一个好的观潮角度盐官观潮胜地公园门票1530元其他观潮点均免费涌潮时间动态变化关注钱塘江观潮小程序获取潮汐预报海神庙江南最大的敕建官式建筑遗存海神庙是祀传说中的浙海之神殿内主要供奉钱镠王参观推荐下午三四点因为这个点的光影叠配合宫墙红有一种独特的寂静美孔庙学宫从隋朝延续至今的遗迹见证海宁的兴衰变迁一进孔庙学宫首先映入眼帘的是红墙拍照会特别出片从海神庙步行10分钟就能到达孔庙学宫王国维故居取名为娱庐王国维称其为西城老屋建筑风格基本为砖木结构整体显得朴实无华现在是国家重点保护文物交通方式自驾导航到浙江嘉兴海宁潮乐之城六号停车楼停车楼目前免费很大而且3楼有充电桩高铁到海宁西站出站后打车到游客中心住宿如果想在这边玩两天可以在景区内住一晚听着潮声入梦,9,"海宁, 历史悠久, 杭州府县, 观潮胜地, 明清民国时期, 古建筑, 徐志摩, 王国维, 名人故居, 江南烟雨, 小桥流水, 古城墙, 江南园林, 古寺庙, 宗祠, 古宅, 故事的起点, 历史的回响, 盐官潮墙, 水幕, 飞流直下三千尺, 疑是银河落九天, 潮墙, 观潮胜地公园, 天下奇观一线潮, 潮汐预报, 海神庙, 浙海之神, 钱镠王, 孔庙学宫, 隋朝遗迹, 红墙, 娱庐, 西城老屋, 砖木结构, 朴实无华, 国家重点保护文物, 浙江嘉兴海宁潮乐之城六号停车楼, 免费停车, 充电桩, 海宁西站, 听着潮声入梦",,,,,,,,,,,,,,
[大笑R]线路?day1  杭州13:30-16:00 抵达[飞机R]杭州萧山-??酒店17:00- 19:00南宋御街-河坊街?day2 杭州上午9:00-10:00 ??打车到法喜寺10:00-11:30 观光车去飞来峰-灵隐寺下午11:30-16:00 公交车1314??坐到苏提南口-摇撸船??-太子湾-雷峰塔回到苏提坐观光车-曲院风荷-??西冷桥-白堤-断桥??曲院风荷到断桥这一段至少2公里不想走可摆渡车直接坐到断桥[派对R]16:00-19:00三潭印月??断桥沿路往前有游船码头坐船去回来往湖滨方向坐- 银泰in77?day3 杭州-乌镇7:30-9:30 ??顺风车去乌镇有行李也可以直接去但一定要从1号游客中心进入那里才可以寄存行李下午-晚上乌镇东栅-西栅[萌萌哒R]我是直接去了西栅但其实时间完全足够不怕累可以买联票先逛东栅在西栅?day4  乌镇-苏州10:20-12:30 苏州建议大家能尽早出门最好我出发晚路上堵车了而且不走高速又累又费时[失望R]下午1230-1400吃饭-入住酒店[得意R]1400-1600 租旗袍60r/天-拙政园[自拍R]1700-1900平江路有茶颜[哇R]?day5 苏州上午七里山塘夜景更好看想看夜景可以和day4的平江路换换下午 无锡硕放回程??酒店住宿建议可以看地图选???住离你想去的景点交通方便/不远的地方居住感受酒店我在三个地方住的都还好各有各的毛病[汗颜R]250-350元/晚不做推荐啦如果你按照上面的攻略走位置建议可参考~??杭州凤起路/武林广场/龙翔桥地铁站附近交通都非常便利??乌镇可以住乌镇里面里面所有的酒店民宿青旅都是统一管理包门票不限次数进出乌镇乌镇戏剧节期间酒店涨价且不含门票且全程行李托管完全不用操心住外面民宿就很多了大家可以对比多几个看着挑??苏州我是住平江路去景点非常方便拙政园平江路走路就能到,8,古镇原貌,商业水平不高,童年的梦,,,,,,,,,,,,
这几天江浙沪的人都来乌镇了吧人多的都要从桥上挤下去了[笑哭R]乌镇东西南北栅出名的就是东栅和西栅很负责任的告诉宝子们没必要花钱去东栅小没花头真要小玩直接去西栅即可下面??重点优点景区较大可以游玩一下午夜景也不错坐个乌篷船??6025分钟算便宜没必要包船反正都一样要排队拼船6-8人/艘摇荡于江南水乡别有一番风味缺点1.商业化真的太严重了现在比原先增加了一条水上集市其实就是美食街东西就是馄饨小笼包面这种再普通不过的小吃价格巨贵已经严重超出了一个三四线城市景区的标准宰外地游客毫不手软2.春节期间游客量多正常但是景区管理跟不上节奏车子乱停交警只是路过也不管的这就是小地方的特色睁一只眼闭一只眼温馨提示??1.景区外全是吃饭的其中有一家小淮娘鸭血粉丝千万别去吃超级大避雷先不说鸭血粉丝咸的要命价格惊人小笼包2530的馄饨10元的量68的牛肉面等等等等很多进去的都是以为小吃店便宜想着随便吃点结果随便点两个馄饨包子120有一对夫妻结账的时候惊呆了不敢置信自己吃了个早餐量付了个正餐钱因为店里小吃有图片但是不标价格心大的就掉入陷阱了在我们后面来的一家人也是看见东西和价格眼珠子瞪得像铜铃一脸不可置信头顶三个问号所以大家真的别踩坑真的没东西吃要去吃也一定要看价格问他要菜单??必吃美食萝卜丝饼梅干菜烧饼梅花方糕价格正常但需要排长队有点心理准备最后建议大家别在这几天去人挤人体验感不好春节后去吧祝大家玩得开心,4,"景区较大,夜景,乌篷船,江南水乡,商业化,价格巨贵,游客量多,管理跟不上节奏,小地方特色,温馨提示,必吃美食,萝卜丝饼,梅干菜烧饼,梅花方糕",,,,,,,,,,,,,,
奈何乌镇太美了第一次来乌镇就碰上下雨江南烟雨在此刻具像化了好美,9,"乌镇,下雨,江南烟雨",,,,,,,,,,,,,,
真的玩不够如果你最近也要去乌镇玩那赶快收好这份2天1夜的乌镇深度游路线肯定能帮到你??,9,"乌镇, 深度游路线",,,,,,,,,,,,,,
??遇见乌镇就像翻开了一本写满故事的诗集初来的惊喜重游的眷恋都藏在这烂漫春光里??脚下石板桥纹理清晰摇橹船欸乃声声悠悠西市河倒映着粉墙黛瓦-??五一假期将至这份乌镇2天1晚攻略赶紧码住收拾行囊奔赴水乡去邂逅古桥流水感受枕水人家的诗意生活??Day1??西栅景区??水上集市桥里桥茶楼定升桥望津堤灵水居昭明书院??Day2??乌村??草木本色染坊摇橹船西栅大街-??打卡攻略1???望津堤春日限定的乌镇运河堤上春风集来啦4月18日?-?6月2日望津堤化身欢乐场美食市集演艺精彩纷呈漫步花路邂逅浪漫码头看乐队嗨翻河畔观影超惬意2??灵水居码头乘船起始点定格水乡悠悠韵味3??定升桥古桥映波框住乌镇古朴风光4??草木本色染坊蓝布摇曳抓拍传统工艺诗意瞬间5??乌村网红树屋小火车钓鱼射箭小动物乐园等都很容易拍照出片-??舌尖上的乌镇??午餐强推后街酒家尝特色野火饭坐在河边伴着水乡美景一口下去满是地道风味??晚餐满春夜集暖锅夜酒氛围感直接拉满在灵水居的容易钟情热酒馆喝杯春季限定饮品大伙围坐锅灶共享美食温馨又惬意-??枕梦江南这次住在堤上度假酒店房间内落地窗视野极佳可览水乡园林美景自然景致如画铺展带来沉浸式度假体验还可以免景区门票哦~乌镇之行步步皆景悠悠古韵令人沉醉这里不仅有诗意的水乡风光更有贴心的现代设施景区厕所洁净堪比五星级充电宝休息区随处可见旅行体验超棒,9,"乌镇,诗集,惊喜,眷恋,春光,石板桥,摇橹船,粉墙黛瓦,古桥流水,诗意生活,水上集市,桥里桥,茶楼,定升桥,望津堤,灵水居,昭明书院,乌村,草木本色染坊,西栅大街,望津堤春日限定,运河堤,春风集,美食市集,演艺,浪漫码头,乐队,河畔观影,灵水居码头,定升桥古桥映波,草木本色染坊蓝布,传统工艺,乌村网红树屋,小火车,钓鱼,射箭,小动物乐园,后街酒家,野火饭,满春夜集,暖锅夜酒,氛围感,容易钟情热酒馆,春季限定饮品,堤上度假酒店,落地窗,水乡园林美景,景区厕所,充电宝休息区,旅行体验",,,,,,,,,,,,,,
乌镇真的好像楚门的世界在里面住一晚体验感会更好慢悠悠的感受江南 真的很惬意??,8,"乌镇,楚门的世界,住一晚,体验感,慢悠悠,感受,江南,惬意",,,,,,,,,,,,,,
??乌镇戏剧节简介- 创办时间2013年- 举办地点浙江省乌镇- 发起人赖声川黄磊陈向宏- 举办时间每年10月至11月通常为期10天左右- 核心主题以国际化专业化多元化为宗旨打造一个融合传统与现代东方与西方的戏剧盛会??乌镇戏剧节的特点1. 古镇与戏剧的完美结合- 乌镇是中国著名的江南水乡古镇戏剧节期间古镇的街道小巷剧院甚至河边都成为戏剧的舞台营造出独特的观剧体验- 观众可以在古镇的浪漫氛围中感受戏剧的魅力体验戏剧与生活的融合2. 国际化视野- 乌镇戏剧节邀请了来自世界各地的顶尖剧团和艺术家呈现多样化的戏剧作品- 国际剧目的引入为观众提供了全球戏剧的前沿动态同时也促进了中外戏剧文化的交流3. 高水准的戏剧作品- 戏剧节汇聚了国内外优秀的戏剧作品涵盖话剧歌剧舞剧肢体剧实验戏剧等多种形式- 许多作品由国际知名导演和剧团创作具有极高的艺术水准4. 青年戏剧人的平台- 戏剧节设有青年竞演单元为年轻戏剧人提供展示才华的机会鼓励戏剧创作的创新与探索- 许多青年戏剧人通过这一平台崭露头角成为中国戏剧的新生力量5. 丰富的活动形式- 除了戏剧演出戏剧节还举办论坛讲座工作坊等活动为戏剧从业者和爱好者提供交流学习的平台- 小镇对话是戏剧节的特色活动之一邀请戏剧大师与观众面对面交流分享创作心得??乌镇戏剧节不仅是中国戏剧界的盛会也是全球戏剧爱好者向往的艺术殿堂它通过高水准的戏剧作品和丰富的活动形式为中国戏剧注入了新的活力也为观众带来了深刻的艺术体验,10,"古镇,戏剧,浪漫氛围,国际化视野,顶尖剧团,艺术家,多样化,高水准,话剧,歌剧,舞剧,肢体剧,实验戏剧,艺术水准,青年戏剧人,平台,才华,创新,探索,论坛,讲座,工作坊,交流学习,小镇对话,戏剧大师,观众,创作心得,艺术体验",,,,,,,,,,,,,,
你一句春不晚我就到了真江南一直对乌镇魂牵梦萦这次终于圆梦啦回来就迫不及待整理这份攻略希望能帮到想去乌镇的宝子们???交通指南1. 飞机周边萧山国际机场上海浦东国际机场上海虹桥机场都有到乌镇的机场大巴车程大概1.5小时2. 高铁坐到桐乡高铁站出站后乘K282公交到乌镇汽车站再换乘K350就能到东栅或西栅景区3. 自驾自驾很方便景区有多个停车场停车不愁??门票??? 西栅150元/人? 东栅110元/人? 联票190元/人学生可享半价优惠??建议时间有限的话不用买联票一天逛不完两个景区第2??天就作废啦除非入住景区内可多次进出??打卡景点??西栅景区1. 木心美术馆门票20元周一闭馆文艺青年必打卡这里有木心先生的众多画作和文学作品虽然馆内不能拍照但能让你沉浸式感受艺术的魅力2. 老邮局复古氛围感拉满从前车马很慢书信很远一生只够爱一个人在这儿寄张明信片给未来的自己或远方的朋友超有意义3. 草木本色染坊蓝印花布随风飘扬拍照出片还能体验传统扎染技艺带走一份纪念品4. 白莲塔乌镇标志之一登上塔顶可以俯瞰整个西栅景区的美景尤其是傍晚时分落日余晖洒在水面上美到让人失语??东栅景区1. 茅盾故居文学爱好者必打卡走进课本里的记忆感受一代文豪的成长足迹2. 宏源泰染坊和西栅染坊不同这里更具生活气息可以看到蓝印花布从制作到晾晒的全过程3. 皮影戏馆上午9:00 - 11:00下午13:00 - 15:00有表演每半小时一场近距离感受非遗文化的魅力很有意思??拍照小技巧1. 穿搭建议穿浅色系的古风服装和水乡的氛围更搭分分钟拍出古风美照2. 道具准备一把油纸伞或透明雨伞既实用又能当拍照道具出片率??3. 拍摄时间清晨和傍晚的光线柔和拍出来的照片氛围感十足晚上的西栅灯火阑珊也是拍照的好时机哦,9,"乌镇, 春不晚, 真江南, 圆梦, 木心美术馆, 文艺青年, 老邮局, 复古氛围, 草木本色染坊, 传统扎染技艺, 白莲塔, 落日余晖, 茅盾故居, 宏源泰染坊, 生活气息, 皮影戏馆, 非遗文化, 古风服装, 油纸伞, 清晨, 傍晚, 西栅, 灯火阑珊",,,,,,,,,,,,,,
碎雨穿过檐角垂落的梨花新市茶馆一杯绿酒乌篷轻摇花影与橹声梨雪与茶烟寂美悠适治愈听我的来窄窄的古老的河道边在新中式风格的茶馆喝上一壶热茶发上一天呆所有的事物都会变得美好你好湖州,9,"碎雨,檐角,梨花,新市茶馆,绿酒,乌篷,花影,橹声,梨雪,茶烟,寂美,悠适,治愈,窄窄,古老,河道,新中式风格,热茶",,,,,,,,,,,,,,
风啊水啊一顶桥[打卡R]地点木心美术馆??地址嘉兴市桐乡市乌镇西栅1508号乌镇西栅景区进入景区后的首个景点就是木心美术馆[薯券R]预约方式线下/线上买票票价20元乌镇西栅票价150买票才能进去哦??开放时间夏令9:00-17:30冬令9:00-17:00闭馆前半小时停止售票周一闭馆??交通路线杭州出发1大巴??直达乌镇西栅巴巴快巴小程序买票2高铁转公交高铁到达桐乡站公交K281K282到达乌镇汽车站???????展览感受直线线条条形的混凝土墙面是我站在木心美术馆门前的第一眼印象美术馆里存放了很多木心的手稿与画作印象比较深的是存放他在监狱中创作的展厅展厅结构简单光线昏暗整个展厅中的光源主要来自展品上的那一束光站在展柜前展柜里的纸面不大但却密密麻麻的写满了字要很仔细的才能看清上面的内容一路向前走看到几排座位面朝水面适合发呆一面光透过玻璃照下来被窗前的线条划开成为平行的小方块地下有年度特展萧邦之心展出了很多萧邦相关的内容在入口处的文创商店买了个冰箱贴然后向前出发进入乌镇,8,"古镇原貌,商业水平不高,童年的梦",,,,,,,,,,,,,,
店里裙子都好好看 着急买了一件成品 下次有时间再来自己动手做一条,9,"裙子,好看,成品,自己动手做",,,,,,,,,,,,,,
乌镇玩两天真的绰绰有余感觉早上早点出发一日游玩完西栅+东栅都没太大问题但是乌镇的精华体验绝对是在西栅景区里住一晚然后早上起床美美地在河边吃一顿早餐看着绿水悠悠行舟划过真的超度假超值[色色R][色色R]分享我的行程攻略????周六1??下午14点上海出发17点多到西栅游客中心早上睡到自然醒然后打个顺风车120??浦东直接送到西栅景区门口浦东坐高铁太累了懒人直接顺风??上海-乌镇实际开车只要两小时很近2??17-18点买门票办理入住托运行李坐车??办理入住我定的景区里的乌镇民宿景区里的所有酒店/民宿都被统一管理了都是在游客中心办理入住然后行李可以直接给前台帮你托运到对应的酒店民宿价格370??一晚大床房??买门票门票直接现场买的住景区里的话门票是有优惠的我买的东西栅联票150??感觉还是蛮贵的原价西栅150东栅110东西栅联票190??住宿优惠价西栅120东栅90东西栅联票150????托运行李都办理完后把行李给前台的托运处退房的时候行李也可以直接扔民宿然后让老板帮你托运寄存到游客中心我感觉还蛮方便的??坐车进景区检票处会告诉你哪里坐摆渡车然后告诉司机你住的地方他就给你送到如果行李都托运掉了也可以不坐车慢悠悠逛进去3??18-24点吃饭逛街西栅景区里也是有很多小景点的但是晚上大多数都关门了推荐一些吃喝玩的?酒吧街逛到这块的时候里面有乐队唱着民谣很有感觉可以吃点东西喝点小酒or饮料听歌还挺舒适的而且也都没那么贵可能食物不会特别好吃但也不会特别差主要还是体验个放松的氛围?右侧整条街可以直接逛下来有很多小吃店排队很多人比如桥里桥烧饼铺永平糕点铺米滋啦啦油煎铺萝卜丝饼书生羊肉默默的家都是有名的网红店想体验特色直接看哪里人多排上去就行?景区外西栅景区外面也有超多吃的比景区里好吃而且价格便宜一半我直接逛出去吃了景区门口一家寻坞水宴两百块上了9个菜性价比超级高味道也超级好.周日篇幅限制字数不够啦??见乌镇合集下一篇??????,9,"乌镇,西栅,东栅,景区,民宿,行李托运,门票优惠,酒吧街,小吃店,网红店,寻坞水宴,性价比,味道",,,,,,,,,,,,,,
一直很好奇乌镇所谓的楚门的世界是什么样子去了以后发现确实有种和外面的世界不一样的感觉是和原始古镇不一样的和谐这次只去了西栅镇上除了酒吧之类的商铺晚上基本到了9点多的下班时间就都关门了走在街上很少有主动招揽客人的商家有些商店甚至能看到店员或是老板微微的班味住在乌镇里是很方便的进了景区直接到前台办理行李托运会有专门的工作人员把行李派发到预定的酒店里因为没有提前太多天预订我们订了临安客栈的景观房整体入住体验还是蛮不错的如果住到临水客栈应该会有别样的体验需要住临水的房间的话估计得提前一个周预订要是像五一国庆这样的节假日恐怕还要更早一些入口不远处的酱缸修船的老人能感觉得出来公司在努力营造乌镇原有的古朴感虽然少了点烟火气却给乌镇带来了秩序和宁静其实我觉得住在镇上主要是为了行动方便中午才到的话不用来回往返景区逛累了就可以回客栈如果不嫌折腾和麻烦的话住在小镇外也是不影响体验的因为到了晚上还是有很多游客早上除非能八点以前起来否则游客也是蛮多的---另外在临安客栈吃早餐的时候发生了不愉快的小插曲吃早餐的地方在水边刚好有一个桌子空出来只是桌面还有食物残渣没有打扫我温和礼貌地问旁边打扫的服务人员你好可以先帮我们擦一下这张桌子吗不知道是因为我太礼貌还是因为我穿着打扮比较像学生党那个服务员非常不耐烦地等一下然后一直在打扫没有客人坐的桌子像是故意不给我们打扫一样去到打豆浆的地方和服务人员说要一碗加糖的豆浆结果也是直接打了一杯原味豆浆摆在那里不理人也不提示在哪里加糖本来想算了但是回到座位上真是越想越气想到自己刚才态度礼貌温和却换来这样的对待我就拍了那个态度差的服务员照片和她的工牌打算和酒店投诉后来餐饮的负责人听到其他服务人员说我要投诉才急忙赶过来和我解释并表示会反馈处理给了我小礼品表示抱歉突然想到之前看到的一个帖子就是有时候在某些人面前你的礼貌温和会被那些人当做是一种低姿态气场弱默认为你好欺负好说话他们会对难缠没礼貌的人恭恭敬敬反倒想要踩在看起来温和礼貌的人头上这就是所谓的拔刀向弱者吧,7,"楚门的世界,原始古镇,和谐,商铺,关门,主动招揽客人的商家,商店,店员,老板,班味,住在乌镇,景区,前台,行李托运,工作人员,酒店,临安客栈,景观房,入住体验,临水客栈,别样的体验,预订,临水的房间,入口,酱缸,修船的老人,公司,古朴感,烟火气,秩序和宁静,住在镇上,行动方便,中午,来回往返景区,逛累了,回客栈,住在小镇外,游客,八点以前起来,临安客栈,吃早餐,水边,桌子,食物残渣,服务人员,礼貌,穿着打扮,学生党,不耐烦,打扫,客人,豆浆,加糖,原味豆浆,提示,拍照片,工牌,投诉,酒店,餐饮的负责人,其他服务人员,解释,反馈处理,小礼品,抱歉,帖子,礼貌温和,低姿态,气场弱,好欺负,好说话,难缠没礼貌的人,恭恭敬敬,踩,温和礼貌的人,拔刀向弱者",,,,,,,,,,,,,,
漂浮歌后在第十一届乌镇戏剧节寻歌漫游浪漫值拉满...,8,"漂浮,歌后,乌镇戏剧节,寻歌,漫游,浪漫值,拉满",,,,,,,,,,,,,,
??来了乌镇怎能不逐一解锁这些必打卡的仙境之地呢?? 下面这份超实用攻略带你走进江南水乡的温柔怀抱??-1?? 木心美术馆??走进艺术的殿堂感受木心先生笔下的诗意世界每一幅画每一行诗都是对美的极致追求????-2?? 草木本色染坊??亲眼见证传统工艺的魅力那一抹抹蓝是大自然蕞纯粹的色彩仿佛能闻到千年前的芬芳??-3?? 月老庙??情侣们的圣地祈求红线相牵缘定三生让爱情在古韵中更加甜蜜??-4?? 水上集市??乘船穿梭于市集间体验一把人在画中游的意境琳琅满目的手工艺品让人目不暇接???-5?? 乌镇老邮局??寄一张明信片给自己或远方的朋友让这份古老的浪漫穿越时空抵达心间????-6?? 茅盾纪念馆??走进文学巨匠的故居探寻子夜背后的故事感受文字的力量与温度????-7?? 白莲塔??登塔远眺整个乌镇尽收眼底夕阳下的塔影美得让人心醉????-8?? 邵明书院????沉浸在书香墨韵中仿佛能听到古代学子的朗朗读书声心灵得到一次文化的洗礼????-9?? 西栅夜景??夜幕降临西栅的灯火阑珊每一盏灯都像是诉说着古老的故事漫步其中仿佛穿越回了那个梦里的江南????-,10,"木心美术馆,诗意世界,草木本色染坊,传统工艺,月老庙,缘定三生,水上集市,人在画中游,乌镇老邮局,古老浪漫,茅盾纪念馆,文字的力量,白莲塔,夕阳塔影,邵明书院,书香墨韵,西栅夜景,灯火阑珊,梦里的江南",,,,,,,,,,,,,,
以下摘自网友纤手弄青梅的文章木心1927年出生在乌镇的一个世家本名孙璞笔名木心用陈丹青的话说他是乌镇的公子从小他学钢琴读诗经十九岁开始学画是林风眠先生的门生他外表俊逸家庭富裕当年想必很招女孩子喜欢偏偏造化弄人这样一个才华与颜值兼具的人竟是孑然一身走完人生路我常想如果没有岁月的坎坷他应该会有一个美满的家庭儿孙绕膝吧可惜人生没有如果木心在黄金年龄经历了三次牢狱之灾曾被关在防空洞里十八个月不见天日寻常人估计不死也得失心疯而他不仅是个天才还是个勇士他仍然在创作用写坦白书的纸写了六十五万字的狱中笔记他的格言是你要我毁灭我偏说不1982年木心旅居美国迎来了美术与文学的创作丰收期他的作品被大英博物馆耶鲁大学收藏蜚声海外信步美术馆像走在时光隧道看他的画作精微深邃又神秘粗看山非山水非水仔细再看却又山是山水是水他用的材质和画法都很特别问了美术馆的工作人员才知道这叫做转印画融合了水墨画与油画的技法是木心先生的独创查了一下转印画的制作大致是先在玻璃或类似材质上涂满水与色彩用纸覆盖其上翻转后趁着纸面上湿濡流溢的水渍斑痕即兴演成各种图案图形所以木心的画被称为超现实风景画看木心先生的文学手稿密密麻麻的墨迹先让人心里一热仿佛心血与墨迹天然相通如果说他的文学像他的背影衣袂飘然神仙风采那他的那些俳句就像他的眼睛深刻幽默尖锐他说看清世界的荒谬是一个智者的基本水准看清了不是感到恶心而是会心一笑他说生命好在无意义才容得下各自赋予它意义假如生命有意义却不合我的意那才尴尬他说时间不是药药在时间里,8,"古镇原貌,商业水平不高,童年的梦",,,,,,,,,,,,,,
在乌镇??,5,古镇原貌,商业水平不高,童年的梦,,,,,,,,,,,,
熬夜精心准备的乌镇必去景点攻略来啦准备出游的小伙伴们记得收藏哦??-??草木本色染坊这里既能观赏蓝印花布的制作工艺又能拍出美美的照片??还有机会亲自体验一番呢-??木心美术馆美术馆内主要展示木心先生的艺术作品???其简约风格与木心先生的美学理念相得益彰绝对值得一游-??乌镇邮局这家邮局一直营业至今从前车马很慢书信很远一生只够爱一个人寄一张明信片给远方的爱人吧??-??茅盾纪念馆由茅盾故居立志书院和文昌阁三部分组成通过实物图片和文字等形式全面展示茅盾的成长历程革命经历和文学成就-??摇橹船乘坐摇橹船在江南水乡河道中摇曳既能感受水乡韵味又能欣赏古镇美景真是别有一番风味??-??水上集市这里充满了人间烟火气傍晚时分灯光柔和拍照效果极佳白天在河边茶馆小憩品味茶香悠闲自在-?昭明书院这座江南古建筑曾是昭明太子读书的地方如今已改为书院内有讲堂图书馆书画馆等文化气息浓厚-??白莲塔古镇中的标志性建筑高耸入云的白莲塔登上塔顶可以俯瞰京杭大运河与西栅的船影但需在五点前登顶哦-?乌镇大剧院大剧院犹如一朵盛开的并蒂莲坐落在元宝湖畔建筑风格独特拍照效果绝佳-小伙伴们快来乌镇开启一场难忘的旅行吧??让我们一起在这里留下美好的回忆??-,9,"草木本色染坊,蓝印花布,制作工艺,照片,体验,木心美术馆,艺术作品,简约风格,美学理念,乌镇邮局,营业至今,明信片,茅盾纪念馆,故居,立志书院,文昌阁,实物,图片,文字,成长历程,革命经历,文学成就,摇橹船,江南水乡,河道,水乡韵味,古镇美景,水上集市,人间烟火气,灯光,河边茶馆,茶香,昭明书院,江南古建筑,昭明太子,讲堂,图书馆,书画馆,文化气息,白莲塔,标志性建筑,高耸入云,京杭大运河,西栅,船影,乌镇大剧院,并蒂莲,元宝湖畔,建筑风格,拍照效果",,,,,,,,,,,,,,
乌镇过一天旧时光生活????溜达路线西栅服务中心一乌镇大剧院一木心美术馆一草木染坊一喜庆堂一昭明书院一三寸金莲馆一乌镇邮局桥里桥茶楼一白莲塔一酒吧街一水剧场一乌将军庙一女红街一灵水居一矛盾纪念馆水上集市叙昌酱园西栅服务中心出口??游玩Tips西栅建议下午开始游览晚上看西栅夜景??乌镇有东栅南栅西栅北栅最出名景点夜景最值得打卡的是西栅推荐东栅本地居民为主烟火气息浓适合白天游玩南栅本地居民为主西栅游客聚集地景点多夜景美推荐北栅本地居民为主听说偶尔有举办一些展览东西栅约2公里有免费接驳车也可以摇橹船往来两个景区如果打卡两个地方建议购买联票上午游玩东栅下午西栅和夜景评书戏喝茶88元/单人可选双人128元约30分钟一场不建议景区门口那些当地居民带你游玩乌镇适合慢悠悠溜达??而且景区门口人力黄包车价格偏贵景区内外都可以租到旗袍汉服但是景区外价格会更实惠游玩乌镇建议穿舒适的平底鞋乌镇旁边有个乌村一个小众小村??门票西栅门票150元/人东栅门票110元/人东西栅联票190元/人当日有效景区内观光车10元/人/次摇橹船安渡坊景区入口和如意坊桥里桥茶铺附近两个码头60元/人包船480元/艘??美食小吃姑嫂饼定胜糕桂花乌米饭梅干菜烧饼萝卜丝饼定胜糕桂花糖藕羊肉面乌梅茶三白酒青团乌镇胎菊豆腐花第一次吃放酱油辣椒的豆腐花????交通攻略自驾直接导航景区停车场20元/天高铁桐乡站出口公交k282转k350在西栅游客中心下高铁距离景区约30km巴士 杭州西湖杭州东站绍兴等地都有大巴机场大巴杭州萧山机场直达大巴60元约2.5小时,8,"乌镇, 旧时光, 生活, 溜达, 西栅服务中心, 乌镇大剧院, 木心美术馆, 草木染坊, 喜庆堂, 昭明书院, 三寸金莲馆, 乌镇邮局, 桥里桥茶楼, 白莲塔, 酒吧街, 水剧场, 乌将军庙, 女红街, 灵水居, 矛盾纪念馆, 水上集市, 叙昌酱园, 西栅服务中心出口, 夜景, 烟火气息, 展览, 旗袍汉服, 平底鞋, 乌村, 姑嫂饼, 定胜糕, 桂花乌米饭, 梅干菜烧饼, 萝卜丝饼, 羊肉面, 乌梅茶, 三白酒, 青团, 乌镇胎菊, 豆腐花",,,,,,,,,,,,,,
听我说去乌镇前一定要做好攻略啊 回来才悟到攻略做得好快乐没烦恼乌镇的春天??真的美到next level了~结合本地人建议和血泪经验整理了一份保姆级攻略.关于交通自驾杭州自驾 1H高铁杭州东-桐多站17分钟下车后约顺风车50min到西栅杭州往返大巴武林门驿站一乌镇西栅景区1.5-2H杭州最早发车8:30乌镇最晚发车18:00.关于住宿推荐住在西栅景区内一张票能玩两天早晨体验一次早茶客早晨拍照人少超惬意在直接购买套餐有包含一晚住宿+2张西栅门票+2份早餐 +2张摇撸船票的感觉还蛮划算的.游玩路线乌镇分东栅和西栅两部分主要景点在西栅Day1 直奔西栅??打卡点比较多慢慢逛吃拍照??傍晚欣赏西栅夜景美不胜收不看夜景等于白来??入住西栅Day2  7:00-9:00体验水上集市早茶客??东栅景区这边景点少人也少.tips1.早茶客在西栅水上集市附近只面向入住西栅景区内的游客每天300个免费名额一定要提前预约2.都是石板路观光车只能在外圈最好穿平底鞋3.zui佳拍摄时间是9点前和21点后街道上几乎没人穿汉服或旗袍更出片.关于门票西栅:150元 09:00-22:00东栅:110元 07:00-18:00.,9,"春天,美,攻略,交通,住宿,西栅景区,游玩路线,景点,早茶客,水上集市,夜景,石板路,汉服,旗袍,拍摄时间",,,,,,,,,,,,,,
天青色等烟雨??而我在等你~熬夜整理了乌镇保姆级攻略  清明想到江南水乡踏青的姐妹??马住?交通指南?游玩建议?美食打卡?行程路线去乌镇前快快艾特你的姐妹或男友来抄作业啦???乌镇西栅路线安排??DAY01路线游客服务中心?木心美术馆?草木本色染坊?喜庆堂?茅盾纪念堂?灯笼铺?昭明书院?日月剧场?龙行田?鹊桥亭.??DAY02路线水上集市早餐客?女红街?乌将军庙?诗田广场?水剧场?桥里桥茶铺?白莲塔?茶艺街?西栅主街.-?美食推荐锦记糕点铺定胜糕乌米饭玉兔糕滋啦啦油煎铺萝卜丝饼吴妈馄饨野菜馄饨拌馄饨书生羊肉面羊肉面好评羊杂面略膻避雷??,9,"天青色,烟雨,江南水乡,乌镇,木心美术馆,草木本色染坊,喜庆堂,茅盾纪念堂,灯笼铺,昭明书院,日月剧场,龙行田,鹊桥亭,水上集市早餐客,女红街,乌将军庙,诗田广场,水剧场,桥里桥茶铺,白莲塔,茶艺街,西栅主街,锦记糕点铺,定胜糕,乌米饭,玉兔糕,滋啦啦油煎铺,萝卜丝饼,吴妈馄饨,野菜馄饨,拌馄饨,书生羊肉面,羊肉面,羊杂面",,,,,,,,,,,,,,
??木心说从前车马很慢书信很远一生只够爱一个人展讯如下??美术馆木心美术馆??展期长期?开闭馆时间夏季9:00-17:30冬季9:00-17:00周一闭馆??地址乌镇西栅景区内??门票要先买西栅门票150元进入西栅后买美术馆门票20元??展馆布局美术馆共三层设有多个展厅阶梯式图书馆影像厅咖啡馆艺术衍生品商店等????2020年在上海当代艺术馆看过一次木心与米修的联展有被木心的文字深深吸引到木心说我笔墨柔若有骨无奇之奇偶称意耳如果木心是一个样板那我喜欢这一类的作家文字细腻坚韧不会矫揉造作又能将内心意趣恰到好处的跃然于纸上??木心美术馆致力于纪念和展示画家作家木心先生的毕生心血与美学遗产这不仅是一座收藏过去时的美术馆也是向未来开放的精神指向和学术空间,9,"木心, 古镇, 美术馆, 文字, 意趣, 精神指向, 学术空间",,,,,,,,,,,,,,
乌镇是真的很美攻略推荐如图[害羞R][赞R],9,"乌镇,真的很美,攻略,推荐",,,,,,,,,,,,,,
乌镇分东西栅 南栅 这里只说东西栅?东栅:面积小  是真的古镇  景区与居民区融合  看古镇来这边?西栅:面积大  新建的或者是改建的  100%商业化 一点不吹 真的是100%  想购物消费来这边总结:门票东西联票190左右 不值 ,100,"古镇,景区与居民区融合",,,,,,,,,,,,,,
??首先我们要知道手机上不同镜头的作用这样才能更好的利用他们拍出美美的照片1?? 1x变焦相当于相机等效24mm镜头视角这是一个广角镜头顾名思义就是可以容纳更多的景物在画面里也可以产生丰富的透视效果可以用来拍摄风景及建筑等题材非常容易产生强烈的透视感一般来说离被摄物体越近透视感越强2??2x变焦相当于相机等效48mm镜头视角这是一个非常标准焦距的镜头接近于人眼的视角无明显透视畸变视角自然也很多摄影大师最爱的焦段之一拍摄题材广泛可用于扫街风景人像等一般适合初学摄影的朋友3??3x变焦相当于相机等效77mm镜头视角这是一个中长焦段用于拍摄较远的风景及物体略有一些空间压缩感多用于人物风景照等,1,古镇原貌,商业水平不高,童年的梦,,,,,,,,,,,,
2025文旅出路创造价值 ,2025,"2025,文旅,出路,创造,价值",,,,,,,,,,,,,,
踏入木心美术馆的那刻仿佛步入了一个静谧而深邃的精神宇宙展览以时间为轴串联起木心先生波澜壮阔的一生从早年的画作到晚年的文学手稿每一件展品都承载着厚重的历史与情感最令我动容的是那些看似随性却充满哲思的画作色彩与线条交织既有着中国传统水墨的韵味又不乏西方现代艺术的张力展现了木心先生对东西方文化深刻而独特的理解与融合每一幅画都是一个故事一段旅程让人在欣赏之余也不禁反思起自己的生活与艺术追求,9,"木心美术馆,静谧,深邃,精神宇宙,展览,时间,木心先生,画作,文学手稿,展品,历史,情感,随性,哲思,色彩,线条,中国传统水墨,西方现代艺术,张力,东西方文化,理解,融合,故事,旅程,欣赏,反思,生活,艺术追求",,,,,,,,,,,,,,
烟花四月不妨奔赴乌镇沉醉在千年水乡的独特魅力里这里不仅有诗意的江南风光更有精彩纷呈的传统民俗沉浸香市体验民俗狂欢从4月1日至5月31 日乌镇香市盛大开启清明前后蚕花圣会巡游热闹非凡数百人组成的巡游队伍抬着蚕花仙子丝竹锣鼓高跷杂耍一路相随游客身着汉服加入巡游沉浸式体验轧蚕花祈福仪式西市河上踏白船竞渡激情上演改装渔船在激昂鼓声中如离弦之箭水花飞溅提前一小时抢占好位置定格这震撼的水上竞技场面在东栅乌青水龙会展示清末消防器械游客还能参与救火演练用杠杆式水泵喷水亲身体验古代智慧同时十样杂耍打花棍等非遗表演也将在通安桥畔轮番登场尤其是高台晃管演员在数米高杆上保持平衡令人惊叹探秘角落解锁独特体验西栅草木本色染坊里跟随老匠人学习刻版刮浆染色等流程花上两小时制作一方属于自己的蓝印花布还可尝试夹缬工艺让对称图案的蓝印花布成为独特伴手礼走出西栅来到乌村当一日田园农夫参与乌春市集采摘当季蔬菜用传统土灶烹制野火饭感受食物最本真的美味亲子家庭可以参加风车DIY纸鸢绘制等活动体验插秧磨豆腐等农耕乐趣木心美术馆推出的肖邦之心主题展将持续至5月31日在展览中通过手稿影像解读音乐家的创作历程逛累了不妨在美术馆咖啡馆点上一杯特色咖啡看着杯垫上木心先生的诗句享受片刻宁静每周六下午还能参加文学下午茶聆听学者讲述木心与乌镇的渊源诗意漫游避开人潮喧嚣清晨7点至8点在景区开放前住宿西栅的游客可凭房卡提前进入沿着安渡坊码头经过通安桥白莲塔抵达草木本色染坊享受无人打扰的石板路欣赏晨雾中的水阁位于乌镇北栅的北栅丝厂是一处工业风艺术秘境4月期间在这里参观乌镇当代艺术邀请展在废弃厂房中感受艺术的魅力逛累了打卡老车间改造的咖啡馆品尝特色咖啡夜晚8点至9点参加东栅夜巡跟随身着传统服饰的更夫手持铜锣巡街在茅盾故居修真观宏源泰染坊的路线中聆听更夫讲述东栅的百年变迁最后还能获赠平安福木牌,9,"烟花四月,乌镇,千年水乡,独特魅力,诗意江南风光,精彩纷呈传统民俗,香市,民俗狂欢,蚕花圣会,巡游,热闹非凡,汉服,沉浸式体验,轧蚕花祈福仪式,西市河,踏白船竞渡,水上竞技,东栅,乌青水龙会,清末消防器械,救火演练,杠杆式水泵喷水,古代智慧,十样杂耍,打花棍,非遗表演,通安桥畔,高台晃管,西栅草木本色染坊,老匠人,刻版刮浆染色,蓝印花布,夹缬工艺,对称图案,乌村,田园农夫,乌春市集,当季蔬菜,传统土灶,野火饭,食物最本真美味,亲子家庭,风车DIY,纸鸢绘制,农耕乐趣,插秧,磨豆腐,木心美术馆,肖邦之心主题展,手稿影像,音乐家创作历程,文学下午茶,学者讲述,木心与乌镇渊源,清晨,景区开放前,住宿西栅,房卡提前进入,安渡坊码头,通安桥,白莲塔,无人打扰石板路,晨雾中水阁,北栅丝厂,工业风艺术秘境,乌镇当代艺术邀请展,废弃厂房,艺术魅力,老车间改造咖啡馆,特色咖啡,东栅夜巡,更夫,铜锣巡街,茅盾故居,修真观,宏源泰染坊,百年变迁,平安福木牌",,,,,,,,,,,,,,
刚从乌镇旅游回来我来说一些实话近期来乌镇旅游的姐妹这篇码??住根据自己以及身边朋友的经验给大家整理了一份旅游攻略希望有帮助喔~-??乌镇分为东栅西栅南栅和北栅其中西栅以景色出众游客基本都集中在西栅地址??浙江省嘉兴市桐乡市石佛南路18号如何到乌镇???高铁桐乡站出站口右侧公交K282-K350-西栅游客中心下车乌镇周边自驾??导航到乌镇西栅一号游客中心可以直达停车场可以沿河道北侧主街向西至白莲塔河西栅为椭圆形南岸街道向东-??出行准备1证件类身份证学生证2电器类耳机充电器充电宝相机3出行类防晒伞水杯想拍照的宝宝们可以带一些浅色或者素色裙子旗袍或者偏汉服不想带很多衣服的可以前往乌镇环河路特别多汉服店-????行程分享Day1?? 抵达乌镇西栅景区入口草木本色染坊乌镇老街乌镇邮局国乐戏院每个时间段有表演还有露天电影放映桥里桥茶楼水上集市水上戏台Day2?? 乌镇南栅半日游返程南栅比西栅更有生活气息还免门??但景致没有西栅好-??美食安利永平糕点铺桂花方糕彩虹糕有淡淡甜味的米糕软糯糯的越嚼越香锦记酱鸭??蛮大的鸭腿甜滋滋的还不错-,8,"西栅,景色出众,乌镇老街,乌镇邮局,国乐戏院,露天电影放映,桥里桥茶楼,水上集市,水上戏台,南栅,生活气息,永平糕点铺,桂花方糕,彩虹糕,米糕,锦记酱鸭",,,,,,,,,,,,,,
?宝子们今天给大家分享从杭州出发去乌镇的一日游攻略让你轻松打卡乌镇精华景点????关于交通去程?0930 从杭州坐动车??到桐乡站?1000 出站右转坐公交 k282??k35011:40 到乌镇景区门口??真心不建议大家坐公交时间太长了会坐到怀疑人生??我本来买了杭州到乌镇的大巴车结果晚了几秒钟都不让我上车 大家一定要提前出发回程??乌镇到杭州城站汽车客运站??43大约 2 小时??vx 搜 巴巴快巴 买长途大巴票提前半小时候车??妆造建议大家在景区门口租衣服喔会比景区里面便宜而且款式更好看?????游玩路线西栅门票??150r / 人9:00 - 22:00乌镇大剧院??木心美术馆??草木本色染坊??昭明书院??龙形田??月老庙??三寸金莲馆??乌镇邮局??桥里桥茶楼??白莲塔??水剧场??水上集市?乌镇大剧院标志建筑打卡拍拍照就可以走啦???木心美术馆现场买门票??20 / 人里面珍藏着木心的手稿和音乐作品建议是他的读者或者喜欢文学的人进去不然可能会觉得没意思喔???草木本色染坊青衣布掀风非常出片的场景利用染布做前景拍照很好看下午会有染坊那些事儿情景剧上演???昭明书院是一处旧时的书院比较静雅这段时间 6 点左右有花昭春夜集街头斗诗挺有趣的???龙形田绿油油的一片扎进乌镇的春天里???月老庙三寸金莲馆走马观花逛一逛???乌镇邮局木心先生口中的 车马慢一生只够爱一个人 说的就是这里可以寄明信片???桥里桥茶楼白莲塔会路过国家地理评为的中国最美茶馆????走到这里就差不多是单程的终点啦吴妈馄饨在这里可以去尝尝走累了就在文昌阁旁边的桥上歇息一会吧看摇橹船晃晃悠悠来往???水上集市早茶客在这里哟路过的时候还能听到小曲??????到这里乌镇的精华地差不多都打卡完了剩余的时间就可以去拍拍照片寻觅一下美食吧???大巴??回杭州??体验下来其实乌镇西栅不用一直看着路线图挨个打卡一路走基本所有地方都能走到慢慢走慢慢欣赏才是正确打开乌镇的方式??????????左下角跟团纯玩更多美景打卡,8,"交通,妆造,游玩路线,乌镇大剧院,木心美术馆,草木本色染坊,昭明书院,龙形田,月老庙,三寸金莲馆,乌镇邮局,桥里桥茶楼,白莲塔,水剧场,水上集市,吴妈馄饨,摇橹船,国家地理,中国最美茶馆,左下角跟团纯玩",,,,,,,,,,,,,,
这是一片轻轻柔柔的梅雨季节里的古镇乌镇绿色绿得油润绿到深入人心其他颜色也都如此纯粹我喜欢在清晨的古镇上寻找一整片的宁静配上这些诱人的色泽久久难忘相片于浙江嘉兴桐乡乌镇古镇一些行摄TIPS1梅雨季节通常出现在江南地带的6月份这期间淅淅沥沥的雨水总是停不下来而雨水里的古镇会较以往有着不同的感觉是行摄江南古镇非常推荐的时节26月份的江南有着一年四季中最早的日出时间或许因为雨水总是只见光亮不到太阳但跟随着太阳一同早起能收获极为宁静的江南古镇在这样子难得的氛围里无论是伫立在古镇窄窄的街道中还是依靠在高高的石桥上都是一种美好的感觉3我喜欢用无人机拍摄这样延绵的河流与古建筑如果你也选用这种方式请与景区做好沟通并避开人群上空,9,"梅雨季节,古镇,绿色,油润,深入人心,纯粹,清晨,宁静,色泽,久久难忘,相片,浙江嘉兴桐乡乌镇,古镇,行摄,TIPS,江南地带,6月份,雨水,不同感觉,推荐时节,日出时间,光亮,太阳,极为宁静,江南古镇,氛围,美好感觉,窄窄的街道,高高的石桥,无人机拍摄,延绵的河流,古建筑,景区沟通,避开人群",,,,,,,,,,,,,,
买田阳羡吾将老从初只为溪山好???没想到苏轼笔下的宜兴??还藏着一个山里的小镇小镇里的乐园澄澈如镜的湖水与蓝天白云相映成趣勾勒出一幅天然的水墨画街边的徽派建筑白墙黛瓦飞檐斗拱??真的是好逛又好拍我已经是二刷了这次来正好赶上开园小镇准备了超多精彩活动比起上次来更加丰富多彩超震撼的龙腾水秀烟花??热闹非凡的中国式派对轮番上场的千年窑火颂风华主题演出....赶紧码住带家人朋友一起来玩??江苏宜兴窑湖小镇??高铁坐到宜兴站出来打车30min??自驾导航窑湖小镇游客中心??2天1夜游玩路线?????????入住?云上的小火车?竹鼠热浪乐园?薪火窑光巡游?千年窑火颂风华?龙形水秀+龙腾烟花秀?????????闲逛小镇?摇橹船游湖?开龙窑表演?返程? 竹鼠热浪乐园谁说冬天不能玩水这是冬季的室内水上乐园进门就是热浪滚滚秒穿越到三亚的感觉封闭大喇叭冲浪池等各种水上项目大人小孩都能尽情享乐~给江浙沪的冬天加点浪? 摇橹船游湖泛舟湖上欣赏湖光山色还有江南美景拍照也好看~?云上的小火车白天像是宫崎骏童话里的云端列车到了晚上就像是科幻世界里的赛博朋克列车整体打造成了复古车厢的氛围感晚上坐上的时候有被惊艳到透过车窗看龙形水秀与璀璨烟花齐放搭配上窑湖夜景相得益彰? 社火广场晚上在社火广场轮番上演精彩表演千年窑火颂风华火裙舞蒙古呼麦马头琴傩舞等等是一场令人酣畅淋漓的中国式派对融合了各种非遗表演让人拍手叫好??? 龙腾水秀烟花大型水景表演喷泉音乐火光加上灯光宛如一条巨龙还有五彩斑斓的烟花加持场面真的超震撼散场的时候听到路人说这就已经值回票价了?湖畔栈桥近处是小桥流水远处是青山旷野这一幕幕结合让人如痴如醉不愧是江苏新封面错过开园也别担心开园期间的节目春节也会上演不得不说窑湖小镇的仪式感给的真足游客服务中心的大蝴蝶结就很出片乘云上的小火车还有专属车票,9,"溪山好,湖水,蓝天白云,白墙黛瓦飞檐斗拱,好逛又好拍,龙腾水秀烟花,中国式派对,千年窑火颂风华,竹鼠热浪乐园,摇橹船游湖,云上的小火车,社火广场,龙腾水秀,青山旷野,仪式感",,,,,,,,,,,,,,
说到江南水乡乌镇必须拥有姓名这里没有车水马龙的喧嚣只有摇橹船的桨声青石板路上的脚步声和穿过巷子的风??今天这篇超全攻略带你解锁乌镇的正确玩法建议先收藏???交通指南杭州出发的宝子看这里????动车+公交杭州东站桐乡站约20分钟出站右转坐K282公交直达乌镇但车程要1.5小时容易坐麻????直达大巴杭州城站客运站乌镇汽车站2小时左右千万别迟到????小技巧回程推荐坐西栅夜游船摇摇晃晃看灯光超治愈???360元/船可坐6人拼船更划算~??必玩景点东栅VS西栅怎么选东栅??适合喜欢原生态烟火气的宝早上8点前溜达能看到河边洗衣的阿婆晒蓝印花布的作坊??推荐茅盾故居翰林第皮影戏下午2点场次最热闹逢源双桥据说走左边升官走右边发财???建议时长3小时逛完正好去西栅看夜景~西栅??夜景封神??下午3点后进景区先去木心美术馆文艺青年必打卡??昭明书院傍晚6点有街头斗诗超有趣??等天色暗下来白莲塔的灯光亮起瞬间穿越回千年前~??隐藏玩法找一家临河茶馆点壶菊花茶听评弹咿呀一响这才是江南啊????吃货雷达乌镇美食红黑榜来乌镇不吃这些白来???定胜糕热乎乎软糯糯豆沙馅甜而不腻锦记糕点铺的最正宗???吴妈馄饨招牌三鲜馅皮薄馅大汤鲜管饱???萝卜丝饼滋啦啦油煎铺的必吃外脆里嫩排队也值~??避雷指南景区内的网红竹筒奶茶慎买味道一般还贵不如来杯熏豆茶咸香解腻~??住宿攻略??懒人党选西栅内推开窗就是小桥流水晚上游客散尽独享静谧水乡~??学生党pick景区外青旅或民宿比如花见西栅民宿文艺小清新风格步行15分钟到景区~??薅羊毛技巧学生证门票半价??住宿提前在美团/飞猪蹲优惠券能省一顿饭钱~??贴心小贴士??不建议买联票东栅+西栅联票虽然便宜但一天根本逛不完走马观花累成狗?????带伞带伞江南天气说变就变????汉服拍照景区外租更便宜穿素色长裙在染坊拍照绝美最后想说乌镇的魅力不在打卡了多少景点而在慢下来的心境找一家茶馆发呆和摇船师傅唠嗑或是看着屋檐滴落的雨发呆这才是江南水乡的灵魂呀~???,9,"江南水乡,乌镇,车水马龙,喧嚣,摇橹船,桨声,青石板路,脚步声,巷子,风,东栅,西栅,原生态,烟火气,河边洗衣,阿婆,晒蓝印花布,作坊,茅盾故居,翰林第,皮影戏,逢源双桥,木心美术馆,昭明书院,街头斗诗,白莲塔,灯光,临河茶馆,菊花茶,评弹,定胜糕,锦记糕点铺,吴妈馄饨,三鲜馅,萝卜丝饼,熏豆茶,小桥流水,静谧,汉服拍照,染坊,慢下来,心境,茶馆发呆,摇船师傅,唠嗑,屋檐滴落的雨",,,,,,,,,,,,,,
"[笑哭R]因为我去过的水乡挺多的觉得其实都差不多但是宝子你如果想看江南小镇要选一个代表性的小镇那一定就是乌镇了给大家出了一个最全攻略[一R]景区篇乌镇分东南西北四个栅大家可能会有点乱其实很简单乌镇玩半天就选西栅最大也最值得木心美术馆戏剧院这些景点都在西栅玩全天就东西栅一起玩东栅更有生活气息游客少一些但不建议单独去东栅南北栅就是居民区[二R]交通篇可以坐大巴可以租车每天都有很多趟大巴会经过火车站客运站票的话我当时是在鞋程上订的直接搜就行会有各个时间段以及在哪里出发[害羞R]人多也可以直接打车[三R]票价篇西栅单价150rmb/人东栅单价110rmb/人东西栅联票190rmb/人这个门票钱已经打败了周边的很多景区了在景区里住宿的话可以在游客中心办理住宿登记再买门票打八折东西栅联票150rmb/人但是景区里面住宿真的不便宜当然住在里面很舒服如果想享受悠闲的可以入住办理入住后登记一下人脸识别当天可以无限次出入景区不住景区只买门票,只能进出一次但是说实话乌镇还挺大的你当天也不会出入很多次这个福利就很鸡肋早上起来人很少你可以感受水乡的安静和慢生活景区9点后才对游客开放,慢慢的就热闹起来了会有点拥挤了[叹气R][四R]物价篇其实相对于杭州而言我觉得物价对于我来说还正常一个饼8块之类的我拍照的那个茶楼按位收费一人最低58但是拍照确实好看穿了汉服做了妆造的宝子可以来茶楼叫做桥里桥[暗中观察R]我一直以为乌镇里面的一些表演是免费的去了之后才发现到处都是收费项目就很无语本来门票钱就不太便宜大家看心情看去不去玩[五R]妆造篇西栅外面全是做妆造的店子大家自己平常就会贴假睫毛的就可以带上因为假睫毛会收你费用15[叹气R]我做了这么多次妆造还是第一次遇上不花一分冤枉钱我这套是128我当时是走了几家看了一个小姐姐化的还可以才选的清冷风会比较出片建议大家选青色[害羞R]如果预算够的可以去春不晚我在乌镇看到一个小姐姐做的妆造好漂亮就是不网红比较还原那种她说是去春不晚做的299好吧我是一个精打细算的人[失望R][失望R][失望R]还有什么问题没写到宝子们尽管留言问我哈我都看得到的",7,"乌镇,西栅,木心美术馆,戏剧院,东栅,生活气息,游客,南北栅,居民区,大巴,租车,火车站,客运站,鞋程,打车,票价,西栅单价,东栅单价,东西栅联票,住宿,游客中心,八折,人脸识别,无限次出入,慢生活,9点后,游客开放,拥挤,物价,杭州,一个饼,茶楼,桥里桥,汉服,妆造,免费表演,收费项目,假睫毛,妆造店,清冷风,青色,春不晚,还原",,,,,,,,,,,,,,
拥挤喧嚣与文化缺失花150来臭水沟走3公里看人头 别被照片骗了,2,"拥挤,喧嚣,文化缺失,臭水沟,人头,照片",,,,,,,,,,,,,,
清明假期带家里娃去了杭州和乌镇3天享受了无限春日美景认真整理了路线和详细攻略分享给大家实测好用带娃不累小长假用的上我们是从北京出发动车早上到嘉兴游南湖逛教堂下午去乌镇只玩西栅晚上住里面第二天中午坐车去杭州下午游西湖第三天一早去灵隐寺最后去龙井山采茶赏景详细路线前面发了文字笔记主页自取视频里也放了详细路线图随时在线答疑哈?,9,"春日美景,路线,详细攻略,带娃,不累,动车,嘉兴,南湖,教堂,乌镇,西栅,住,杭州,西湖,灵隐寺,龙井山,采茶,赏景,视频,路线图,答疑",,,,,,,,,,,,,,
烟花四月不妨奔赴乌镇沉醉在千年水乡的独特魅力里这里不仅有诗意的江南风光更有精彩纷呈的传统民俗沉浸香市体验民俗狂欢从4月1日至5月31 日乌镇香市盛大开启清明前后蚕花圣会巡游热闹非凡数百人组成的巡游队伍抬着蚕花仙子丝竹锣鼓高跷杂耍一路相随游客身着汉服加入巡游沉浸式体验轧蚕花祈福仪式西市河上踏白船竞渡激情上演改装渔船在激昂鼓声中如离弦之箭水花飞溅提前一小时抢占好位置定格这震撼的水上竞技场面在东栅乌青水龙会展示清末消防器械游客还能参与救火演练用杠杆式水泵喷水亲身体验古代智慧同时十样杂耍打花棍等非遗表演也将在通安桥畔轮番登场尤其是高台晃管演员在数米高杆上保持平衡令人惊叹探秘角落解锁独特体验西栅草木本色染坊里跟随老匠人学习刻版刮浆染色等流程花上两小时制作一方属于自己的蓝印花布还可尝试夹缬工艺让对称图案的蓝印花布成为独特伴手礼走出西栅来到乌村当一日田园农夫参与乌春市集采摘当季蔬菜用传统土灶烹制野火饭感受食物最本真的美味亲子家庭可以参加风车DIY纸鸢绘制等活动体验插秧磨豆腐等农耕乐趣木心美术馆推出的肖邦之心主题展将持续至5月31日在展览中通过手稿影像解读音乐家的创作历程逛累了不妨在美术馆咖啡馆点上一杯特色咖啡看着杯垫上木心先生的诗句享受片刻宁静每周六下午还能参加文学下午茶聆听学者讲述木心与乌镇的渊源诗意漫游避开人潮喧嚣清晨7点至8点在景区开放前住宿西栅的游客可凭房卡提前进入沿着安渡坊码头经过通安桥白莲塔抵达草木本色染坊享受无人打扰的石板路欣赏晨雾中的水阁位于乌镇北栅的北栅丝厂是一处工业风艺术秘境4月期间在这里参观乌镇当代艺术邀请展在废弃厂房中感受艺术的魅力逛累了打卡老车间改造的咖啡馆品尝特色咖啡夜晚8点至9点参加东栅夜巡跟随身着传统服饰的更夫手持铜锣巡街在茅盾故居修真观宏源泰染坊的路线中聆听更夫讲述东栅的百年变迁最后还能获赠平安福木牌,10,"诗意, 江南风光, 传统民俗, 香市, 民俗狂欢, 蚕花圣会, 巡游, 汉服, 轧蚕花, 祈福仪式, 踏白船竞渡, 水上竞技, 乌青水龙会, 救火演练, 杠杆式水泵, 十样杂耍, 打花棍, 高台晃管, 草木本色染坊, 刻版刮浆, 染色, 蓝印花布, 夹缬工艺, 乌村, 田园农夫, 乌春市集, 野火饭, 风车DIY, 纸鸢绘制, 插秧, 磨豆腐, 木心美术馆, 肖邦之心, 主题展, 手稿影像, 文学下午茶, 清晨, 晨雾, 水阁, 北栅丝厂, 工业风, 乌镇当代艺术邀请展, 咖啡馆, 特色咖啡, 夜巡, 更夫, 平安福木牌",,,,,,,,,,,,,,
24小时乌镇西栅旅游攻略来啦,24,古镇原貌,商业水平不高,童年的梦,,,,,,,,,,,,
杭州乌镇西塘古镇南浔古镇应该怎么选,5,古镇原貌,商业水平不高,童年的梦,,,,,,,,,,,,
大家可以根据自己出行的时间选择5/7日路线起点和终点安排的是上海和杭州因为这两个地方飞机和高铁班次都多方便大家回家[一R]上海建议1.5天到上海的半天南京路-外滩-邮政博物馆图2上海day2武康大楼-安福路-静安寺图3[二R]苏州建议2天day1:拙政园-苏博-狮子园-平江路图4day2:寒山寺-留园-西园寺-七里山塘图5[三R]乌镇建议1天图8路线从杭州和苏州上海到乌镇都很方便高铁或者汽车大巴[四R]杭州建议1.5天day1:西湖图7day2:灵隐寺图8-京杭运河/河坊街历史街区[五R]南京建议2天day1:南京博物院-梧桐大道-音乐台-美龄宫-明孝陵day2:玄武湖-总统府-夫子庙-遇难同胞纪念馆,8,古镇原貌,商业水平不高,童年的梦,,,,,,,,,,,,
"三月过后春意愈发浓郁踏入乌镇便一头扎进了这如梦似幻的春景里澄澈的春水悠悠流淌一艘艘摇橹船悠悠然地划破如镜的水面船桨在水中划出一道道优美弧线油菜花开满龙形田白墙黛瓦间是江南最诗意的春天悠然的清明和热闹的五一来乌镇都能收获独属于自己的水乡记忆2天1夜精华行程DAY1?? 西栅漫游?9:00 桥里桥茶楼赏河景阳光洒在水面波光粼粼好似碎金闪烁我轻抿一口香茗静静地享受着乌镇的美好春光?11:00 龙形田拍金色花海抬眼望去大片大片金黄的油菜花将龙形田层层包裹好似大自然打翻了金色颜料盘肆意在大地上铺展微风拂过油菜花随风摇曳涌起层层花浪我穿梭在花海间手中相机不断定格这蓬勃的春色?14:00 草木染坊看蓝印花布飞舞空气中弥漫着草木染料独有的清香每一块蓝印花布都有着独特的图案它们在风中飘动似在讲述古老的故事?16:00 昭明书院寻梅花窗景阳光透过梅花在地面洒下斑驳光影书院内静谧祥和望向远方的白墙黛瓦与葱郁绿植思绪也随之飘远每一处屋檐每一扇窗棂都藏着一段段或深或浅的故事交织成江南乌镇的诗意春天??-DAY2?? 乌村野趣体验非遗扎染坐摇橹船穿过水巷打卡网红树屋&田园市集?? 舌尖体验?? 早茶客的烟火气?? 后街酒家野火饭?? 夜集暖锅配春酿?? 住宿推荐住进锦堂酒店 推窗即见园林春色  体验颂钵疗愈第二天可以在水上集市吃早茶记得预约住酒店还能免门票哦? 限定活动- ""好好生活节""限定活动3月8日-6月2日- 灵水居春意读书会&情景戏剧- 龙形田早来春茶馆",9,"春意,古镇,春景,春水,摇橹船,水面,船桨,弧线,油菜花,龙形田,白墙黛瓦,江南,春天,清明,五一,水乡,西栅,桥里桥茶楼,河景,阳光,波光粼粼,碎金,香茗,春光,龙形田,金色花海,油菜花,大地,花浪,草木染坊,蓝印花布,故事,昭明书院,梅花窗景,光影,静谧,祥和,白墙黛瓦,绿植,屋檐,窗棂,诗意,乌村,非遗扎染,摇橹船,水巷,树屋,田园市集,早茶客,烟火气,后街酒家,野火饭,夜集,暖锅,春酿,锦堂酒店,园林春色,颂钵疗愈,水上集市,好好生活节,灵水居,春意读书会,情景戏剧,早来春茶馆",,,,,,,,,,,,,,
2022年10月在乌镇木心美术馆看了当文学成为影视的天才女友展场馆用了很大空间做剧照的展陈和影视片段观看的体验还做了展览的观后调研-但作为书迷和剧迷的我觉得美中不足是没有给我惊喜在木心的当代美术馆没有那不勒斯老城区的氛围也没有弗罗伦萨的意式风情莉拉和莱农的人物关系没有表达那不勒斯四部曲的文学属性也没有体现-我记得那时候最大的感受就是和我心中的天才女友展不太一样大概一千个读者心中都有一千个哈姆雷特所以展览也是如此-我不确定第四季播出在老房子的布展和大家心中的文学和影视有没有重合的部分但我在表达我心中看到的作品以及于我的意义把文学的部分加进来把主要人物放大还有一些不足的部分是我在看完第四季以及后来的活动中大家来后想到的一些互动和表达-总而言之谢谢两年前的这场展将我的天才女友生涯承前启后我想2024老房子的观影展将和作品本身一样在我的生活中延续,6,"木心美术馆,天才女友展,剧照,影视片段,观后调研,书迷,剧迷,美中不足,惊喜,当代美术馆,那不勒斯老城区,氛围,弗罗伦萨,意式风情,莉拉,莱农,人物关系,那不勒斯四部曲,文学属性,天才女友展,哈姆雷特,展览,第四季,老房子,布展,文学,影视,互动,表达,观影展,作品",,,,,,,,,,,,,,
摇橹船划开西市河的粼粼波光踩着青苔斑驳的石板桥我又坠入了乌镇的水墨春光里??作为资深江南迷每次来这儿都挪不开眼待暮色漫过粉墙黛瓦晚风裹着水汽拂过耳畔一头扎进蜿蜒小巷步步皆是诗与远方???4.18-6.2乌镇运河提上春风集现已开趴美食市集打卡互动演艺7大活动精彩不停51出行的攻略已备好快抄作业????景区速览乌镇分东栅西栅建议西栅东栅打卡点多到爆拍照自带柔光滤镜????1日游踏春路线抵达乌镇灵水居定升桥下日月广场升莲广场望津堤西栅大街say bye????好好生活节必打卡3大主题1?乌镇杂耍趣游艺全天有四场哦日月广场10:30-11:00升莲广场14:00-14:3017:30-18:00定升桥下19:00-19:252?运河堤上春风集码头乐队的动人演出巡游嘉年华亲情互动??晚上还有河畔电影夜和心爱的人吹着晚风看着露天电影超多选择的咖啡风物轻食或是来上一杯精酿在春风里微醺3?无量贪杯暖锅夜酒??灵水居外的容易钟情热酒馆在调节着我对乌镇的沉醉浓度每日两场的情景戏剧带你体验别样江南限时的春日读书会共赴文化盛宴??更有全天遍布角落的智小乌碰一下集章赢好礼和运河长堤的乌镇影像展可以全程参与哦????住宿美食1?? 乌镇大到离谱建议住一晚堤上度假酒店yyds下楼就是望津堤参加活动逛市集超方便??2?? 打开店家临河的窗户在河边吹风吃美食看小船悠悠过惬意到不想走????乌镇一圈玩下来整体感觉真的很贴心虽然人不算少但是景区各方面设施都跟得上卫生间和公共休息设施都巨干净??小Tips: 景区联票190学生证优惠需提前预约 桐乡高铁站乘K282公交直达 四月多阵雨看好天气不过下雨的乌镇绝对是美到 next level的存在??攻略在手乌镇我有快约上小伙伴一起撒欢吧?????可选话题,9,"西市河,青苔,石板桥,乌镇,水墨春光,粉墙黛瓦,晚风,水汽,小巷,诗与远方,运河,春风集,美食市集,互动演艺,灵水居,定升桥,日月广场,升莲广场,望津堤,西栅大街,好好生活节,乌镇杂耍趣游艺,码头乐队,巡游嘉年华,河畔电影夜,咖啡风物轻食,精酿,春风,暖锅夜酒,容易钟情热酒馆,情景戏剧,春日读书会,文化盛宴,乌镇影像展,堤上度假酒店,临河窗户,河边,小船,卫生间,公共休息设施",,,,,,,,,,,,,,
出发前不抱期望没想到这么好玩每个地方都能偶遇表演漂浮歌后真的太震撼了,9,"出发前,不抱期望,好玩,地方,偶遇,表演,漂浮歌后,震撼",,,,,,,,,,,,,,
?? 目的地浙江湖州南浔古镇?最佳旅行时间春秋季3-5月9-11月气候宜人景色最美??交通建议高铁至湖州站再打车或公交前往南浔.??必打卡1??小莲庄南浔必打卡景点之一晚清巨富刘镛的私家花园荷花池假山亭台楼阁处处都是江南园林的精致2??嘉业堂藏书楼中国近代最大的私家藏书楼古朴典雅书香气息浓厚适合拍照打卡3??张石铭旧宅中西合璧的建筑风格既有江南水乡的婉约又有西洋建筑的华丽非常值得一看4??夜游南浔夜晚的南浔古镇别有一番韵味灯光映照在水面上仿佛穿越回了古代沿着河边散步5??百间楼清晨的百间楼是最美的薄雾笼罩河水静静流淌仿佛一幅水墨画这里是南浔保存最完好的明清建筑群拍照超级出片??美食推荐浔蹄南浔特色卤蹄软糯入味绣花锦菜当地特有的蔬菜清爽可口定胜糕江南传统糕点寓意吉祥??穿搭建议汉服或旗袍古镇拍照更有韵味??必备物品防晒霜舒适的鞋子相机??住宿推荐选择临水民宿体验最地道的江南水乡生活南浔古镇一个让人流连忘返的地方来这里放慢脚步感受江南水乡的温柔时光吧??.,9,"古镇,江南园林,私家花园,荷花池,假山,亭台楼阁,精致,嘉业堂藏书楼,古朴典雅,书香气息,张石铭旧宅,中西合璧,建筑风格,婉约,华丽,夜游,灯光,水面上,穿越,百间楼,薄雾,水墨画,明清建筑群,拍照,出片,浔蹄,特色卤蹄,软糯入味,绣花锦菜,清爽可口,定胜糕,传统糕点,寓意吉祥,汉服,旗袍,临水民宿,江南水乡生活,温柔时光",,,,,,,,,,,,,,
如何在??烏鎮染布 人潮擁擠的地方用手機 ?? 拍出大片?首先找一塊染布在你的左邊人往後退兩步?相機人像模式 / 錄影 都是打開2倍 或 更大?稍微調整一下人的角度用主角把後面的路人擋住?主角放在下面六個任一位置以半身為主???等待微風吹過染布飄起 快速的狂按快門??完成? 直接成大片,8,"烏鎮, 染布, 人潮擁擠, 手機, 大片, 相機, 人像模式, 錄影, 主角, 微風, 快門",,,,,,,,,,,,,,
作为土生土长的江南人第一次去乌镇时也被其独特的风景惊艳到了烟雨入江南山水如墨染小桥流水青砖黛瓦远离城市的喧嚣虽然整个小镇都被商业化但意外的是没有在路边不停吆喝的商家和商品同质化尤其是刚下过雨的乌镇美得像一幅油墨画?????一辈子总要去一次乌镇游玩乌镇有两种模式虽然乌镇分为东西南北栅我这里只主推西栅1??住在乌镇外2天2晚路线??day1 ??直接坐动车到桐乡站-转两趟公交K281-1路到乌镇西栅也可直接自驾到乌镇西栅门票150元/人建议一天游玩乌镇门票游玩时间是9-22??乌镇的门票是一次性出去再次进入就得重新买票??day2 ?可以去东栅玩半天门票110元/人建议买东西联票190元/人下午返程2??住在乌镇内2天2晚路线??day1 同样的方式达到乌镇西栅后先进入乌镇景区办理入住住在乌镇西栅可以无限次进出景区而且有行李直接托运到酒店的服务还可以直接做观光车达到酒店然后就可以在乌镇西栅内慢慢逛??day2 可以提前一天预约早茶客在景区内吃完早餐欣赏江南美景时间充裕的也可以去东栅逛逛??关于美食乌镇西栅内基本都是工作人员每一家都是统一管理的没有私人商家所以基本都不会踩雷建议在景区内吃可以一边欣赏美丽的景色一边享用美食??我个人建议住在景区内体验感真的非常好而且在游客进入之前之后人都很少可以自由拍照服务和舒适度也很完美女孩子们可以化着美美的妆穿着喜欢的衣服慢悠悠地拍很多好看的照片乌镇西栅景区内所有酒店都是乌镇旅游官方统一管理的还包含一次摇橹船可以坐在船上慢慢欣赏江南美景别有一番风味,9,"烟雨,江南,山水,墨染,小桥,流水,青砖,黛瓦,远离,喧嚣,商业化,商家,商品同质化,油墨画,乌镇,西栅,东栅,门票,动车,公交,自驾,住,景区,行李托运,观光车,早茶客,美景,时间充裕,美食,工作人员,统一管理,私人商家,踩雷,体验感,游客,自由拍照,服务,舒适度,完美,化妆,衣服,拍照,酒店,摇橹船,江南美景",,,,,,,,,,,,,,
-1??交通出行去程??乘坐高铁直达桐乡站出站后轻松右转??搭乘便捷的公交k282再转k350一路畅通无阻回程??从乌镇至杭州城站汽车客运站票价??43大约2小时车程轻松返程?-2??造型准备??在景区入口租一套古装简直美翻了性价比超高让你秒变古镇美人仿佛穿越回了古代??-3??游玩攻略???西栅门票??150/人9:00-22:00开放全天畅游无压力快来一起探索乌镇的美丽吧???-??乌镇大剧院标志性建筑快门咔嚓几下留下美好瞬间让你的朋友圈都羡慕不已-木心美术馆??门票??20/人走进木心的手稿与音乐世界文艺控的天堂不过如果不感兴趣可能会觉得略显平淡哦~-草木本色染坊??绿意盎然染布作前景美照get让你的照片充满艺术感???-昭明书院??静谧雅致傍晚时分更有花昭春夜集与街头斗诗趣味无穷让你感受到文化的魅力-龙形田??绿意满屏春天的气息扑面而来仿佛置身于大自然的怀抱中-月老庙??三寸金莲馆??快速游览感受传统韵味让你的心灵得到一次洗礼-乌镇邮局??体验车马邮件都慢的浪漫寄出明信片传递心意让你的思念穿越时空-桥里桥茶楼??白莲塔??国家地理认证的蕞美茶馆品味古镇韵味让你的味蕾也享受一次旅行-4??美食定胜糕萝卜丝饼吴妈馄饨月山麻糍坊?,9,"交通出行,造型准备,古装,性价比,古镇美人,穿越,西栅门票,乌镇大剧院,标志性建筑,木心美术馆,草木本色染坊,绿意盎然,昭明书院,静谧雅致,龙形田,春天,月老庙,三寸金莲馆,乌镇邮局,浪漫,桥里桥茶楼,白莲塔,美食,定胜糕,萝卜丝饼,吴妈馄饨,月山麻糍坊",,,,,,,,,,,,,,
想沉浸式体验江南水乡乌镇绝对是不二之选收下这份超详细攻略带你玩转乌镇不迷路????交通指南?飞机杭州萧山机场有大巴直达乌镇下飞机就能轻松前往超方便??高铁到桐乡站或嘉兴南站桐乡站出站乘公交K282/K281路到乌镇汽车站再换乘350路直达西栅景区嘉兴南站可转公交或打车??自驾直接导航乌镇西栅景区入口停车场20元/天??住宿推荐??西栅景区内枕水度假酒店设施超全适合商务休闲乌镇民宿古色古香推窗就是江南美景通安客栈融合江南与现代风格宜园精品酒店超适合情侣浪漫满分????西栅景区外伊甸园铂金酒店子夜酒店性价比高也有青旅等经济型选择??景点打卡1.?东栅景区茅盾故居感受文学巨匠的成长足迹木心故居纪念馆领略艺术大师的魅力百床馆里各种古床超震撼满满的水乡文化底蕴2.?西栅景区乌镇大剧院建筑超有特色木心美术馆文艺范十足草木本色染坊体验传统染布工艺摇橹船夜游看绝美夜景仿佛穿越回古代??3.?乌村西栅北侧的乡村度假区能采菱赏荷垂钓露营享受惬意田园生活4.?互联网国际会展中心独特建筑屋顶花园超美外立面装饰很有江南特色??美食攻略??特色小吃- 桂花乌米饭清香扑鼻每一口都有桂花的香甜甜而不腻- 定胜糕口感软糯还有吉祥寓意- 酱鸭咸香入味肉质紧实吃了就忘不了- 桂花酒酿丸子甜润暖心超有江南味道- 船头粽馅料丰富颜值与美味并存- 葱包桧外脆里嫩香气四溢??特色菜肴羊肉面必吃羊肉鲜嫩汤头鲜美萝卜丝饼白水鱼也很值得一试??游玩路线规划1.?一日游买东西栅联票先游东栅1.5 - 2小时再乘免费接驳车去西栅游览3 - 4小时2.?二日游Day1入住西栅玩西栅日景和夜景Day2游晨间西栅下午去东栅3.?三日游Day1西栅Day2乌村Day3再游西栅或东栅或者去周边景点?贴心tips1.?木心美术馆周一闭馆别跑空啦2.?景区多石板路记得穿舒适的鞋子3.?景区有游览车10元/次住景区内可免费坐4.?可以在景区外租汉服性价比更高,9,"江南水乡,乌镇,攻略,交通,飞机,杭州萧山机场,大巴,高铁,桐乡站,嘉兴南站,公交,自驾,西栅景区,停车场,住宿,枕水度假酒店,商务休闲,乌镇民宿,古色古香,江南美景,通安客栈,宜园精品酒店,情侣,西栅景区外,伊甸园铂金酒店,子夜酒店,青旅,经济型,景点,东栅景区,茅盾故居,文学巨匠,木心故居纪念馆,艺术大师,百床馆,水乡文化,西栅景区,乌镇大剧院,木心美术馆,文艺范,草木本色染坊,传统染布工艺,摇橹船,夜景,古代,乌村,田园生活,互联网国际会展中心,建筑,屋顶花园,江南特色,美食,桂花乌米饭,定胜糕,酱鸭,桂花酒酿丸子,船头粽,葱包桧,特色菜肴,羊肉面,萝卜丝饼,白水鱼,游玩路线,一日游,二日游,三日游,木心美术馆,闭馆,石板路,游览车,汉服",,,,,,,,,,,,,,
假期打卡了乌镇的桥下春下过雨的乌镇空气醉人的清新阴天的乌镇才是最出片滴[皱眉R],8,"乌镇,桥,雨,空气,清新,阴天",,,,,,,,,,,,,,
这次去乌镇一整天的旅程让我完全领略了这个千年小镇的美丽与魅力??我整理了一篇乌镇漫步攻略记得收藏哦????关于住宿和交通住宿有两种选择??景区内除了庭院还可以选择景区统一分配的民宿??景区外价格便宜但只能进入景区一次从门口到核心区大约需要步行 15 - 20分钟交通??高铁乘坐高铁到达桐乡站然后打车约 50 分钟约 80 元/乘坐 K350 - 281??自驾使用导航搜索乌镇西栅景区夜间停车??费用说明??门票西栅 150 元/东栅 110 元/东西联票 190 元住宿在西栅附送两张门票??船票60 元/人380 元/船??推荐美食书生羊肉面40 元/份锦记糕点铺定胜糕 3 元/个桂花乌米饭 5 元/份红糖发糕 5 元/份玉兔糕 5 元/份酱鸭店古镇鸭腿 20 元/份通济酱粽店大肉粽 12 元/个桥里桥烧饼铺梅干菜烧饼 6 元/个永平粉团铺桂花方糕 6 元/份彩虹糕 5 元/份滋啦啦油煎铺萝卜丝饼 3 元/个芹菜猪肉春卷 5 元默默的家乌镇鸡煲 128 元/份葱爆鳝片 68 元/份茅老太臭豆腐臭豆腐 10 元/份??拍照技巧四个小提示 上午 9 点之前和晚上 21 点之后街道上几乎没有人任何角度拍摄都很美?? 乌镇是典型的江南传统建筑街道两旁的高楼可以作为竖拍的背景将中心点和引导线巧妙地融入构图中?? 雨季的清晨常常有晨雾记得早起捕捉这美丽的景象?? 推荐寻找景物中的框使用它们作为构图的元素?????穿搭建议颜色推荐乌镇整体以黛青色调为主所以建议选择白色墨绿青灰和黑色等莫兰迪色调的服装非常适合拍照??服装款式?不建议穿着过于现代和时尚的服饰与乌镇的环境不搭配?建议选择素雅的汉服或旗袍搭配折扇和油纸伞更能与乌镇的氛围相呼应????经典拍摄地点桥里桥茶馆一楼和二楼都有非常适合拍照的网红景点??草木本色染坊有蓝布区红黄区和竹林区提供多样化的背景选择??乌镇簸箕位于桥里桥茶馆旁边非常适合拍摄半身人像??水边河边入口众多随意选一个都能找到拍照的好地方??灵水居绿野仙踪般的美景??桥上让模特站在桥上进行远距离的拍摄??希望对你有帮助愿你在乌镇拥有一段美好而难忘的时光??,9,"乌镇,千年小镇,美丽,魅力,庭院,民宿,景区外,住宿,交通,桐乡站,西栅景区,夜间停车,门票,船票,书生羊肉面,锦记糕点铺,定胜糕,桂花乌米饭,红糖发糕,玉兔糕,酱鸭店,古镇鸭腿,通济酱粽店,大肉粽,桥里桥烧饼铺,梅干菜烧饼,永平粉团铺,桂花方糕,彩虹糕,滋啦啦油煎铺,萝卜丝饼,芹菜猪肉春卷,默默的家,乌镇鸡煲,葱爆鳝片,茅老太臭豆腐,拍照技巧,街道,雨季,晨雾,穿搭建议,颜色,黛青色调,白色,墨绿,青灰,黑色,莫兰迪色调,汉服,旗袍,折扇,油纸伞,经典拍摄地点,桥里桥茶馆,草木本色染坊,蓝布区,红黄区,竹林区,乌镇簸箕,水边,河边,灵水居,桥上",,,,,,,,,,,,,,
为了更加了解木心我来到了乌镇东栅虽然话是如此但因时间仓促我在漫步东栅后却已来不及探访木心故居不过能见过木心曾见之风景又未尝不算另一种相遇木心这位从乌镇走出的文艺巨匠用一生书写对故乡与世界的深情他原名孙璞却以木心之名为时代留下文学与艺术的双重印记木心的一生像是一场漫长的漂泊从江南的青石板路到纽约的街头巷尾他游走在古典与现代东方与西方之间将流浪的足迹化作文学的思考与艺术的表达或许故乡就是用来被流放的吧当然我眼中的东栅或许要少一分艺术多一分生活气息在我探访时因为赶上了毛毛雨游客并不是很多走街串巷间偶遇的酒坊与吹笛的小哥成了我对这里最深刻的印象?,8,"木心, 乌镇东栅, 古镇原貌, 商业水平不高, 童年的梦, 青石板路, 江南, 生活气息, 毛毛雨, 游客不多, 酒坊, 吹笛的小哥",,,,,,,,,,,,,,
你一句春不晚我便到了真江南??,9,"春不晚,真江南",,,,,,,,,,,,,,
9.15-9.18 上海-苏州-乌镇-杭州 出发地北京    自由行程逛一圈找个小伙伴 行程暂定这些地方 具体路线可商量 希望一起逛gai吃饭,6,"上海,苏州,乌镇,杭州,自由行程,逛一圈,找小伙伴,一起逛gai,吃饭",,,,,,,,,,,,,,
? 乌镇印象枕水江南韵烟火慢时光乌镇一座被时光温柔以待的千年水乡白墙黛瓦间藏着古桥流水与人间烟火夜晚灯火阑珊时又仿佛坠入水墨画卷?? 行程安排Day1东栅古韵+西栅夜景??上午漫步东栅交通高铁至桐乡站K282公交直达乌镇或预约顺风车更省时必打卡???茅盾故居感受文学气息木质结构老宅超有代入感???江南百床馆明清古床雕工精美适合拍复古大片???宏源泰染坊蓝印花布随风飘动体验扎染DIY记得穿素色衣服更出片??午餐地道江南味???推荐美食白水鱼清蒸最鲜酱爆螺蛳定胜糕寓意超好??下午转战西栅门票东西栅联票150元住景区内可两日有效10精华路线木心美术馆昭明书院乌镇邮局寄张慢递明信片??白莲塔登高看运河日落??夜晚西栅灯火盛宴???必体验摇橹船夜游60元/人两岸灯笼倒映水面美到窒息???拍照点桥里桥张恒兴灯笼铺提灯夜行超有氛围住宿推荐西栅景区内民宿管家帮送行李随时回房休息推窗即景Day2西栅深度游+文艺体验??清晨避开人潮7点前逛西栅薄雾中的水乡静谧如画石板路晨雾早茶客水上集市9点前有早茶推荐熏豆茶+姑嫂饼??上午文化探索???草木本色染坊二次打卡晨光下的蓝布更清新???月老庙情侣必挂祈福牌浪漫值拉满???乌镇大剧院建筑控必拍现代设计与古镇碰撞出高级感??午餐网红美食拔草???吴妈妈馄饨麻酱拌馄饨绝绝子20元管饱???羊肉面推荐酱油口味羊杂面慎点膻味较重??下午手作体验+返程DIY推荐喜庆堂试穿汉服拍照草木染坊扎染围巾伴手礼三白酒姑嫂饼蓝印花布文创邮局旁店铺最全?? 避坑Tips交通景区门口三轮车别坐易被坑去商业街步行或景区游览车更靠谱防晒防蚊夏天必备驱蚊液挂脖风扇穿舒适平底鞋石板路硌脚门票优惠学生证老人证可打折官网提前购票省排队?? 博主碎碎念乌镇的美一半在清晨的薄雾里一半在夜晚的灯火中若想避开人群6:00-8:00是最佳拍摄时间记得带旗袍或汉服分分钟拍出似水年华同款剧照?,9,"乌镇, 枕水江南, 烟火慢时光, 千年水乡, 白墙黛瓦, 古桥流水, 人间烟火, 水墨画卷, 茅盾故居, 文学气息, 木质结构老宅, 江南百床馆, 明清古床, 宏源泰染坊, 蓝印花布, 扎染DIY, 道地江南味, 白水鱼, 酱爆螺蛳, 定胜糕, 木心美术馆, 昭明书院, 乌镇邮局, 慢递明信片, 白莲塔, 运河日落, 摇橹船夜游, 桥里桥, 张恒兴灯笼铺, 西栅景区内民宿, 推窗即景, 西栅深度游, 文艺体验, 清晨薄雾, 水上集市, 早茶, 熏豆茶, 姑嫂饼, 草木本色染坊, 晨光蓝布, 月老庙, 祈福牌, 乌镇大剧院, 现代设计, 吴妈妈馄饨, 羊肉面, 手作体验, 喜庆堂, 汉服拍照, 草木染坊, 扎染围巾, 三白酒, 姑嫂饼, 蓝印花布文创, 邮局旁店铺",,,,,,,,,,,,,,
离上海车程一个半小时嘉兴盐官潮乐之城新开发的古镇去年国庆前去了嘉兴濮院古镇这次换个地方逛逛门口的大圆弧瀑布很震撼对应了钱塘江观潮之意??和乌镇是同一个老板一如既往的精致而且游客不多里面也有酒店可以住宿??门票60/人70岁以上老人免费学生半价地方很大建议可以买游览车票可以循环乘坐不然走走还是挺累的还有一部分还在修建但是围挡围的不好局部地方能看到工地和景区有种割裂感濮院会好一点吃完饭就回家了然后高速上最右边车道前面两辆车突然追尾我们之前的大挂车停下来我们也刹住停下刚车头想转出去一点后面一声巨响后面一辆红色大卡车眼看没刹住为了避让我们自己主动撞上隔离带了[惊恐R]如果他不撞墙大概率我们就被夹在两辆大车中间了[抓狂R]然后后面又一串乒乒乓乓的声音应该是后面的车又撞上大卡车了感谢这个司机太吓人了回家想想就后怕今天马上去玉佛寺拜拜不求啥就感谢感谢菩萨保佑??,8,"大圆弧瀑布,精致,游客不多,门票,游览车票,修建,围挡,割裂感,濮院",,,,,,,,,,,,,,
??乌镇一朝入乌镇 满眼是江南??我们在杭州汽车站搭大巴到古镇大概一个小时多一点可以在小程序巴巴快巴定车票??45元一人很方便乌镇分为东栅跟西栅到地方是一个景点类似的门口的游客集散中心可以免费寄存行李的[背包R]进去是需要购买门票的东栅西栅进去都需要买票??可以直接购买连票190元可以买东西栅连票我们那时候酒店订在东栅里面还想着先去放行李结果还需要先购票进去才可以到酒店所以姐妹们也要问清楚酒店是在里面还是外面建议大家白天先去东栅逛逛东栅的游船??比西栅便宜[偷笑R]西栅晚上会热闹些还有早市可以在西栅里面订酒店也是不错的选择[赞R]东栅出来右边有免费公交车可以直达西栅的好像是十分钟左右一趟东栅跟西栅距离也很近几分钟的路程[萌萌哒R]南栅跟北栅我们都没有去因为行程比较赶有时间的姐妹也可以去看看??,8,"江南, 东栅, 西栅, 免费寄存行李, 连票, 游船, 早市, 免费公交车, 南栅, 北栅",,,,,,,,,,,,,,
?回首看 江南水乡风犹在望过往 人间皆是烟火情是岁月柔情里的点点微光啊把古镇古村里的历史文化从过去贩卖到如今让我为之动容这十八处风景一眼万年 全是好光景-??2023年我去过最美的古镇古村1??南浔古镇南浔 南巡  简单不单调的水乡古镇-2??书圣故里江南烟雨 纯朴风情满满的小桥流水人家-3??溪上村许光汉同款秋千地 万安桥是绝佳机位-4??安昌古镇特色乌篷船一定要坐 民土风情很浓厚-5??西塘古镇夕阳西下里的西塘 美不胜收-6??乌镇超有名气的古镇之一 乌镇戏剧节你肯定听过-7??同里古镇古韵风很正的民风古镇_8??廿八都古镇江湖感满满的古镇 在古镇的亭子上 能看到全景-9??丽水松阳村子超级有年代感 非常宝藏 四季都非常适合去-1??0??渔港古城充满文化创意的古渔小镇 玩的小景点很多-1??1??葛仙村仙侠世界里的世外桃源 白天夜晚都好看-1??2??婺女洲亭台楼阁的风姿卓越 不能错过的灯光秀与打铁花-1??3??景德镇拥有瓷都之乡的美誉 艺术内涵浓厚-1??4??阳产土楼金黄色包围的古老村落与晒秋人家 暖阳下的土楼显得格外有生机-1??5??西津渡镇江市三山一渡中的一渡 可以一眼看万年-1??6??瑶里古镇惬意斑斓的悠悠古镇 超级有诗情画意-1??7??徽州古城中国四大古城之一 徽派建筑风格独特别致-1??8??篁岭年代久远的古老文明 婺源里绝不能错过的景点-??古镇古村的淳朴民风是古往今来一直在延续的经典待腻了车水马龙的城市 这些古村镇适合小住几天,9,"江南水乡,烟火情,岁月柔情,历史文化,风景,光景,最美,水乡,烟雨,风情,小桥流水人家,特色乌篷船,民土风情,夕阳西下,美不胜收,古韵风,江湖感,全景,年代感,宝藏,文化创意,仙侠世界,世外桃源,亭台楼阁,灯光秀,打铁花,瓷都之乡,艺术内涵,古老村落,晒秋人家,生机,诗情画意,徽派建筑,古老文明,淳朴民风,车水马龙,古村镇",,,,,,,,,,,,,,
时隔7年我又重新画了一幅乌镇西栅对比一下自学的这些年成长了很多继续努力向前颜料:HB画笔:毛笔纸张:阿诗36x53桥影行人西栅游36x53,8,"桥影,行人,西栅",,,,,,,,,,,,,,
4.22实拍live宜宾李庄古镇太美了吧后悔才来??免费的古镇好逛人少可以玩一天,9,"李庄古镇,免费,人少,好逛",,,,,,,,,,,,,,
关于交通1. 南京乌镇??高铁南京南桐乡站 出站后打车至西栅约40分钟??80-100元或乘公交K282到乌镇汽车站换乘K350??直达大巴4h??120元南京汽车客运站/南站直达乌镇汽车站2. 乌镇南浔??顺风车/拼车约1h??40-80r??公交转车2h??25r乌镇汽车站桃源汽车站南浔K132路???路线总览Day1南京乌镇西栅下午+夜景Day2乌镇南浔古镇返程?? Day1下午14:30 抵达西栅打卡乌镇大剧院??15:00 参观木心美术馆??20元周一闭馆15:30草木本色染坊体验蓝印花布DIY??50元16:00喜庆堂可以体验汉服拍照?? 16:30昭明书院千年书院静心阅读后院竹林拍照出片17:00 三寸金莲馆了解缠足文化17:30乌镇邮局寄一张手写明信片??5元盖复古邮戳18:00 桥里桥茶铺可以体验临窗品茶??50元/位乌镇地标LOGO就在附近可以顺便打卡拍照??18:30白莲塔登高俯瞰京杭运河落日19:00 水上集市夜景灯光秀20:00 酒吧街小酌或水剧场夜景不定期有戏剧演出?? Day2南浔古镇推荐路线小莲庄??嘉业堂藏书楼??张石铭旧宅??刘氏梯号??百间楼1?? 小莲庄??25晚清首富刘镛私家园林荷花池与法式红楼交融2??嘉业堂藏书楼中国三大私家藏书楼之一雕窗透光设计精巧3??张石铭旧宅??20元中西合璧江南第一宅罗马柱与花窗惊艳4??刘氏梯号红砖洋楼里的中西碰撞小众摄影点5??百间楼沿河明清民居人少景美午后光影最佳?? 关于美食??乌镇定胜糕萝卜丝饼??南浔浔蹄状元楼双浇面?? tips??乌镇西栅门票??150元住景区内享优惠东栅??110元联票??190元??南浔古镇免大门票小景点联票??85元??西栅景区内乘摇橹船60元/人单程包船480元,8,"乌镇大剧院,木心美术馆,草木本色染坊,喜庆堂,昭明书院,三寸金莲馆,乌镇邮局,桥里桥茶铺,白莲塔,水上集市,酒吧街,水剧场,小莲庄,嘉业堂藏书楼,张石铭旧宅,刘氏梯号,百间楼,乌镇定胜糕,萝卜丝饼,南浔浔蹄,状元楼双浇面",,,,,,,,,,,,,,
??浙江嘉兴市.桐乡乌镇景区??如果江南是本书乌镇一定是它的封面??作为古镇景区天花板之一乌镇的青水白墙灰屋檐构筑了活生生的江南水乡风韵.?穿搭攻略?游玩建议?美食打卡?行程路线整理一份乌镇超全攻略五一想去的小伙伴来抄作业啦??.????天气穿搭攻略??5月天气平均温度是 17 ~ 27??穿搭建议浅色旗袍裙装为佳乌镇的小桥流水和淡青色汉服绝配??景区内服装店租赁性价比不高选择往往很少建议租好服装再进景区.??游玩建议1??交通??高铁达桐乡站公交车k282/281??乌镇汽车站公交车k350??乌镇西栅游客中心??大巴更为便利乌镇距离高铁站较远直达大巴是首选缺点服务质量参差不齐??选择正规渠道不要选私人外包??.2????花销西栅景区1??5??0????ps乌镇东栅无夜景观景还是首推西栅景区学生老人半价记得带证件??-3??不回头美食+景点打卡路线西栅一号游客中心??木心美术馆??草木本色染坊??景行桥??早茶客??书生羊肉面??昭明书院??乌镇邮局??吴妈馄饨店??永平粉团铺??滋啦啦油煎铺??龙形田??白莲塔??水剧场??乌将军庙??女红街??.4??美食打卡?吴妈馄饨-野菜馄饨新鲜现包的馄饨鲜味很足?滋啦啦油煎铺-萝卜丝饼热气腾腾现炸的萝卜馅油饼酥酥脆脆但容易腻?永平粉团铺-桂花糕口感偏粉糯不粘腻吃完口齿留香.??避雷建议1??不建议理会门口黄牛往往用先玩xx景点再玩乌镇为开头搭讪多为诱导消私人店铺费吃回扣2??乌镇西栅景色绝佳东栅生活气息浓南栅北栅不建议专门跑一次3??乌镇适合慢节奏闲逛主街道南北两侧蜿蜒的河道满布植被的小巷感觉才是乌镇水乡感精华部分4??住宿建议选择乌镇西栅景区内的住宿乌镇西栅的商业化是比较规范+精致的相比较很多同质化店铺聚集的新古镇反而是性价比更高的5??五一期间坐船建议选择乌将军庙码头/如意桥码头航线指向景区出口逛完刚好坐船离开?另一个安渡坊码头是通向景区深处的白莲塔如果是下午进入景区建议在安渡坊先坐船体验晚上各个码头排队人极多????.,9,"古镇景区,青水白墙灰屋檐,江南水乡风韵,小桥流水,淡青色汉服,西栅景区,木心美术馆,草木本色染坊,景行桥,早茶客,书生羊肉面,昭明书院,乌镇邮局,吴妈馄饨店,永平粉团铺,滋啦啦油煎铺,龙形田,白莲塔,水剧场,乌将军庙,女红街,吴妈馄饨,野菜馄饨,滋啦啦油煎铺,萝卜丝饼,永平粉团铺,桂花糕,乌镇西栅,商业化规范+精致",,,,,,,,,,,,,,
虽说要住在景区内提前一天预约每天限量300人但是没约上的也可以现场单点因为根本吃不完两三样就已经很饱了主打一个氛围感,7,"景区内,提前一天预约,每天限量300人,没约上,现场单点,吃不完,两三样,很饱,主打,氛围感",,,,,,,,,,,,,,
2009年去过一次乌镇今日算故地重游杭州钱塘出发车程1.5小时今天是周日车流量不算太大进入景区停车也算方便乌镇景区主要分为东栅西栅单个景点门票150元联票210元东栅保留了原生态的生活气息以自然景观为主还有文化名人矛盾的故居西栅面积更大以明清古建筑群和现代化设施融合为特色夜晚有灯光秀时间有限注重人文景观的可以选择东栅全程游览3小时左右时间充裕住宿景区里面可以选择东西栅联票本次一日游重游了东栅虽是周末人流不大很多店面关门跟2009年来的时候感觉完全不一样正好近期去过2次南浔那里的人流如织相比之下乌镇给人一种没落的感觉南浔大景点是免费的故居等小点才收费可以选择不去乌镇整体是通票票价不算低下午3点出景区很多旅游大巴也有很多酒店住宿游客人不多也或许是我们上午入园早吧乌镇的街面河道都比南浔古镇窄平时路面走上去更有古代小镇的生活气息中午可以选择在景区就餐沿河有很多特色餐厅铺面都不大一次接待3-8围甚至更小可以选择河边的座位吃着特色菜品欣赏着河景就餐消费不算高人均100能吃得不错据说乌镇现存72座古桥风格多样沿河漫步可以古街走到底如果发现对面有吸引你的地方也可随时过桥每一处古桥都是风景线桥上有一排排石凳供游人歇息乌镇的水特别清绿摇橹船穿桥而过河水荡漾波纹慢慢的在河面散开微风拂面河边的柳枝轻舞时间仿佛在那一刻静止,7,"东栅,原生态,生活气息,自然景观,文化名人,矛盾故居,西栅,明清古建筑群,现代化设施,灯光秀,人文景观,古代小镇,生活气息,特色餐厅,河景,就餐消费,古桥,风格多样,石凳,游人歇息,河水清绿,摇橹船,微风拂面,柳枝轻舞,时间静止",,,,,,,,,,,,,,
熬夜整理的乌镇必打卡景点攻略要去旅游的宝宝们码住记得收藏哦??????乌镇9大必打卡点??草木本色染坊既可以观看制作的工艺过程又可以打卡拍照?? 还能亲自体验制作蓝印花布??木心美术馆主要是木心先生的作品展览??美术馆的风格也是和木心先生的简约美学很值得来游览???乌镇邮局一直营业中的邮局从前车马很慢书信很远一生只够一个人寄一张两块钱的明信片给爱人?????茅盾纪念馆由茅盾故居立志书院和文昌阁组成通过实物图片和文字等展示茅盾成长过程革命经历与主要文学成果??摇橹船以橹为动力摇曳于水乡河道既能让人感受江南水乡韵味又可欣赏古镇美景的传统观光游船???水上集市充满烟火气的集市傍晚灯光柔和拍照很出片白天在边上找个茶馆喝茶?很是惬意~?昭明书院一座江南风的古建筑曾经是昭明台子读书的地方现在改为昭明书院有讲堂图书馆书画馆等等~???白莲塔古镇里独树一帜的高塔可以看到京杭大运河与西栅的船影摇曳需要在五点前登上~?乌镇大剧院建筑犹如一朵美丽的并蒂莲盛开在乌镇的元宝湖畔很有特色拍照也很好看?????乌镇两天一夜行程参考DAY ?集合出发乌镇闲游古街漫步??享用午餐??山地越野探险??晚餐??围炉煮茶??夜宿温馨酒店??.DAY ?酒店自助早餐??探访农家风景??摇橹船体验?午餐品尝地道美食??温泉私汤放松??古镇沉浸式剧本杀??返程宝子们快来乌镇开启一场精彩绝伦的旅行吧??让我们一起在这留下难忘的回忆??-,9,"草木本色染坊,木心美术馆,乌镇邮局,茅盾纪念馆,摇橹船,水上集市,昭明书院,白莲塔,乌镇大剧院,古镇美景,江南水乡韵味,烟火气,灯光,惬意,高塔,建筑风格,并蒂莲,古街,围炉煮茶,温馨酒店,农家风景,地道美食,温泉私汤,古镇沉浸式剧本杀",,,,,,,,,,,,,,
这个五一有乌镇出游计划的朋友们一定会有些担心黄金周的人从众影响游玩体验吧但是除了五一又没有其他合适的假期无法做到错峰出游那么就请看这篇笔记让你在五一做到最少排队错开人群游乌镇得到舒适的游玩体验[赞R][一R]关于住宿P2-3首选住宿一定是景区内不仅能免门票青旅除外还能最大程度避开人流西栅9点之前不对外开放完全属于住宿客人此外虽然早茶客也只有住宿客人能预约但名额有限所以想体验的一定要早点办理入住并预约[二R]出发时间没有住在景区内可以在9点前到达服务中心第一批进入也可以享受到人少的景区中午和下午是人流量最大的时段一定要尽量避开由于东栅仅开放到17点半如果既想看西栅夜景又想东西栅都玩的话东西栅选择攻略请看主页置顶笔记最好分为两天游玩[三R]景点推荐P4-9从服务中心进入后顺着河道一路向前会经过大部分景点包括木心美术馆5月3日新的贝多芬特展将开幕染坊喜庆堂江南婚俗展馆也是景区官方旅拍店可电话提前预约免排队指路@乌镇喜庆堂 灵水居茅盾纪念堂等名人展馆昭明书院乌镇邮局徐昌酩画院白莲塔乌将军庙景点分布在河道两侧可以通过桥梁交叉着前进不错过任何一个打卡点[四R]体验项目和演艺P10-16如果走累了景区内还有很多可以坐下休息体验的地方比如适合带娃家庭的灵水居花园画室DIY绘画可以画葫芦存钱罐团扇等西栅大街中段的射箭馆有多种射箭体验和活动还有乌镇特色饮品和评书场除了评弹还有二胡表演点一壶茶可以一直听五一期间在景区不同点位还有杂耍表演可以观看运河边的集市也有很多表演和活动活动时间表放在最后~[五R]错峰坐船景区内有多个游船码头每个码头有购票点位码头位置请看主页置顶笔记如果你是九点进入景区的话那么逛到景区最尾端的如意桥码头就是最合适的上船点啦这个时候不仅排队的人少坐船还能避开路上的人群顺利出景区[六R]错峰吃饭景区主要的餐馆和小吃店都集中在西栅大街此外各个民宿也提供用餐服务如果到了饭点你路过的餐馆或民宿刚好有空位的话就抓紧机会入座吧景区的餐饮统一管理质量和口味都有保证~,8,"乌镇,游玩体验,景区内,免门票,避开人流,早茶客,住宿客人,预约,出发时间,服务中心,人少,中午,下午,人流量,东栅,西栅夜景,景点,木心美术馆,贝多芬特展,染坊,喜庆堂,江南婚俗展馆,灵水居,茅盾纪念堂,昭明书院,乌镇邮局,徐昌酩画院,白莲塔,乌将军庙,打卡点,体验项目,演艺,灵水居花园,画室DIY,射箭馆,乌镇特色饮品,评书场,杂耍表演,运河边,集市,活动时间表,错峰坐船,游船码头,购票点,如意桥码头,排队,错峰吃饭,餐馆,小吃店,西栅大街,民宿,用餐服务,餐饮统一管理,质量和口味",,,,,,,,,,,,,,
夜晚的乌镇什么样只有住在景区里才能看到的乌镇?,7,"夜晚,乌镇,住在景区里,看到",,,,,,,,,,,,,,
素一不二扎染真的好好看小孩子还可以体验价格也很实惠布料好舒服好舒服嬢嬢好温柔还很热情的给我们介绍真的好爱,9,"素一不二扎染,好好看,体验,价格,实惠,布料,舒服,嬢嬢,温柔,热情,介绍,好爱",,,,,,,,,,,,,,
照片拍摄于西栅大街和长街宴下午还碰到央视新闻采访,8,"西栅大街,长街宴,央视新闻采访",,,,,,,,,,,,,,
听说乌镇全员NPC连河面水位都是可调节的去了一趟发现江南水乡在这照进了现实??乌镇的美是一目了然的也是要细品的挑一家临河的馄饨店坐在窗边尝鲜看船上形形色色的游客放空的这半小时才算是从工作中挣脱出来了??北方的雨哗啦啦地下砸在水泥地上会立刻洇出一块硬币大小的水渍这里的雨是书中细雨绵绵的具象化总算是懂了为啥大家都说住在乌镇里是最好的~??杭州乌镇交通方式1建议大巴直达vx小程序[巴巴快巴]有多个站点直达乌镇西栅景区路程1.5h左右方式2动车桐乡站下车k281/282路到乌镇汽车站k350路到景区??????路线参考西栅景区150r木心美术馆参观需额外20r草木本色染坊喜庆堂叙昌酱园水上集市 粼河 茅盾纪念堂灵水居昭明书院龙形田月老庙乌镇邮局乌陶作坊国乐剧院白莲塔关帝庙文昌阁水剧场益大丝号乌将军庙出门其实没必要完全按路线来自己沿着河道随心逛蕞惬意?看多了商业化严重的帖子其实里面没有想象中贵的那么离谱整体物价比杭州低下过雨后整个乌镇都很清透对北方小伙伴来说能满足江南水乡的所有幻想优先选择西栅毕竟开发得更好妆造美食游船等都有???Tips夜景一般天黑就亮灯晚上530左右一日往返看夜景需提前买好返程车票预留排队等车时间,9,"乌镇, 江南水乡, 古镇原貌, 商业水平不高, 童年的梦, 细雨绵绵, 木心美术馆, 草木本色染坊, 喜庆堂, 水上集市, 茅盾纪念堂, 灵水居, 昭明书院, 龙形田, 月老庙, 乌镇邮局, 乌陶作坊, 国乐剧院, 白莲塔, 关帝庙, 文昌阁, 水剧场, 益大丝号, 乌将军庙, 夜景",,,,,,,,,,,,,,
踏人乌镇便走进了诗画梦境小桥流水相依烟雨朦胧如纱每一瞥都是岁月沉淀的诗韵,9,"乌镇,诗画梦境,小桥流水,烟雨朦胧,岁月沉淀,诗韵",,,,,,,,,,,,,,
阴天在乌镇穿上新中式来了一组不同设备的拍照对比大家看看哪一个设备在阴天更出片呀,7,阴天,乌镇,新中式,拍照,设备,对比,,,,,,,,,
发现了一个超适合一日游的江南水镇高铁1h直达的乌镇真的绝美?? 地址浙江省嘉兴市桐乡市乌镇镇?? 门票西栅景区成人150元东栅景区成人110元? 最佳时间建议春夏比较好可以游船??交通1??高铁上海虹桥桐乡站约40分钟再打车30分钟直达乌镇约60元2??自驾上海出发约1.5-2小时导航乌镇西栅景区即可3??大巴上海长途客运站有直达乌镇的大巴约2小时4?? 顺风车可以打顺丰车直接到景区门户很方便价格跟高铁+打车下来的费用差不多??必打卡路线木心美术馆草木本色染坊昭明书院乌镇邮局月老庙白莲塔摇橹船体验??拍照圣地1?染坊的蓝印花布超有氛围感2?桥里桥茶楼网红机位超好拍3?水上集市清晨超有烟火气4?傍晚的灯笼超美??美食推荐?定胜糕3元一个趁热吃?萝卜丝饼景区TOP1小吃?书生羊肉面马爸爸同款?吴妈馄饨鲜掉眉毛??小tips建议先玩西栅景点集中够逛一整天穿汉服/旗袍更出片景区也有租赁摇橹船60/人傍晚坐船看夕阳绝美记得带充电宝景区难借到乌镇真的太适合放空自己了小桥流水摇橹船晃晃悠悠仿佛走进了水墨画里快快收藏周末说走就走 ?????,9,"乌镇,江南水镇,古镇原貌,童年的梦,绝美,小桥流水,摇橹船,木心美术馆,草木本色染坊,昭明书院,乌镇邮局,月老庙,白莲塔,蓝印花布,桥里桥茶楼,水上集市,灯笼,定胜糕,萝卜丝饼,书生羊肉面,吴妈馄饨,汉服,旗袍,水墨画",,,,,,,,,,,,,,
就尊嘟舍不得卸啦啊啊啊啊啊啊[色色R][色色R][色色R]来乌镇打卡了我超期待的青蛇汉服写真太牛波一了??直接把我从这个女的换头成魅惑青蛇??就一个字绝,9,"乌镇,青蛇汉服写真",,,,,,,,,,,,,,
浆声摇碎春水青石板上听橹声木格窗前一场不期而遇的雨白墙黛瓦乌篷船推开雨幕细雨斜飞案上煮一壶明前龙井暮色漫过镇上一个个的飞檐原是藏在青玉案里的水墨残影?,9,"春水,青石板,橹声,木格窗,雨,白墙,黛瓦,乌篷船,雨幕,细雨,明前龙井,暮色,飞檐,水墨残影",,,,,,,,,,,,,,
??????????????烟雨江南水墨乌镇??丨你一句春不晚我就到了真江南?江南之地乌瓦白墙老街旧巷是书本里的小桥流水人家,9,烟雨江南,水墨乌镇,春不晚,真江南,乌瓦白墙,老街旧巷,小桥流水人家,,,,,,,,
Hello?大家?我是山海在浙江嘉兴距离乌镇30min车程的地方我找到了一个小众但出片的濮院时尚古镇这里是天下第一绸濮绸的故里是清明时期江南五大名镇之一也是如今GQ盛典的举办地萌探极限挑战的拍摄地??交通濮院时尚古镇位于嘉兴市濮院镇高铁直达桐乡站或者嘉兴南站也可自驾抵达????濮院怎么逛漫步古镇感受小桥流水的惬意感受古树古宅的历史沉淀也可以坐着摇橹船穿古桥赏两岸美景还可以登高望远一览濮院风光趁着这儿没火承包满目江南浪漫???游览路线入口-北更楼登高望远-蚬子滩-碧水桥-水上关王庙-濮商会馆-北横街教堂-关帝庙-祥云观-梅泾剧场-岳氏三进士第-漱芳禅园-濮驸马第-濮侍郎码头-福善寺/福善塔濮院最高点-寺湾街好吃好玩-出口?在濮院呆了两天看过濮院的落日黄昏见过濮院的水影斑驳赏过濮院的华灯初上感受水乡的温婉和建筑的时尚1??福善寺下午落日前这里的光影会很棒有棵800多年的古银杏?非常壮观??可以想象叶子黄时会有多壮观好看2??福善塔??是可以进塔参观的哦可以坐电梯上去仅停靠1/5/9层5楼看出去视野比较好3??寺湾街晚上灯亮起来超级漂亮蓝调时刻拍花灯和不远处的福善塔同框绝美还有许多穿汉服的NPC这条街又好吃又好玩4??漱芳禅园四面环水的茶园戏楼晚上灯亮起来也很好看5??北更楼登山楼顶可以一览古镇楼下的紫薇花开得热烈穿新中式/汉服/旗袍会更出片哦,9,"古镇,小桥流水,古树,古宅,摇橹船,古桥,美景,登高望远,风光,没火,江南浪漫,落日黄昏,水影斑驳,华灯初上,温婉,时尚,福善寺,光影,古银杏,壮观,福善塔,进塔参观,电梯,视野,寺湾街,花灯,福善塔同框,绝美,NPC,漱芳禅园,四面环水,茶园戏楼,北更楼,楼顶,紫薇花,新中式,汉服,旗袍",,,,,,,,,,,,,,
立冬小阳春都说春宵短夏夜更短而留给秋天的就只有一个瞬间??铃兰咖啡乌镇横港村,7,铃兰咖啡,乌镇,横港村,,,,,,,,,,,,
太喜欢乌镇的感觉了住在景区里幸福感爆棚摇橹船?闲逛?蟹黄面体验??期待下次再来??,9,"乌镇,幸福感,摇橹船,闲逛,蟹黄面",,,,,,,,,,,,,,
人生第一个旅行地 就是乌镇记得小时候看戏说乾隆  乾隆的三下江南就成了我儿时的梦 心生向往 不辞千里来相见了13年第一次去乌镇 东栅的原住民比较多 一个个小店和小摊 让你更身临其境在古镇里的烟火气到了西栅 商业氛围较浓些 许多玲琅满目的小店最喜欢的就是傍晚 少了些白天的喧嚣找一家咖啡店 临河而坐 发呆 感受这古镇的宁静和临水而居的快乐 看一条条乌篷船驶过要是再来场烟雨朦胧的小雨 就更是完美了当然没下 两次来都是大晴天??晚上的乌镇 灯火阑珊 古街小巷的建筑 走在石板路上更觉得神秘了 好多人觉得乌镇太过商业后来去过那么多古镇 最爱的还是江南水乡 乌镇,9,"乌镇, 东栅, 原住民, 小店, 小摊, 烟火气, 西栅, 商业氛围, 傍晚, 宁静, 临水而居, 快乐, 乌篷船, 烟雨朦胧, 古街小巷, 石板路, 神秘, 江南水乡",,,,,,,,,,,,,,
摇动的船橹波动的粼光空有无所依的小鱼到了傍晚夕阳变的微红打在船夫的身上让人有一种闯入世外桃源的即视感,8,"摇动的船橹,波动的粼光,空有无所依的小鱼,傍晚,夕阳,微红,船夫,世外桃源",,,,,,,,,,,,,,
真不愧是在当地开了30多年的老字号土菜馆菜品味道上是真的好赞随便跟姐妹点了些道菜都没有踩雷一开始的时候还是在点评上刷到的这家老字号餐厅开店以来几乎???差评 身边的很多土著朋友也是他们家的忠实回头客所有的菜品都是锅气满满的分量十足店员大姨们超级热情好客一直在忙前忙后??功夫笋尖??脆爽可口而且笋尖很新鲜跟大片的五花肉炒在一起真的无敌下饭??酱鸭浓油赤酱??鸭肉紧实鲜嫩 不柴不腻咸香入味 还有些甜品能吃得出不是预制菜??酸菜鱼说实话 他家的鱼片真的是肉眼可见的新鲜滑嫩可口超级鲜美入味??酸溜溜的 配菜也很丰富 最底下还有土豆粉,9,"菜品味道,老字号,土菜馆,赞,姐妹,点评,老字号餐厅,差评,土著朋友,回头客,锅气满满,分量十足,店员大姨,热情好客,功夫笋尖,脆爽可口,新鲜,五花肉,无敌下饭,酱鸭,浓油赤酱,鸭肉紧实,鲜嫩,不柴不腻,咸香入味,甜品,预制菜,酸菜鱼,鱼片,新鲜滑嫩,鲜美入味,酸溜溜,配菜丰富,土豆粉",,,,,,,,,,,,,,
有没有每年乌镇戏剧节常客啊 酒店到底提前多久定呀求一个搭子如果有游玩攻略就更好了,7,"乌镇,戏剧节,酒店,搭子,游玩攻略",,,,,,,,,,,,,,
Hello~我是爱旅行的威廉~.刚回来这个江南古镇真的太美了~小桥流水白墙黛瓦船声荡漾连空气都带着诗词的平仄~????现在正值乌镇春天好好生活节五一不知道去哪的小伙伴可冲~.整理一份两天一夜的攻略带你打开不一样的乌镇~.??两天一夜游玩攻略? ????????抵达乌镇?草木本色染坊?定升桥?西栅大街?龙形田?桥里桥茶馆?白莲塔?灵水居? ?????????水上集市早茶客?西栅大街?摇撸船?乌村?返程.??游玩Tips??乌镇分为东栅和西栅个人更喜欢西栅打卡点比较多拍照也更出片~??乌镇美食很多有吴妈馄饨锦记糕点酱粽书生羊肉面葱包烩??乌镇很大一天真的逛不完建议住一晚见图18闹中取静步行可轻松游玩整个西栅~??起早去吃一次早茶客坐在河边听着戏曲吃热乎乎的早餐感受人间烟火气息~?? 乌镇细节卷成这样石板缝每日搓澡级清洁厕所能追剧逛店不重样民宿炒蛋必放4??个蛋还有.??定升桥乌镇zui经典的三孔桥吹着微风看着船悠悠地划过还可看日落晚霞~??桥里桥茶馆被称为江南zui美茶楼拍照挺出片~??乌村附近有避世小村庄在这可垂钓射箭坐小火车还可体验各种田间农趣很适合遛娃~??望津堤将会有运河堤上春风集吹着晚风听音乐看电影想想都惬意??灵水居下午看春意读书会和情景戏剧晚上逛逛春满夜集吃个暖锅夜酒在容易钟情酒馆来一杯特调~.,9,"江南古镇,小桥流水,白墙黛瓦,船声荡漾,诗词的平仄,春天好好生活节,草木本色染坊,定升桥,西栅大街,龙形田,桥里桥茶馆,白莲塔,灵水居,水上集市早茶客,摇撸船,乌村,西栅,吴妈馄饨,锦记糕点,酱粽,书生羊肉面,葱包烩,石板缝,厕所,民宿炒蛋,定升桥,三孔桥,晚霞,桥里桥茶馆,乌村,望津堤,运河堤上春风集,灵水居,春意读书会,情景戏剧,春满夜集,暖锅夜酒,特调",,,,,,,,,,,,,,
近距离感受江南水乡的美刚好到乌镇的那天在下雨更是体验到了烟雨江南的味道但是乌镇真的人太多了 走到哪都是人挤人 很影响体验感 说实话对不起这个门票钱基本就是被推着逛完,4,"江南水乡,烟雨江南",,,,,,,,,,,,,,
本人又高又瘦就是不给合影,3,本人,高,瘦,合影,,,,,,,,,,,
1.?????? ????????乌镇??月明乌镇桥边夜梦里犹呼起看山2.?????? ???????? 乌镇??一半诗意一半烟火一座古城一条老街3.?????? ???????? 乌镇??恰逢一朝烟雨与君共赴江南4.??????????????乌镇烟雨入江南山水如墨染5.??????????????乌镇一生痴绝处无梦到江南6.??????????????乌镇一半烟火一半诗意7.??乌镇??????老街日巷青砖灰瓦8.??乌镇??????人间何所以观风与月舒9.??乌镇??????坐着乌篷船摇荡于江南水乡慢品人间烟火闲观小桥流水10.??乌镇西栅烟雨入江南11.??????????????乌瓦白墙??12.????????????????画船听雨眠13.??????????????烟雨如江南 山水如墨染14.?????????????????议江南 乌镇里,10,"乌镇, 月明, 梦里, 诗意, 烟火, 古城, 老街, 烟雨, 江南, 青砖, 灰瓦, 风与月, 乌篷船, 水乡, 人间烟火, 小桥流水, 乌瓦白墙, 画船听雨眠, 山水如墨染, 议江南",,,,,,,,,,,,,,
春节想找一个年味满满好吃好逛又好玩的地方那一定要考虑一下窑湖小镇窑湖小镇是继乌镇古北水镇之后全国又一标杆性旅游度假目的地多巴胺爆棚的竹鼠热浪乐园趣味十足的云上的小火车震撼的龙腾水秀烟花还有傩舞火舞等多种非遗表演组成的中国式派对??景点江苏宜兴窑湖小镇??交通自驾导航窑湖小镇游客中心或宜兴站下杭州??仅40mins再乘坐??直通车即可直达??行程安排DAY1:入住竹鼠热浪乐园小镇夜景&表演龙腾水秀烟花DAY2:云上的小火车小镇漫步摇橹船返程?必打卡点??竹鼠热浪乐园在窑湖冬天也可以玩水啦被这波热浪硬控一下午冲浪初体验get情绪价值提供的很到位小丑表演狂欢派对热闹巡游....无论是大人还是小孩都能在这里找到自己的玩水乐趣??云上的小火车白天它是宫崎骏漫画里的童话火车晚上就穿上赛博朋克的外衣变成一道亮丽的风景线踏上水秀烟花专列坐在车里欣赏龙腾水秀烟花和窑湖夜景的浪漫叠加更有小丑??互动仪式感满满??摇橹船白墙黛瓦绿石青阶两岸风景诗画眠一帧帧水乡生活画卷徐徐展开白天和晚上的风景各有不同?推荐的春节演出?? 千年窑火颂风华社火广场傩舞火把舞火裙舞火壶有凤来仪空中飞人户外livehouse窑火狂欢组成了一场中国式派对带来一场非遗与民俗的盛宴演艺??开龙窑仪式寻味窑工宴龙窑在开龙窑仪式中接收跨越千年的吉祥祝福在情景互动中寻味窑工宴的民俗??薪火窑光巡游超大的鱼头花灯在小镇的长街舞动巡游~一下就把场子热起来??龙腾水秀烟花整个景区最不能错过的节目五彩的烟花如繁花瞬间绽放在夜空与灵动的水秀相互映衬一时间火树银花与巨龙共舞让人流连忘返?拍照打卡机位??风水池??湖畔栈桥??紫砂塔??龙窑??茗岭街?美食推荐 窑湖三宝紫砂糕窑湖竹笋汤蜜汁炖猪蹄 宜兴乌米饭以糯米和乌树叶为原料经多道工序制成味道香甜 和桥团子有甜口和咸口之分外皮软糯内馅丰富春节度假来窑湖小镇吃住游玩一站式一起过大年,9,"窑湖小镇,竹鼠热浪乐园,云上的小火车,龙腾水秀烟花,傩舞,火舞,非遗表演,中国式派对,竹鼠热浪乐园小镇夜景,小丑表演,狂欢派对,热闹巡游,情绪价值,宫崎骏漫画,童话火车,赛博朋克,摇橹船,白墙黛瓦绿石青阶,水乡生活画卷,千年窑火颂风华,社火广场,傩舞火把舞,火裙舞,火壶有凤来仪,空中飞人,户外livehouse,窑火狂欢,开龙窑仪式,寻味窑工宴,薪火窑光巡游,鱼头花灯,风水池,湖畔栈桥,紫砂塔,龙窑,茗岭街,窑湖三宝紫砂糕,窑湖竹笋汤,蜜汁炖猪蹄,宜兴乌米饭,和桥团子",,,,,,,,,,,,,,
一直偏好古镇文化 清明时节去了乌镇 享受美好时光,8,古镇文化,清明时节,乌镇,美好时光,,,,,,,,,,,
不可否认乌镇确实挺好看但是白天的景色和苏州平江路差不多图3是平江路晚上的夜景和苏州七里山塘差不多图4是七里山塘那么为什么要花150元来乌镇而不是去免费的苏州呢乌镇西栅路边的房子有一个算一个全都是商业化完全没有了江南水乡宁静恬适的氛围这点同样和平江路七里山塘一样还是没有理由去乌镇楼主在乌镇路过每一座桥拍一下正面和背面的风景然后就继续往前了因为感觉和苏州没什么区别下面来说一下体验不好的地方景区入口引导不规范+景区工作人员态度不好+景区商业化严重: 作为一个经常自己出门旅游的人基本上靠着高德地图就能轻松找到景区的入口就算找不到也能通过景区附近的指示轻松找到景区然而到了乌镇以后因为景区有好几个入口路边也没有路牌指示导航到了以后发现过不去最后和路边遇到的一样找不到路的游客沿路问商店老板才找到了路进了入口以后是一个巨大的游客中心还是找不到怎么进景区到第一个入口跟我说电子二维码不行得去售票处换票态度极其不耐烦去售票处问售票处工作人员态度挺好的跟我说不用换票直接扫码就行然后我看旁边也有一个入口这个指引做的很好一下子就看到了就去跟着排队到我了跟我说进不去说这是住在景区的人才能进的入口我问那我应该从哪入园呢态度极其不耐烦的跟我说那边那边最后终于找到了入口进去了却完全没有了游玩的兴致本着花了150块钱门票的心情继续游玩结果被路两旁各种完全商业化彻底打败草草溜达一圈坐着等到晚上看了夜景就走了,150,"乌镇,平江路,七里山塘,商业化,江南水乡,宁静,恬适,景区入口,引导不规范,工作人员态度,商业化严重",,,,,,,,,,,,,,
一到三月春雨微醺桃花轻落这次抓住春天的尾巴来了一场2天1晚的乌镇西栅春游真的太爱乌镇的江南氛围了这份保姆级攻略一定要收好??.???D1抵达入住酒店??龙形田??定升桥??灵水居??白莲塔??容易钟情热酒馆??西栅夜景???D2水上集市早茶客??草木本色染坊??木心美术馆??乌村??返程.???龙形田???西栅的隐藏宝藏一大片金黄的油菜花田像走进了宫崎骏的画里还有春日限定的花田市集花田打卡装置逛累了可以去旁边的花伴旅咖喝杯手冲??再去旁边的早来春茶馆围炉煮茶??生活瞬间慢下来了.???定升桥???乌镇zui经典的三孔桥站在桥上吹吹风看着船慢悠悠地划过桥边的玉兰花刚好盛开随手一拍都是壁纸级别的美景.???灵水居???这是西栅zui大的私家园林园里的海棠花开得太美了傍晚这里有春意读书会??大家围坐在庭院里听戏读书特别有氛围感.???容易钟情热酒馆???晚上一定要来这里吃一顿热气腾腾的暖锅??三五好友围坐着配点小酒聊聊天整个春天的温暖都装进这顿饭里了.??水上集市早茶客??乌镇的水上集市实在太有生活气息了热气腾腾的馄饨酥脆的定胜糕水乡氛围感十足.???草木本色染坊???这里是乌镇的标志性打卡点蓝白相间的染布随风飘扬站在里面随手一拍都是大片.???木心美术馆???如果你喜欢文艺氛围一定要来这里木心先生的画和文字让人沉浸在他的江南梦里.???乌村???乌镇隔壁的一个小村庄特别有乡野气息这里可以射箭坐小火车还有大片油菜花田随便走走都很惬意.春天的乌镇真的美得让人不想离开4.18运河堤上春风集要开始啦美食派对和咖啡市集可以期待哦,9,"春雨,桃花,江南氛围,龙形田,油菜花田,宫崎骏,花田市集,花伴旅咖,围炉煮茶,定升桥,三孔桥,玉兰花,灵水居,海棠花,春意读书会,容易钟情热酒馆,暖锅,水上集市,早茶客,馄饨,定胜糕,水乡氛围,草木本色染坊,染布,木心美术馆,画,文字,江南梦,乌村,乡野气息,射箭,小火车,油菜花田,春风集,美食派对,咖啡市集",,,,,,,,,,,,,,
夜里的水乡是宁静的也是充满生机的小桥流水人家每一处都是风景每一处都有故事在这里心灵找到了归宿思绪随着河流飘向远方水乡的夜是一首未完的诗篇等待着每一个旅人去续写属于自己的篇章,9,"水乡,宁静,生机,小桥,流水,人家,风景,故事,心灵,归宿,思绪,河流,夜,诗篇,旅人",,,,,,,,,,,,,,
来乌镇一定要体验一下精致的茶食文化感受江南水墨的韵味品尝百年传承非遗远离城市的喧嚣看着现蒸糕点的场景一半烟火一半诗意吹吹江南的晚风走走青石路坐坐乌篷船临了点上一壶茶一笼糕点感受似水年华的温柔,10,"茶食文化,江南水墨,百年传承,非遗,城市的喧嚣,现蒸糕点,烟火,诗意,江南的晚风,青石路,乌篷船,一壶茶,一笼糕点,似水年华",,,,,,,,,,,,,,
?? ???? ???????? 乌镇总要去一趟乌镇吧 去感受文人墨客笔下的烟雨江南,8,烟雨江南,,,,,,,,,,,,,,
嘉兴乌镇名气巨大矛盾的故乡也是古镇系列的头部商业化的典范中青旅运营的走进乌镇白墙黛瓦小桥流水眼前的一切都携着浓浓的中国水墨画气息扑面而来雕梁画栋石像老屋这个有着鱼米之乡丝绸之府之称的地方自古就是文人墨客在此吟咏风月畅怀叙谈的最爱还是一代文豪茅盾的故乡乌镇有江南水乡中少有的水阁也因此被称作中国最后的枕水人家历史上乌镇是苏南浙北的交通重镇一度也是非常繁华的乌镇分东栅和西栅东栅比较小只有西栅的 1/7 东栅可以白天逛一逛茅盾故居就在东栅西栅是后来规划的有民宿客栈这一类的看看夜景不过住在里面好一些的民宿贼贵有人说如今经过统一改造的乌镇似乎太过轻视太过商业化然而不能否认的是那些属于吴越古镇的地方文化却被完整保留下来熠熠生光诚然你可以说乌镇是假的但正因为是假的才有了可控的高品质服务正因为是假的才有了弥漫整个古镇的恬淡气质正因为是假的才可以推开窗就能看到温婉的江南小巷但转过身又是松软的酒店大床对评价是很不错就是性价比偏低 ?,8,"白墙黛瓦,小桥流水,中国水墨画气息,雕梁画栋,石像,老屋,鱼米之乡,丝绸之府,文人墨客,茅盾,故乡,江南水乡,水阁,枕水人家,交通重镇,吴越古镇,地方文化,完整保留,高品质服务,恬淡气质,温婉,江南小巷,酒店大床",,,,,,,,,,,,,,
乌镇无须机位 处处皆是江南今天粉粉的 呼应下春色,9,乌镇,无须机位,处处,江南,粉粉,春色,,,,,,,,,
??乌镇玩法新公式?=?水乡漫步?+?美食暴击来乌镇别只盯着摇橹船和古街景区门口处藏着一家跨界料理实验室重新定义江南味蕾地图--- ??乌镇逛吃黄金路线上午???漫步东栅看晨雾中的蓝印花布随风轻扬???打卡木心美术馆在极简光影中拍氛围大片中午???直奔宝藏餐厅用牛骨髓蟹黄拌饭治愈暴走的双脚???顺手带走一杯茶壶奶茶??边喝边逛南栅老巷傍晚???登白莲塔等一场运河日落???杀回餐厅抢窗边位点烟熏牛肉芝士瀑布面?漂亮酸奶碗看灯火渐次点亮青瓦深夜???西栅夜景拍够后来份彩椒芝士汉堡当夜宵再来一杯特调鸡尾酒??---???为什么它值得专程打卡???地理位置作弊距景区步行5分钟却完美避开人潮???出片玄机门口临街位太太太chill了???免费停车:餐厅前方50牌坊旁可以免费停车---??旅行者的顿悟时刻当筷子挑起沾满牛骨髓的饭粒看窗外车水马龙才懂什么是舌尖与时空的双重穿越,9,"乌镇, 水乡漫步, 美食暴击, 摇橹船, 古街景区, 跨界料理实验室, 江南味蕾地图, 东栅, 晨雾, 蓝印花布, 木心美术馆, 极简光影, 氛围大片, 宝藏餐厅, 牛骨髓蟹黄拌饭, 茶壶奶茶, 南栅老巷, 白莲塔, 运河日落, 烟熏牛肉芝士瀑布面, 漂亮酸奶碗, 青瓦, 西栅夜景, 彩椒芝士汉堡, 特调鸡尾酒, 地理位置, 人潮, 出片玄机, 免费停车, 筷子, 牛骨髓, 舌尖, 时空, 双重穿越",,,,,,,,,,,,,,
今年我还要去,7,古镇原貌,商业水平不高,童年的梦,,,,,,,,,,,,
离开西栅前 遇上了一场大雨朦胧的烟雨 ?诠释出了这座江南古镇的灵魂宛若?一下子说尽了千百年来的故事??这场雨是我从三寸金莲馆出来之时开始下的?这座馆是我目前参观过有关三寸金莲的最全面规模最大的展馆从中看到了各个地区各式各样的三寸金莲鞋也了解到了裹脚的发展以及很多隐晦且细思极恐的真相实在是忍不住为曾经的中国女性落泪因此这场雨在非常合适的心境和时机下与我相遇同时这也是我第一次在江南古镇里邂逅大雨大雨下的江南美得真的如此不真实天与水皆呈青色雨水顺着屋檐流入河中让白墙黑瓦上隐藏的轮廓显现江南独特的美被雨水诠释得淋漓尽致这场雨这次邂逅的烟雨江南我一定会记得很久很久[星R]关于邂逅这场雨的一些早有准备计划行程时特地选了晴雨都好看的地方以及第二天可能会下雨的日子赌一把晴雨皆得中午托运行李时天气还可以但没把伞也托运了虽然有点热但还是穿了那双防水的鞋让我能尽情在雨中拍摄[doge]旅游和拍摄越多小心思真的越多只为充分把握时间和机会??乌镇西栅?2024.8.13下午,9,"烟雨,江南古镇,灵魂,千百年来的故事,三寸金莲馆,规模最大,全面,三寸金莲鞋,裹脚,中国女性,落泪,心境,时机,邂逅,大雨,江南,美,不真实,青色,雨水,屋檐,河中,白墙黑瓦,隐藏的轮廓,独特,雨水,诠释,淋漓尽致,烟雨江南",,,,,,,,,,,,,,
今天翻到了老手机的live图看着有满满的感动 ,8,"live图,满满的感动",,,,,,,,,,,,,,
??盖章地点乌镇西栅景区??盖章日期2025年3月16日今天去乌镇东栅西栅转了一圈主要盖到了如下??印章白莲塔大剧院乌镇邮局乌镇(互联网大会戏剧节香市年市)乌镇美食(萝卜丝饼羊肉面酱鸭春卷定胜糕)乌镇木心美术馆草木本色染坊昭明书院喜庆堂......JackTian的游玩日志2025年3月16日写于浙江杭州,7,"白莲塔,大剧院,乌镇邮局,互联网大会,戏剧节,香市,年市,萝卜丝饼,羊肉面,酱鸭,春卷,定胜糕,木心美术馆,草木本色染坊,昭明书院,喜庆堂",,,,,,,,,,,,,,
.谁懂啊??挖到比乌镇大3倍的宝藏古镇上海杭州打工人速进1.5h??直达唐宋楼阁紫藤花海明星综艺同款乌镇2.0版被我找到了人少花多还偶遇明星这个春天在濮院时尚古镇彻底沦陷了?.??地点浙江嘉兴桐乡濮院时尚古镇??交通??上海/杭州自驾1.5h达??高铁至桐乡站打车20分钟.??推荐游玩路线游船码头?潄芳禅园?福善寺?濮府?云想衣裳?蜡烛街?盒子里的猫限时体验区?濮商会馆?寺湾街?北更楼.??春日打卡推荐??伞巷挂满彩色油纸伞的窄巷寺湾街转角处附近就是宋韵集市??三花喵喵屋就在蜡烛街8号和巨型三花喵来张日系抓拍?屋内喵咪很可爱布景很漂亮拍照出片??福善寺千年银杏现在刚冒绿芽红墙光影洒落禅意拉满??听雨屋是河道边的亭子屋檐一直有水落下等摇橹船过来合影??云想衣裳展馆传统刺绣与高定服装的跨界展览隔壁就是濮缘衣锦现有春日限定穿搭??潄芳禅园蹲傍晚蓝调时刻亭台倒影烟气飘飘美到失语??紫藤花长廊北更楼城墙上去俯瞰花海四月会进入全盛期紫藤客栈附近也有??珍宝馆在濮府里面欣赏濮氏以前用过的珍品展品很多??濮库|濮商会馆进去下楼梯就是流光四溢钱币隧道里面还有濮绸展品及成箱的银元宝??濮侍郎码头舟游濮院看两岸风景感受舟行碧波上的诗意.别挤乌镇啦这个春天我在濮院私藏了整个江南??.,2,"宝藏古镇,唐宋楼阁,紫藤花海,明星综艺,人少花多,时尚古镇,彩色油纸伞,宋韵集市,三花喵,巨型三花喵,日系抓拍,千年银杏,红墙光影,禅意,听雨屋,摇橹船,传统刺绣,高定服装,跨界展览,春日限定穿搭,傍晚蓝调时刻,亭台倒影,烟气飘飘,北更楼,城墙,俯瞰花海,紫藤客栈,珍宝馆,濮氏,珍品展品,濮库,濮商会馆,钱币隧道,濮绸展品,银元宝,濮侍郎码头,舟游濮院,两岸风景,诗意,私藏江南",,,,,,,,,,,,,,
今天和妈妈外婆来玩 外婆想买扇子 进去就问多少钱 能不能便宜一点 不能便宜你可以直接说为什么要在人走出来之后骂一句ma le bi [生气R][生气R][生气R][生气R][生气R][生气R],2,无,,,,,,,,,,,,,,
来到了课本中的乌镇江南小镇很悠闲自在从桥上看船从桥洞穿过很喜欢江南小镇的感觉,9,"课本,乌镇江南小镇,悠闲自在,桥,船,桥洞,江南小镇",,,,,,,,,,,,,,
乌镇除了西栅东栅景区是需要花钱买门票之外其实不花钱的南栅老街也不错像原住民一样骑车穿梭于老街道感受车骑人的快落[偷笑R]别有一番风趣其实除了古镇街道探索景区之外的绿色郊野更值得尝试景区之外的乌镇人少且满眼绿色赏稻田树林感受江浙乡村风情就特别适合这个季节去逛逛,8,"南栅老街,原住民,老街道,车骑人,快落,古镇街道,绿色郊野,景区之外,乌镇人少,满眼绿色,稻田,树林,江浙乡村风情",,,,,,,,,,,,,,
好幸运每年来都能看到去年也是看哈姆雷特遇到嘟,8,幸运,每年,看到,哈姆雷特,遇到,,,,,,,,,,
??乌镇本地的朋友果真没有骗我当DJ家开了30多年的老牌土菜馆真的是有两把刷子的?????就是这家老弄堂啦在他家吃过一次之后就彻底变成了忠实回头客各种土菜应有尽有色香味俱全的同时分量给的还很实在店内的服务员大姨们都非常的热情经常跟我们唠嗑菜品绝对的现点现做锅气十足人均只需几十块哦东坡肉软糯可口咸甜入味是真的吃不腻分量很足也特别下饭 肉肉肥瘦相间很有层次感??西红柿蛋汤没有任何的科技与狠活儿汤是真的很浓郁滑嫩的鸡蛋配上酸甜可口的西红柿??简简单单的幸福??河虾野生河虾品质很好很新鲜虽然个头不是很大但是肉质特别的紧实饱满鲜甜可口分量足,10,"老牌土菜馆,老弄堂,土菜,色香味俱全,分量实在,服务员大姨,热情,唠嗑,现点现做,锅气十足,人均几十块,东坡肉,软糯可口,咸甜入味,吃不腻,分量足,下饭,肥瘦相间,层次感,西红柿蛋汤,科技与狠活儿,浓郁,滑嫩,鸡蛋,酸甜可口,西红柿,简简单单的幸福,河虾,野生河虾,品质很好,新鲜,个头,肉质紧实,饱满,鲜甜可口",,,,,,,,,,,,,,
嘉兴乌镇名气巨大矛盾的故乡也是古镇系列的头部商业化的典范中青旅运营的走进乌镇白墙黛瓦小桥流水眼前的一切都携着浓浓的中国水墨画气息扑面而来雕梁画栋石像老屋这个有着鱼米之乡丝绸之府之称的地方自古就是文人墨客在此吟咏风月畅怀叙谈的最爱还是一代文豪茅盾的故乡乌镇有江南水乡中少有的水阁也因此被称作中国最后的枕水人家历史上乌镇是苏南浙北的交通重镇一度也是非常繁华的乌镇分东栅和西栅东栅比较小只有西栅的 1/7 东栅可以白天逛一逛茅盾故居就在东栅西栅是后来规划的有民宿客栈这一类的看看夜景不过住在里面好一些的民宿贼贵有人说如今经过统一改造的乌镇似乎太过轻视太过商业化然而不能否认的是那些属于吴越古镇的地方文化却被完整保留下来熠熠生光诚然你可以说乌镇是假的但正因为是假的才有了可控的高品质服务正因为是假的才有了弥漫整个古镇的恬淡气质正因为是假的才可以推开窗就能看到温婉的江南小巷但转过身又是松软的酒店大床对评价是很不错就是性价比偏低 ?,8,"乌镇, 古镇原貌, 商业水平不高, 童年的梦, 吴越古镇, 地方文化, 完整保留, 高品质服务, 恬淡气质, 江南小巷",,,,,,,,,,,,,,
第一次全套妆造体验汉服真的很不错这个发型和衣服和我的适配度很满意[哭惹R][哭惹R],8,"汉服,妆造,发型,衣服,适配度",,,,,,,,,,,,,,
Day 5江南古镇爆美行程从西园寺祈福吃素面到夜游乌镇美翻天今天真的是一整天沉浸在江南的美景里早上我们先去了苏州非常有名的西园寺一走进去就能感受到那种宁静庄严的氛围这里最特别的是有500尊罗汉像大家可以一边参拜一边数一数蛮有趣的寺里的苏式素面也是必试我们点了观音面吉祥面如意面虽然汤底都一样但不同的配料给每一碗面增添了不同的意义我最爱的其实是他们的辣椒真的太香了视频里有详细过程跟口味评语哦接着我们前往苏纶丝绸博物馆听讲解员介绍丝绸的制作过程还亲眼看到一根根蚕丝变成华丽丝绸的全过程涨知识中午我们来到了我个人超爱的南浔古镇沿河而建的老宅与博物馆交错其中仿佛直接穿越回古代午餐我们在路边发现一间低调的王大妈面馆点了几碗面和汤圆没想到超好吃根本隐藏版美食饭后来杯瑞幸的抹茶拿铁再逛逛小摊买点点心好吃又惬意真的太舒服下午终于来到梦寐以求的乌镇西栅一进来就是另一种氛围工作人员超贴心帮忙载行李我们只需搭接驳车轻松抵达今晚的民宿我们住的这家民宿简直像住进了一幅画阳台望出去就是悠悠河道和小船江南气息爆棚还有欢迎礼盒跟安排妥妥的早餐超有仪式感晚餐就在民宿简单吃了点接着我们出门夜游乌镇晚上整个乌镇亮起灯光倒映在水面上简直美得不像话跟白天完全不一样的氛围宁静又浪漫真的强烈建议大家在乌镇至少住一晚用慢节奏去感受这里的美?Day 6这趟旅行的句点乌镇民宿早餐+旅行总结今天是旅程的最后一天啦宝宝还在睡觉我就先安静地享用民宿准备的早餐边吃边回顾这趟六天五夜的上海苏州乌镇亲子+长辈旅行真的收获满满有景点的美也有家人之间的陪伴温度感谢一路看我们影片的你喜欢的话欢迎点赞留言跟分享给身边也想来中国旅行的朋友我们下支影片再见拜拜?,9,"南浔古镇,老宅,博物馆,王大妈面馆,隐藏版美食,乌镇西栅,工作人员,民宿,阳台,河道,小船,江南气息,欢迎礼盒,早餐,仪式感,夜游乌镇,灯光,水面上,氛围,宁静,浪漫",,,,,,,,,,,,,,
全部我家原创客片哦没错就是非常高产是进度条限制了我如果可以一定要同时连发50种风格如果不知道怎么选可以先点赞收藏起来吧角度姿势都可以码住来乌镇就不怕选择困难症啦,9,"原创,客片,风格,角度,姿势,乌镇",,,,,,,,,,,,,,
我本无意入江南奈何江南入我心 ??? ?,9,江南,,,,,,,,,,,,,,
乌镇的时光是摇橹船荡开的涟漪是染坊光影里的诗是提灯夜行时撞见的星河12小时避开人潮遇见商业化外壳下鲜活的水乡灵魂??清晨7:30 | 东栅晨光承包无人的染坊赶在旅行团抵达前冲进东栅直奔宏源泰染坊清晨的光线透过蓝印花布洒在青石板上二楼俯拍视角秒出大片顺路打卡茅盾故居感受文人笔下的江南烟火气 ???上午10:00 | 西栅漫游穿越千年剧场乘免费接驳车转战西栅必去? 木心美术馆极简建筑与芦苇荡的碰撞旋转楼梯拍出高级感 ? 草木本色染坊垂落的蓝染布随风飘动穿浅色长裙更出片? 乌镇邮局寄一张明信片盖古镇专属邮戳仪式感拉满 ??中午12:30 | 本地人私藏美食清单午餐冲书生羊肉面羊肉酥烂汤头鲜避开饭点不排队小吃推荐 ? 定胜糕豆沙馅糯叽叽锦记糕点铺必买? 萝卜丝饼现炸酥脆咬开是清甜萝卜丝 ??午后14:30 | 南栅慢生活解锁原生态步行15分钟到免费南栅避开商业人流在溪桥忽见点一杯烟雨江南咖啡看摇橹船划过窗前探访手艺人作坊体验蚕丝被制作带走自制方巾超有意义 ??傍晚17:00 | 落日巡航独享水乡浪漫返回西栅包摇橹船夕阳把白墙染成金色0.5倍广角拍半水半屋镜像大片?夜晚19:00 | 提灯夜游灯火星河入梦? 提灯走桥文昌阁领免费纸灯笼连过三桥祈福逢源双桥最灵? 露天电影北斗湾重温似水年华水边观影氛围感绝了 ??避坑指南 ? 交通高铁到桐乡站转K282公交2元别打黑车? 住宿选西栅外民宿住河景房 ? 拍照竹筒奶茶慎买?,9,"乌镇, 水乡灵魂, 东栅晨光, 宏源泰染坊, 蓝印花布, 青石板, 茅盾故居, 江南烟火气, 木心美术馆, 极简建筑, 芦苇荡, 草木本色染坊, 蓝染布, 乌镇邮局, 古镇专属邮戳, 书生羊肉面, 定胜糕, 锦记糕点铺, 萝卜丝饼, 南栅慢生活, 原生态, 烟雨江南咖啡, 手艺人作坊, 蚕丝被制作, 自制方巾, 西栅包摇橹船, 夕阳, 白墙, 提灯夜游, 灯火星河, 文昌阁, 免费纸灯笼, 逢源双桥, 露天电影, 北斗湾, 水边观影氛围感",,,,,,,,,,,,,,
展馆由中国建筑设计研究院设计整体建筑风格定位为白透轻它以历史回望领先科技复合空间I未来等四大功能板块全景式呈现互联网科技发展历程集中式展示最新科技成果以及提供对未来科技应用场景的沉浸式体验更是乌镇世界互联网大会成果的重要展示窗口,8,"古镇原貌,商业水平不高,童年的梦",,,,,,,,,,,,,,
乌镇有很多场戏剧表演夜游乌镇在昭明书院偶遇的这场话剧妈妈的故事由一群青年演员倾情演绎非常感人值得一看,9,"乌镇,戏剧表演,夜游,昭明书院,话剧,妈妈的故事,青年演员,倾情演绎,感人,值得一看",,,,,,,,,,,,,,
烟雨江南如诗如画下雨天来是对的人少点还很有意境氛围感,8,"烟雨江南,如诗如画,下雨天,意境,氛围感",,,,,,,,,,,,,,
几个演员小姐姐都超漂亮,8,"演员,小姐姐,漂亮",,,,,,,,,,,,,,
来乌镇不想特种兵打卡就来这藏在居民区角落的茶咖沉浸式感受江南慢生活在南栅临河的角落不用进景区就可以打卡河对岸是老街也可以花上半小时走走逛逛找家临河的饭馆品品人间烟火气这才是乌镇的正确打开方式??,8,"居民区,茶咖,江南慢生活,南栅,临河,老街,饭馆,人间烟火气",,,,,,,,,,,,,,
我要飞到世界各地去~??带上属于我的竹蜻蜓~??,8,竹蜻蜓,,,,,,,,,,,,,,
调酒??很好喝 调酒师也很帅甚至会为了这个bar再去一趟乌镇点了这个骨髓松茸饭感觉有点腥可能是我不太适应这个口味吧下次试试另外一个饭三白这个调酒非常棒下次还想喝遗憾的是没点两只蝴蝶希望以后有机会来再喝这个驻唱的声音也很温柔一切都很美好人均100地址二次方咖啡吧,9,"调酒,调酒师,骨髓松茸饭,三白,驻唱,人均100,地址,二次方咖啡吧",,,,,,,,,,,,,,
第二站 乌镇,6,古镇原貌,商业水平不高,童年的梦,,,,,,,,,,,,
乌镇为什么姓乌乌镇有什么遗迹乌镇的守护神是谁乌镇除了东栅和西栅景区还有什么值得看且听乌镇文化导游小王给您讲讲乌将军和银杏的故事但有一点不好意思:视频中的银杏非1300多年的唐代银杏保护起来暂不开放而是遗落在乌镇南栅拥有好几百年历史的银杏树,1300,"乌镇, 遗迹, 守护神, 东栅, 西栅, 南栅, 银杏树",,,,,,,,,,,,,,
