评论,打分,积极评价要素词汇_1,积极评价要素词汇_2,积极评价要素词汇_3,积极评价要素词汇_4,积极评价要素词汇_5,积极评价要素词汇_6,积极评价要素词汇_7,积极评价要素词汇_8,积极评价要素词汇_9,积极评价要素词汇_10,积极评价要素词汇_11,积极评价要素词汇_12,积极评价要素词汇_13,积极评价要素词汇_14,积极评价要素词汇_15,积极评价要素词汇_16,积极评价要素词汇_17,积极评价要素词汇_18,积极评价要素词汇_19,积极评价要素词汇_20,积极评价要素词汇_21,积极评价要素词汇_22,积极评价要素词汇_23,积极评价要素词汇_24,积极评价要素词汇_25,积极评价要素词汇_26,积极评价要素词汇_27,积极评价要素词汇_28,积极评价要素词汇_29,积极评价要素词汇_30,积极评价要素词汇_31
我是裸辞旅行的小晏哥逛了很多江浙沪古镇在苏州找到了一个本地人都很少知道的地方震泽古镇震泽古镇游客极少免费无门票却有近千年的历史被称为丝绸之镇有着两处值得观赏的全国文保师俭堂和慈云禅寺我一个人沿河漫步半天在没有人挤人的江南水乡闲逛就很舒服???? 如何去震泽古镇震泽古镇位于??苏州吴江区古镇免费开放部分景点需要小门票自驾直接导航震泽古镇公交可以乘坐苏州7501路到师俭堂站?? 必逛景点推荐1?? 慈云禅寺始建于宋朝的古寺也是全国重点文物宝物单位六面五层高的慈云寺塔是震泽古镇的地标还有明清壁画遗留很值得观赏2?? 师俭堂典型的江南大宅建于清朝里面的锄经园被称为国内最袖珍的江南园林小而立体极美??3?? 禹迹桥与慈云寺相邻的清朝拱桥可以拍拱桥倒影4?? 宝塔街沿街很多茶店小吃非常有烟火气??震泽古镇不大都是当地人在里面生活可以安排半天时间慢逛坐在河边喝茶小憩茶店都不贵就很惬意,9,"震泽古镇,游客极少,免费无门票,近千年历史,丝绸之镇,沿河漫步,没有人挤人,慈云禅寺,师俭堂,全国文保,禹迹桥,宝塔街,烟火气,当地人在里面生活,河边喝茶,惬意",,,,,,,,,,,,,,,,,,,,,,,,,,,,,,
相比其他古镇的热闹上午八点的震泽老街格外清冷倒也不是古镇风光不够好实在是周庄同里乌镇南浔的名气太响了吧[笑哭R]震泽老街不算大却很有特点1??慈云禅寺全国重点文物保护单位相传是三国时期孙夫人的望夫塔2??禹迹桥老街水路的制高点登高可以俯瞰老街远眺文昌阁和頔塘桥3??仁里坊可以拍到宝塔老街弄堂三轮车的经典机位周边的师俭堂和四碗茶楼很有名4??老街茶楼沿河的宝塔街和南横街都是茶馆天气凉快的时候本地人最爱去一盏熏豆绿茶加一碟零食是标配,8,"清冷,古寺,慈云禅寺,禹迹桥,仁里坊,宝塔,老街,弄堂,三轮车,师俭堂,四碗茶楼,茶馆,熏豆绿茶",,,,,,,,,,,,,,,,,,,,,,,,,,,,,,
师俭堂始建于清朝嘉庆六年它以宝塔街为界分南北两部分是集河埠行栈商铺街道厅堂内宅花园下房等于一体的江南民居古建筑群堂内有处花园名为锄经园占地仅有半亩其间沿壁回廊假山半亭花卉树木均布局巧妙??索尼7CM2????????我是雨晴烟晚一位喜欢花花草草喜欢猫猫狗狗的摄影爱好者不定时分享苏州园林美景小动物等原图可??雨晴烟晚85自取照片均为原创创作不易禁止二改商用等转载请@本人感谢支持| 苏州旅行 | 苏州攻略 | 苏州拍照 | 每日打卡 || 记录生活 | 日常碎片 | 夏日赏花 | 每日壁纸 || 摄影日常 | 周末去哪儿 | 周末好去处 |,9,师俭堂,清朝嘉庆六年,宝塔街,河埠行栈,商铺街道,厅堂内宅,花园,下房,江南民居古建筑群,锄经园,假山半亭,花卉树木,布局巧妙,,,,,,,,,,,,,,,,,,
人少景美的千年古镇不收门票停车还免费,9,"人少,景美,千年古镇,不收门票,停车免费",,,,,,,,,,,,,,,,,,,,,,,,,,,,,,
震泽古镇 一个被人遗忘的江南小镇,4,"震泽古镇, 江南小镇, 被人遗忘",,,,,,,,,,,,,,,,,,,,,,,,,,,,,,
震泽古镇???一个被夏日阳光??眷顾的江南秘境??在这里??古朴的青石板路仿佛会讲故事??古老的建筑群像??是在诉说着千年的过往走在这座冷门的苏州古镇???你会发现这里的每一块砖瓦都有自己的历史??每一个角落都有属于自己的故事??-??景区门票古镇免费开放古镇内部分景点需小门票??地址苏州市吴江区震泽镇宝塔街12号??交通攻略乘坐苏州公交781路至石墩浜桥站或乘坐75017502路至师俭堂-??不可错过的震泽三绝1???慈云寺塔&禹迹桥两者的相互辉映是震泽的灵魂所在也是摄影爱好者的天堂??2???师俭堂这个百年老宅保存完好一步一景每个角落都散发着浓厚的历史韵味3???宝塔街这里汇集了各种当地特色小吃让你在品味传统美食的同时也能感受到浓浓的烟火气??-??美食推荐来到震泽别忘了尝试一下当地的特色小吃海棠糕定胜糕萝卜丝饼这些看似简单的食物却藏着让人回味无穷的味道-PS如果逛完古镇也可以去旁边的柴米多农场体验农耕文化的乐趣也??以坐在在田边的柴米多咖啡馆欣赏远离城市喧嚣的田园风光-@薯队长 @薯条小助手 @生活薯 @摄影薯 @日常薯 @城市情报官 @走走薯 @本地薯,10,"震泽古镇,夏日阳光,江南秘境,古朴,青石板路,古老,建筑群,千年的过往,冷门,苏州古镇,砖瓦,历史,故事,景区门票,古镇免费开放,慈云寺塔,禹迹桥,震泽的灵魂,摄影爱好者,师俭堂,百年老宅,一步一景,历史韵味,宝塔街,特色小吃,传统美食,烟火气,震泽三绝,海棠糕,定胜糕,萝卜丝饼,柴米多农场,农耕文化,柴米多咖啡馆,田园风光,城市喧嚣",,,,,,,,,,,,,,,,,,,,,,,,,,,,,,
??AAAA景区门票免费????自驾导航宝塔街停车场???免费??停车古镇不大纯逛的话一个多小时特色是??很多的茶楼价格实惠临河喝茶??非常惬意推荐这个卤菜馆听评弹吃卤菜缺点是人太多了??小吃的话比较多的就是糕点还有绕绕糖童年的回忆 人均五十能够吃饱喝足啦,8,"门票免费,停车古镇,茶楼价格实惠,临河喝茶,童年的回忆,人均五十",,,,,,,,,,,,,,,,,,,,,,,,,,,,,,
去了好几次木渎古镇总和明月古寺擦肩而过而在这座低调的千年古刹里却有着苏州人自己的小西天????周末走进这里一整个被震撼住了??天王殿里巨龙昂扬盘飞天王怒目而视脚踩小gui大雄宝殿里三大面墙的五百罗汉姿态各异活灵活现真的太太太太震撼了??现在还是泥塑阶段不敢想象等到彩绘完成后会有多惊艳??和我妹在里面慢慢地逛了一个多小时找到了熟悉的玄奘活佛济公哪吒还有腿巨巨巨长的罗汉三头六臂的泥塑??吹拉弹唱掏耳朵搓澡的罗汉??肚子上有只??型脸的天王而且从不同角度看天王有不同的感觉某个角度对视上感觉他们好像活了真的好有意思啊如果你周末想反向找个人少又有意思的地方那一定要来这里慢慢逛逛看看哦?苏州木渎古镇明月古寺门票????下午1-3点去光照斜在龙身上超有感觉??附近景点虹饮山房严家花园古松园灵岩山,10,"低调,震撼,巨龙,昂扬,盘飞,天王,怒目而视,脚踩小gui,大雄宝殿,三大面墙,五百罗汉,姿态各异,活灵活现,泥塑,彩绘,玄奘,活佛,济公,哪吒,腿巨巨巨长,罗汉,三头六臂,吹拉弹唱,掏耳朵,搓澡,肚子上有只??型脸,从不同角度看,感觉他们好像活了,有意思,人少",,,,,,,,,,,,,,,,,,,,,,,,,,,,,,
??震泽古镇真的是个很低调的古镇人少而且很惬意个人很喜欢这种人少安静的古镇小朋友可以肆意奔跑玩耍在这里你可以看到好多人在湖边茶馆点上一壶茶跟亲朋好友聊聊天晒晒太阳待到傍晚再赏个落日慢慢悠悠得回家去了??苏州市吴江区震泽古镇??门票免费??部分景点需收费?开放时间全天开放??师俭堂8:45-16:30文昌阁8:00-17:00???停车场宝塔街停车场免费??游玩景点这里拥有着二千多年历史是蚕丝之乡但是这里却极为低调保留着原生态人少很安静特别适合跟朋友家人坐在湖边茶馆喝杯茶聊聊天度过一个悠闲周末时光??景点打卡宝塔街师俭堂慈云寺塔禹迹桥 文昌阁??美食??阿婆圆子萝卜丝团子??老字号仁昌顺桂花糕定胜糕??铜锣鸡腿鸡腿??腌制入味的鸡腿炸得焦香酥脆肉质鲜嫩多汁萝卜丝饼也可以尝尝??四碗茶??38/套分别是待帝茶水铺鸡蛋熏豆茶和绿茶非常有特色店家还赠送瓜子花生果条干??贴心tips?古镇多为石板路不适合推推车?拍照建议清晨傍晚适合拍照?附近游玩太湖雪蚕桑文化园@薯队长@薯队长@薯条小助手@薯条小助手@生活薯@生活薯@摄影薯  @日常薯@日常薯@城市情报官  @走走薯@走走薯@本地薯,9,"低调,人少,安静,惬意,小朋友,奔跑,玩耍,湖边,茶馆,亲朋好友,聊聊天,晒晒太阳,落日,慢慢悠悠,回家,二千多年历史,蚕丝之乡,极为低调,保留,原生态,悠闲周末时光,宝塔街,师俭堂,慈云寺塔,禹迹桥,文昌阁,阿婆圆子,萝卜丝团子,仁昌顺,桂花糕,定胜糕,铜锣鸡腿,腌制入味,焦香酥脆,肉质鲜嫩多汁,萝卜丝饼,四碗茶,待帝茶,水铺鸡蛋,熏豆茶,绿茶,特色,赠送,瓜子,花生,果条干,石板路,不适合推推车,清晨,傍晚,适合拍照,太湖雪蚕桑文化园",,,,,,,,,,,,,,,,,,,,,,,,,,,,,,
"如画般的婉约苏州如果你喜欢江南水乡的宁静古朴苏州一定不会让你失望but, 苏州除了园林就是古镇基本没啥山山水水的自然景观[笑哭R]P2震泽古镇位于吴江区一点点大出片的就是慈云禅寺这一块P3山塘街白居易码头这个位置朝西适合日落时候拍如果有火烧云就更好了P4垂虹桥遗址有2段免费的小公园周边很多特色美食饭店图中这一段适合日落断桥另一头适合日出P5退思园位于同里古镇避开苏州市内知名园林人流的好去处精致小巧该有的都有非常出片的小园子P6同里积善堂避开人流的好地方P7阳澄湖天主教堂经典日落打卡机位P8石湖的天镜阁LKS相机漂流带火的地方推荐傍晚亮灯去拍P9东太湖阅湖台也是日落拍照的好地方有无人机的话可以俯瞰整个东太湖苏州湾P10金鸡湖周围一圈都是拍照的好地方天气好都很出片",1,"婉约,宁静,古朴,慈云禅寺,白居易码头,日落,火烧云,垂虹桥遗址,特色美食,饭店,退思园,同里古镇,积善堂,阳澄湖天主教堂,石湖,天镜阁,东太湖,阅湖台,金鸡湖",,,,,,,,,,,,,,,,,,,,,,,,,,,,,,
苏州市吴江区震泽古镇宝塔街上的市俭堂里的右侧仅数十平米的一小缕土地竟也能如此蔚为大观叠石起势为山低洼处落雨为水藤蔓缠绕青苔密布寥寥数支便可郁郁葱葱不规则的地块闪转腾挪间门洞廊桥半亭要素密布这弹丸之地竟然有山竟然有水竟然有林还有亭台楼阁廊腰缦回说实话这屁大点地方还没别处一个洗手间面积大这手笔惊了我因地制宜方寸之间早已龙飞凤舞于细微处做实于方寸之间见乾坤此乃中华根惊鸿一瞥这一瞥怕是要瞥到真东西了??,9,"蔚为大观,叠石起势,落雨为水,藤蔓缠绕,青苔密布,郁郁葱葱,门洞廊桥,半亭,山,水,林,亭台楼阁,廊腰缦回,因地制宜,方寸之间,龙飞凤舞,细微处,见乾坤,中华根惊鸿一瞥",,,,,,,,,,,,,,,,,,,,,,,,,,,,,,
-来震泽古镇玩真的要来逛逛本地人推荐的丝绸工厂店就在盛泽这边好多纺织厂 买丝绸的店也老多??这家工厂店听朋友说国内外奢牌的丝绸供应商江浙沪附近的?都是节假日开着车来买果真买丝绸就得去产地啊????居然还看到了ffq同款?真能挑到宝选的眼花缭乱??大人小孩 ??男士女士配饰?都有 ??地址苏州市吴江区北环路1988号?华佳工厂店进厂直走200米,9,"震泽古镇,丝绸工厂店,纺织厂,买丝绸,产地,ffq同款,宝,眼花缭乱,配饰,地址,华佳工厂店",,,,,,,,,,,,,,,,,,,,,,,,,,,,,,
震泽是一个小众但宁静致远的迷你古镇免费进入连停车场都免费的可以在自驾南浔古镇的路上留一个小时来打卡震泽古镇完全绰绰有余这两个景点之间大概11公里左右千万不要特地自驾而来关于景色这里没有沸腾的商业气息也没有接踵而至的游客但不影响古镇散发的闲散魅力宝塔街入口进去走到慈云禅寺上桥后可以眺望到古镇最美的水乡精致下桥后可以随意找一家茶馆沿河而坐不用特地四碗茶伺候你也能怡然自得的享受着慢时光关于美食老严卤菜馆这一整墙的荣誉和拿得出的卤菜绝对是这个镇子的重磅黑豆干咸甜度刚好口干扎实还有炖的酥烂的牛腱肉片配上苏式红汤面望一眼窗外临河的精致太下面饭了宝塔街入口处的仁昌顺超多点心门面外头有刚出炉的麦芽塌饼油墩子和各种米糕get了让人无法理解的苏轼绿豆汤初次尝试不觉得有啥不适糯米有嚼劲绿豆颗粒感十足冰薄荷风味恰如其分提神醒脑没感觉到是在喝风油精还搭配了五仁月饼里的青红丝这一杯把清凉解暑的气质拿捏的死死的还是很推荐尝试的头脑无比清醒的情况下还配了一快薄荷糕定胜糕的化身加持淡淡的青绿色跟古镇绝配,1,"小众,宁静致远,迷你古镇,免费进入,停车场,自驾,南浔古镇,震泽古镇,景点,商业气息,游客,闲散魅力,宝塔街,慈云禅寺,水乡精致,茶馆,慢时光,老严卤菜馆,荣誉,卤菜,黑豆干,咸甜度,口干扎实,牛腱肉片,苏式红汤面,临河,仁昌顺,点心,麦芽塌饼,油墩子,米糕,苏轼绿豆汤,糯米,嚼劲,绿豆颗粒感,冰薄荷风味,提神醒脑,风油精,五仁月饼,青红丝,清凉解暑,薄荷糕,定胜糕,青绿色",,,,,,,,,,,,,,,,,,,,,,,,,,,,,,
考运福地糕粽古镇??除了定胜糕你还能吃点啥????,4,"考运福地,糕粽古镇,定胜糕",,,,,,,,,,,,,,,,,,,,,,,,,,,,,,
1??定胜糕 超好吃的糕点不会特别甜造型也很漂亮2??油墩 香香香香的不行里面的肉还带点汤汁超喜欢3??萝卜丝饼 四块钱一个略贵 但是味道还是很不错的,1,"定胜糕,超好吃,糕点,不会特别甜,造型,漂亮,油墩,香香香香,肉,汤汁,超喜欢,萝卜丝饼,略贵,味道,不错",,,,,,,,,,,,,,,,,,,,,,,,,,,,,,
相比江南六大古镇我更喜欢人少景美的震泽古镇,9,"人少,景美",,,,,,,,,,,,,,,,,,,,,,,,,,,,,,
在师俭堂里的锄经园因为地处震泽而远离了游客喧嚣绿意盎然藤蔓交错纸墙斑驳苔花如米所呈现出的一方幽静天地足够我发呆一整天,9,"师俭堂,锄经园,震泽,游客喧嚣,绿意盎然,藤蔓交错,纸墙斑驳,苔花如米,幽静天地",,,,,,,,,,,,,,,,,,,,,,,,,,,,,,
休闲就想走走看看喝喝茶聊聊天推荐黎里古镇还是震泽古镇?,6,休闲,走走,看看,喝喝茶,聊聊天,黎里古镇,震泽古镇,,,,,,,,,,,,,,,,,,,,,,,,
休闲就想走走看看喝喝茶聊聊天推荐黎里古镇还是震泽古镇?,7,"休闲,走走,看看,喝喝茶,聊聊天,黎里古镇,震泽古镇",,,,,,,,,,,,,,,,,,,,,,,,,,,,,,
震泽古镇白墙黛瓦古桥流水漫步其间邂逅江南旧梦感受岁月静好,10,"震泽古镇,白墙黛瓦,古桥流水,漫步,邂逅,江南旧梦,感受,岁月静好",,,,,,,,,,,,,,,,,,,,,,,,,,,,,,
这是个并不出名的江南小镇远不及十几公里外南浔古镇的热闹但是在这里你可以走可以停可以想也可以不想最重要的是你可以不被人群和所谓的机位裹挟......,7,"江南小镇,热闹,走,停,想,不被人群,机位,裹挟",,,,,,,,,,,,,,,,,,,,,,,,,,,,,,
应该是游客最少的江南小镇了吧比邻南浔古镇却鲜有游客傍晚的夕阳伴着古塔暮钟炊烟袅袅吃完晚饭的居民在河边遛弯闲谈好不悠闲大学的每个寒暑假都在这里度过当时并无心思去欣赏它的悠闲与美丽多年后再次返回才慢慢感受到它的一点魅力那是一种飘摇中的安心路过一家花店四十多度的高温两只猫咪被笼养在门外店主不知所踪猫咪热得直吐舌头哈大气真让人生气??给吃的还是大米饭这么热都馊了,4,"游客最少,江南小镇,南浔古镇,鲜有游客,夕阳,古塔暮钟,炊烟袅袅,居民,河边遛弯闲谈,悠闲,美丽,飘摇中的安心,花店,猫咪,笼养,高温,店主不知所踪,大米饭,热都馊了",,,,,,,,,,,,,,,,,,,,,,,,,,,,,,
古镇一衣带水老房子寺庙与塔都在同一边地方不大但造型优美别致特别是墙面很有特色古镇离南浔古镇不远开车仅17分钟游南浔时有时间可以将震泽古镇一并游了虽距离不远却是从浙江湖州到苏州了震泽古镇是江苏吴江的一个镇临近春节圆拱门遮了一个布帘圆拱门与塔同框的照最近拍不了了看到了河边玉兰含苞待放看到了枯萎的凌霄藤想来花开时候的震泽古镇更漂亮春夏秋三季回程特意绕了下去双林镇看三塔文昌阁在河边位于东边西边就是三桥有无人机的朋友拍拍桥上日出不错文昌阁楼上可观三桥但今天去时在维修上不了楼,8,"古镇,老房子,寺庙,塔,地方不大,造型优美别致,墙面,特色,南浔古镇,震泽古镇,江苏吴江,圆拱门,塔,河边,玉兰,含苞待放,凌霄藤,花开,春夏秋,双林镇,三塔,文昌阁,河边,东边,西边,三桥,无人机,桥上日出,维修",,,,,,,,,,,,,,,,,,,,,,,,,,,,,,
七都八都都应该知道的巨好吃本帮菜馆开了27年老店每天都爆满可想而知有多好吃材料基本都是自己家做的又便宜又真材实料白切肥肠好软糯第一次吃这么duang的肥肠还有烩三鲜里自家炸的排骨怎么能这么香去柴米多稻田咖啡不知道去哪吃饭可以试试这家,27,"好吃,本帮菜馆,开了27年,老店,爆满,材料,自己家做的,便宜,真材实料,白切肥肠,软糯,duang,烩三鲜,自家炸,排骨,香",,,,,,,,,,,,,,,,,,,,,,,,,,,,,,
最近都在看稻田发现苏州震泽的柴米多农场有一个坐拥65亩稻田风光的咖啡馆而且杭州开车过去才1.5小时之前总觉得开车去苏州至少要2个半小时以上另外农场还有民宿餐厅和果园和家属带着宝宝去农场住了一晚感叹了一下还得是江苏的农村啊-柴米多的稻田咖啡馆建筑本身就很好看和边上的自然教育中心像阅读室偶尔有展览一起整个长条形的像船只加上65亩稻田包括荷塘水杉林白色房屋和木栈道如果航拍应该会更好看就像船只漂浮在水面上也因为生态丰富所以在稻田里散步奔跑的时候很有乡下生活的惬意感-落地窗面朝稻田室内外各有各的惬意也因为稻田面积特别大所以如果国庆去也不怕人挤人也能拍出没人的照片-咖啡馆里有自己的创意饮品是稻米和咖啡的结合一份咖啡里有一杯浓缩一杯米乳一杯稻米冰淇淋一杯冰水先吃冰淇淋再品尝一下米乳最后把浓缩分别倒进以上饮品自制特调味道竟然还不错而且米乳19月龄宝宝也能喝-除了咖啡馆我们还在柴米多住民宿吃云南菜还去了震泽古镇2天1晚的行程很轻松等我攻略-??店名柴米多稻田咖啡馆??地址在苏州震泽导航柴米多稻田咖啡馆就可以边上不远就有个公共停车场?营业时间09:00-18:00??小贴士上午人很少傍晚时分的稻田在夕阳下会更金黄拍照会更好看,1,"稻田风光,咖啡馆,民宿,餐厅,果园,宝宝,江苏,农村,柴米多,稻田咖啡馆,建筑,自然教育中心,阅读室,展览,荷塘,水杉林,白色房屋,木栈道,生态,乡下生活,落地窗,室内外,国庆,人挤人,创意饮品,稻米,咖啡,米乳,稻米冰淇淋,冰水,特调,味道,云南菜,震泽古镇,行程",,,,,,,,,,,,,,,,,,,,,,,,,,,,,,
锄经园是江苏震泽古镇上的老宅师俭堂中的一方庭院园主是清朝同治年间的当地首富徐汝福因在太平天国运动发展迅猛时倡导节俭并囤积粮食组织团练保卫乡里后得到李鸿章赏识出任江苏抚恤总局局长成为了集官儒商于一身的一代名流如果要把园主的人生成功经验总结成一点一个俭字足以不要小看节俭这个看似老掉牙的美德对于徐汝福来说是他在社会动荡时期自救救人的密钥从潜意识空间拓扑来看它是锄经园中截断洄游并大规模蓄能的四面厅从个人能量层面来说它能挽救内耗让我们意识保持高频率与家运而言是保持家宅充满爱与福泽的基础从修行角度来看它是去往彼岸的机票储蓄罐另想借此机会特别感谢一下@骀宕 从我第一次研习锄经园时就非常慷慨地让我引用了他所绘制的平面图和照片后期还特地把更完整的资料发给了我在这个大环境中能遇到这样优秀且慷慨友善的陌生人非常感动此篇的平面图来自他所提供的资料特此感谢??,9,"锄经园,师俭堂,徐汝福,节俭,太平天国运动,李鸿章,江苏抚恤总局局长,官儒商,美德,社会动荡,自救救人,四面厅,内耗,家运,爱与福泽,修行,彼岸,机票储蓄罐,平面图,照片,资料,骀宕,优秀,慷慨友善,陌生人",,,,,,,,,,,,,,,,,,,,,,,,,,,,,,
师俭堂始建于清朝嘉庆六年它以宝塔街为界分南北两部分是集河埠行栈商铺街道厅堂内宅花园下房等于一体的江南民居古建筑群堂内有处花园名为锄经园占地仅有半亩其间沿壁回廊假山半亭花卉树木均布局巧妙??索尼7CM2????????我是雨晴烟晚一位喜欢花花草草喜欢猫猫狗狗的摄影爱好者不定时分享苏州园林美景小动物等原图可??雨晴烟晚85自取照片均为原创创作不易禁止二改商用等转载请@本人感谢支持| 苏州旅行 | 苏州攻略 | 苏州拍照 | 每日打卡 || 记录生活 | 日常碎片 | 夏日赏花 | 每日壁纸 || 摄影日常 | 周末去哪儿 | 周末好去处 |,7,"师俭堂,清朝嘉庆六年,宝塔街,河埠行栈商铺街道厅堂内宅花园下房,江南民居古建筑群,锄经园,半亩,沿壁回廊假山半亭花卉树木,布局巧妙",,,,,,,,,,,,,,,,,,,,,,,,,,,,,,
对于小吃货的来说简直就是天堂啊减不减肥不重要吃才是来这里的最佳目的才是生活的味道在这里人均100元可以从头吃到尾享受一天碳水的快乐有了美食才有了这一趟的定制之旅??古镇门票免费??开放时间全天   小景点 08:00-17:00??地址苏州市吴江区震新南路1333号??交通自驾直接导航即可抵达苏州火车站乘坐轨交4号线同里方向松陵大道站下乘坐吴江震泽专线票价6元专线大约20分钟一班在震泽汽车站下车车程大约40分钟左右.票价5元???震泽生态旅游停车场??餐饮美食震泽古镇上的餐饮以茶楼为主比较推荐四碗茶楼沿河的茶楼古色古香卖得是震泽的特色四碗茶茶资从10元起到40元不等店家还会赠送一碟瓜子每桌放一个大热水瓶可免费续杯[一R]仁昌顺?定胜糕?油墩萝卜丝饼油墩6元/个定胜糕排队买的人真的太多了现做现卖的超级香[二R]四碗茶楼待帝茶??绿茶水泡鸡蛋??熏豆茶震泽的百姓有事没事就喜欢坐在河边喝喝茶聊聊天享受这里的慢生活人均20元[三R]阿婆团子??香青菜做馅老字号本地人爱吃并强烈推荐的5元/个旁边还有梅花糕价格一样[四R]仁安轩?蛋黄馄饨这是招牌之一据说也是网红小吃之一鲜肉包裹咸蛋黄一口下去实在满足一碗有八只蛋黄馄饨噢?鲜肉汤圆第一次知道鲜肉馅儿的汤圆个头大?鳝丝面他们家的鳝丝面真的很棒宁可不吃蛋黄馄炖也要来一碗鳝丝面必吃蛋黄馄饨18元/碗鳝丝面??25元/份[五R]浜兜一家咖啡店?豆子??牛奶??都用了非常不错的材料咖啡很赞店里还有很多糕点人均28元[六R]老严卤菜馆姜鸭面最经典可以配当地的黑豆干酱豆干等小菜人均20元[七R]王记海棠糕豆沙馅的海棠糕带着焦糖的浓香外皮松脆内里甜软给人温温柔柔的感觉一如江南水乡的模样除此之外古镇上还有很多美食一定要去吃,1,"天堂,生活的味道,人均100元,碳水的快乐,定制之旅,古镇门票免费,开放时间全天,沿河的茶楼,古色古香,四碗茶,震泽特色,茶资,赠送瓜子,免费续杯,仁昌顺,定胜糕,油墩,萝卜丝饼,排队,现做现卖,四碗茶楼,待帝茶,绿茶水泡鸡蛋,熏豆茶,慢生活,阿婆团子,香青菜做馅,老字号,梅花糕,仁安轩,蛋黄馄饨,网红小吃,鲜肉汤圆,鳝丝面,浜兜一家咖啡店,老严卤菜馆,姜鸭面,黑豆干,酱豆干,王记海棠糕,豆沙馅,焦糖,外皮松脆,内里甜软,江南水乡,古镇美食",,,,,,,,,,,,,,,,,,,,,,,,,,,,,,
位于震泽古镇的徐家大宅师俭堂是一个保存完好的清末古建前后六进建筑面积3500余平米房屋147间各类雕刻244幅......,6,"保存完好,清末古建,前后六进,建筑面积,房屋,各类雕刻",,,,,,,,,,,,,,,,,,,,,,,,,,,,,,
如果假期想体验人少慢节奏的生活可以来距离苏州一小时的吴江震泽那么这份旅游攻略记得收藏哦第一站太湖雪蚕桑文化园在千亩桑园里感受千年蚕桑文化这里不仅是育蚕种桑的基地更是一个自然的课堂还可以在这里来上一把户外越野 吃一份秋日里的柴火饭 在露营采摘中感受一下这村上美食 田园滋味儿下午来到这里必打卡的震泽古镇漫步在古镇欣赏頔塘河两岸风光走过禹迹桥打卡慈云禅寺看看这江南水乡大宅门师俭门再去宝塔老街逛逛在阿婆团子店来个菜花头团子仁昌顺 来一份重阳糕 或者去买些黑豆腐干带回家要是累了呢就在浜兜咖啡临河而坐让时光悄然溜走晚上来到镇上的这家老严卤菜馆吃上一碗面一碗酱鸭面也成为了这镇上有名的美食距离古镇200米的博阳开元名庭酒店 又或者是宝塔街上的西坡民宿 是游览完古镇住宿的理想选择住在这座千年古镇沉浸在这份属于水乡的柔情中,10,"人少,慢节奏,太湖雪蚕桑文化园,千年蚕桑文化,自然的课堂,户外越野,柴火饭,露营,采摘,村上美食,田园滋味,震泽古镇,頔塘河,禹迹桥,慈云禅寺,江南水乡大宅门,师俭门,宝塔老街,阿婆团子店,菜花头团子,仁昌顺,重阳糕,黑豆腐干,浜兜咖啡,临河而坐,老严卤菜馆,酱鸭面,博阳开元名庭酒店,西坡民宿,水乡的柔情",,,,,,,,,,,,,,,,,,,,,,,,,,,,,,
???震泽古镇??位于吴江西南部是吴江的西大门震泽古镇有着两千多年的历史这里没有喧闹的人群??没有过度的商业本地居民在此生活漫步??在小镇上每块砖 每片瓦都写着自己的历史仿佛诉说着千年的历史??导航震泽古镇 东门地上停车场??停车场停车很方便 免费?入场时间全天开放 建议830-1700??无需预约 免费??景点攻略禹迹桥.宝塔街.文昌阁.师检堂总路程不算多沿河环线行走??主打休闲 漫步 品茶 放空??推荐半日逛吃休闲游不需考虑住宿问题.??美食推荐1??四碗茶楼沿河而坐喝茶 嗑瓜子 享受慢生活.2??仁昌顺舌尖上的中国传统老字号 都是糯叽叽美食麦芽塌饼 定胜糕 菜花团 都很推荐品尝.薄荷绿豆汤第一次来建议品尝跟传统认知的绿豆汤不是一种3??仁安轩蛋黄馄饨 鳝丝面.4??萝卜丝饼 海棠糕 遇到都可以品尝.,1,"震泽古镇,没有喧闹的人群,没有过度的商业,本地居民,每块砖,每片瓦,历史,停车场停车很方便,免费,全天开放,禹迹桥,宝塔街,文昌阁,师检堂,休闲,漫步,品茶,放空,四碗茶楼,沿河而坐,喝茶,嗑瓜子,慢生活,仁昌顺,中国传统老字号,糯叽叽美食,麦芽塌饼,定胜糕,菜花团,薄荷绿豆汤,仁安轩,蛋黄馄饨,鳝丝面,萝卜丝饼,海棠糕",,,,,,,,,,,,,,,,,,,,,,,,,,,,,,
震泽古镇位于吴江西南部是吴江的西大门震泽古镇有着两千多年的历史这里没有喧闹的人群没有过度的商业本地居民在此生活导航震泽古镇东门地上停车场  停车场停车很方便免费入场时间全天开放建议8:30-17:00无需预约免费推荐半日逛吃休闲游不需考虑住宿问题1.仁昌顺舌尖上的中国传统老字号都是粘糯微甜一股子米香味但还是更喜欢热乎现做的味道2.四碗茶楼四碗茶楼沿河而坐喝茶嗑瓜子享受慢生活待帝茶绿茶水泡鸡蛋 熏豆茶震泽的百姓有事没事就喜欢坐在河边喝喝茶聊聊天享受这里的慢生活人均20元我比较喜欢一杯白茶喝茶氛围更佳3.阿婆团子香青菜做馅老字号本地人爱吃并强烈推荐的5元个旁边还有梅花糕价格一样阿婆 一天只做200个青团一做就是50年超级推荐黑豆干越嚼越香回味无穷4.仁安轩必吃蛋黄馄饨18元碗鳝丝面25元份网红且好吃5.浜兜一家咖啡店豆子牛奶都用了非常不错的材料咖啡很赞店里还有很多糕点人均28元6.老严卤菜馆姜鸭面最经典可以配当地的黑豆干酱豆干等小菜人均20元主打拍照 漫步 喝茶 聊天 美食 放空 半天时间足以,1,"震泽古镇,两千多年的历史,没有喧闹的人群,没有过度的商业,本地居民,生活,免费入场,全天开放,推荐,半日逛吃休闲游,仁昌顺,中国传统老字号,粘糯微甜,米香味,热乎现做,四碗茶楼,沿河而坐,喝茶嗑瓜子,慢生活,震泽的百姓,聊天,阿婆团子,香青菜做馅,老字号,本地人爱吃,强烈推荐,梅花糕,黑豆干,越嚼越香,回味无穷,仁安轩,蛋黄馄饨,网红且好吃,浜兜一家咖啡店,豆子牛奶,不错的材料,咖啡很赞,糕点,老严卤菜馆,姜鸭面,经典,黑豆干,酱豆干,小菜,拍照,漫步,喝茶,聊天,美食,放空,半天时间",,,,,,,,,,,,,,,,,,,,,,,,,,,,,,
震泽古镇位于江苏省苏州市吴江区西南部与浙江省毗邻古称吴头越尾是吴江的西大门震泽古镇是一个拥有二千多年历史的江南名镇也是中国著名的蚕丝之乡慈云寺塔慈云禅寺原名广济寺始建于宋度宗赵禥咸淳年间1265-1274年相传始建于三国赤乌年间已有1750多年历史是一座砖身木檐楼阁式的塔总高38.44米塔的外观为六面五层由回廊塔壁塔心组成走累了随意走入一个茶馆三杯两盏淡茶整个人才算真正置身于江南水乡君到姑苏见人家尽枕河游客不多民风淳朴放松休闲好去处,1,"震泽古镇,二千多年历史,江南名镇,慈云寺塔,慈云禅寺,广济寺,砖身木檐楼阁式,六面五层,茶馆,三杯两盏淡茶,人家尽枕河,游客不多,民风淳朴,放松休闲",,,,,,,,,,,,,,,,,,,,,,,,,,,,,,
最讨厌的城市就是震泽,1,无,,,,,,,,,,,,,,,,,,,,,,,,,,,,,,
Hi~ 这是我第4??篇推荐江浙沪冷门古镇的笔记前面三篇是湖州南浔双林古镇丽水缙云河阳古民居和绍兴诸暨斯宅村这次我来到了苏州吴江区的震泽古镇也欢迎大家推荐宝藏冷门古镇等我去打卡.或许是太湖这一片苏州-上海-嘉兴-湖州的古镇太多也或许是震泽镇本就经济实力强大以至于大家都忽略了震泽古镇这一旅游景点虽然位于镇上的繁华地段但古镇内却极其冷清安静只有三三两两的游客穿梭其中而桥上路上更多的是生活着的本地的人.??苏州吴江区震泽古镇??自驾可直接导航至震泽古镇禹迹路停车场古镇周边停车都方便??公共交通可坐大巴车到震泽汽车站附近城市和景区嘉兴/湖州/南浔古镇/乌镇等都有直达或过路车到这里交通很方便??景区无门票个别景点可单独购票.??古镇不大一河一街便能走完推荐打卡???宝塔街???砖雕门楼???禹迹桥???慈云禅寺???师俭堂.,8,"古镇内,冷清,安静,本地的人,宝塔街,砖雕门楼,禹迹桥,慈云禅寺,师俭堂",,,,,,,,,,,,,,,,,,,,,,,,,,,,,,
一姑苏区主要景点拙政园天下园林之母布局精巧环境优雅留园建筑风格独特园林艺术精致虎丘苏州的象征之一网师园布局精巧水景美丽平江历史街区苏州老城区的代表旅游建议拙政园和留园适合慢慢游览和拍照虎丘塔是必看景点网师园适合喜欢安静和深度游览平江历史街区适合步行体验老苏州风情二吴中区主要景点西山岛湖光山色美丽水果资源丰富木渎古镇古老的运河桥梁和古民居灵岩山山上的灵岩寺是著名的佛教胜地山下的古镇则是体验当地生活的好去处天平山红叶景观独特道教文化古老闻名天池山山上的天池山下有许多古老的寺庙和文化遗址旅游建议西山岛适合自驾或乘坐游船前往木渎古镇推荐游览严家花园和虹饮山房了解明清时期建筑风格灵岩山适合喜欢爬山和佛教文化的游客天平山秋季山上的红枫非常美丽三虎丘区主要景点树山生态村岛苏州的后花园花山自然风景区地质景观奇特山景美丽白龙涧龙池风景区溪流清澈瀑布群壮观太湖湿地公园观鸟和赏湖的绝佳去处太阳山国家森林公园山上的森林和山下的湖泊构成了一幅美丽的画卷旅游建议树山生态村岛可以尝试农家乐花山自然风景区适合徒步和摄影爱好者太湖湿地公园适合观鸟和赏湖带上望远镜和相机太阳山国家森林公园适合全家出游四吴江区主要景点同里古镇东方小威尼斯震泽古镇历史文化底蕴深厚水乡风情独特亨通太湖湖景美丽娱乐设施丰富黄金海岸享受阳光沙滩和水上活动的好去处胜地生态园集生态农业休闲旅游和科普教育为一体东太湖生态园湖景美丽生态资源丰富旅游建议同里古镇建议错峰游览震泽古镇适合深度体验水乡文化亨通太湖适合休闲度假胜地生态园适合亲子游东太湖生态园适合骑行和散步五其他区主要景点北太湖景区湖光山色和丰富的娱乐设施凤凰山景区山上的古寺和山下的古镇构成了一幅美丽的画卷月亮湾湖水清澈环境优美金鸡湖周边以商业设施和休闲娱乐场所为主莲花岛莲花美丽寺庙古老十里斜塘运河古老风光美丽旅游建议北太湖景区可以结合附近景点游览凤凰山景区适合喜欢文化和历史的游客月亮湾适合傍晚游览欣赏日落金鸡湖灯光秀非常美丽莲花岛岛上有很多寺庙和文化遗产十里斜塘适合骑行或散步,9,"古镇原貌,商业水平不高,童年的梦",,,,,,,,,,,,,,,,,,,,,,,,,,,,,,
愈发不敢在节假日出行了人潮涌动的街头巷尾让人喘不过气哪怕是在广阔的名山大川之间也会被挤得水泄不通所以小众冷门的人文景点自然风光愈发深得我心我也愈发喜欢去探索它们从细微处窥见乾坤位于苏州市吴江区的震泽古镇就是一个颇为小众的千年古镇我是通过费孝通先生的江村经济认识它的也是因为这本书走进了震泽震泽古镇是一个因丝聚商的江南水乡已有2000余年历史有吴头越尾之称为物华天宝人杰地灵之地关于这个地方我已多次分享所见所闻今天主要是推荐一下师俭堂师俭堂是震泽古镇颇有名气的建筑之一拥有六大建筑特点有江南第一堂之美誉我是在雨天游览的师俭堂恰逢春末夏初恰逢在五一小长假之前宁静祥和的氛围使得我对师俭堂的印象极为深刻??划重点??这是一座反映晚清工商绅士坐行经商这一时代特点的代表性建筑??六大建筑特点如下?集河埠行栈店铺街道厅堂内宅花园下房八种建筑于一身布局精巧功能齐全?街中建宅宅内含街街从宅中过这是江浙市镇中比较罕见的?建筑的第四进为敞开式这在江南地区的古宅中极为少见?雕刻艺术丰富?防潮工艺先进?拥有江南最小之一园林仅0.63亩亭台楼阁回廊假山花卉树木一应俱全??苏州市吴江区震泽古镇宝塔街上??古镇不收费但师俭堂需要门票有套票出售具体现场咨询,9,"小众冷门,人文景点,自然风光,震泽古镇,千年古镇,费孝通先生,江村经济,江南水乡,2000余年历史,吴头越尾,物华天宝人杰地灵,师俭堂,晚清工商绅士,坐行经商,河埠行栈,店铺街道,厅堂内宅,花园下房,布局精巧,功能齐全,街中建宅,宅内含街,街从宅中过,敞开式,雕刻艺术丰富,防潮工艺先进,江南最小之一园林,亭台楼阁,回廊假山,花卉树木,苏州市吴江区,宝塔街",,,,,,,,,,,,,,,,,,,,,,,,,,,,,,
师俭堂的建筑部分最值得看的就是门楼的砖雕和建筑木雕建筑内共有244幅雕刻其中砖雕27幅石雕4幅木雕213幅图[一R][二R]牛腿木雕图[三R]四面厅里的木雕花篮第三进门楼的精美月梁木雕雕梁画栋的具象化图[六R]福禄寿喜图[七R]孔明迎主 也有人说是刘备招亲但是站在船头的人拿着羽扇一看就是诸葛亮图[八R]状元及第图[九R]月梁两端的龙纹云纹图[一R][零R]梁之间的凤纹当然这些都是修复过的根据残留的轮廓还原雕刻内容和当年营建时一样修复也是东阳的木雕工匠完成仔细看里面还有未经修复过的原木雕人物面部都在特殊年代被凿去图[一R][三R]梅兰竹菊四君子漆雕由清代竹刻名家金之骏刊刻图[一R][四R][一R][五R] 雕花门窗,8,"门楼,砖雕,建筑木雕,雕刻,木雕花篮,精美月梁木雕,雕梁画栋,福禄寿喜,孔明迎主,刘备招亲,状元及第,龙纹云纹,凤纹,修复,东阳的木雕工匠,原木雕,人物面部,梅兰竹菊四君子,漆雕,刊刻,雕花门窗",,,,,,,,,,,,,,,,,,,,,,,,,,,,,,
在苏州震泽古镇上有座私家宅园师俭堂其东侧有座袖珍花园名曰锄经园占地仅400多平方米但半亭假山回廊洞门老藤等园林构成要素皆具整座袖珍园林特别静谧几乎没什么游人师俭堂锄经园在苏州园林名录中编号为43,8,"袖珍花园,静谧,游人少,园林构成要素",,,,,,,,,,,,,,,,,,,,,,,,,,,,,,
以清简许清欢人少闲适自然,8,"人少,闲适,自然",,,,,,,,,,,,,,,,,,,,,,,,,,,,,,
盛泽没有乌镇周庄的流量野心却把反卷刻进基因的宝藏小城周末在盛泽做了一日闲散游侠更像是误入都市传说GDP千亿镇竟把文旅写成散文诗找到唯一的景点先蚕祠推开乾隆年间的雕花木门看蚕神娘娘垂眸俯瞰人间烟火戏台/古碑/庭院里藏着半部丝绸史半小时结束了先蚕祠的观光出门左转遇见烧卖博物馆的蒸汽还有布满创意小店橱窗的小巷把节奏放慢吃几个烧麦喝一杯茶发发呆然后才想明白盛泽的文旅哲学有庙修庙无庙种桑让商业的归商业文化的归文化建议把盛泽放进反焦虑旅行清单来看现代版大隐隐于市在机器轰鸣与市井烟火交织处读懂江南最务实的浪漫主义,9,"古镇原貌,商业水平不高,童年的梦,文旅哲学,反焦虑,大隐隐于市,江南,浪漫主义",,,,,,,,,,,,,,,,,,,,,,,,,,,,,,
挑战震泽夜市100元吃点什么,100,古镇原貌,商业水平不高,童年的梦,,,,,,,,,,,,,,,,,,,,,,,,,,,,
震泽古镇位于苏州吴江靠近南浔古镇整个古镇依河而建分布在河两岸古镇不大很多人坐在河边悠闲的喝茶随便走走一小时就可以转完在附近可以顺便过来特意过来不太值得古镇的阿婆菜团子个人喜欢菜的大于豆沙蒸一下更软糯凉的偏硬聚顺号黑豆干有点甜王极海棠糕里面有猪油块仁昌顺的桂花糕非常软糯香甜都还不错据说泳良的糕点更好吃因为出行人多没单独去找[笑哭R]返程路上可以顺便游玩一下万公堤公园是个看日落的好地方[赞R],6,"震泽古镇,依河而建,河边,悠闲,喝茶,阿婆菜团子,软糯,聚顺号黑豆干,甜,王极海棠糕,猪油块,仁昌顺的桂花糕,软糯香甜,万公堤公园,看日落",,,,,,,,,,,,,,,,,,,,,,,,,,,,,,
纸张素描纸 160g尺寸15cm*21cm画笔中性笔 0.5mm 绿?,5,纸张素描纸,160g,尺寸15cm*21cm,画笔,中性笔,0.5mm,绿,,,,,,,,,,,,,,,,,,,,,,,,
"震泽古镇烟雨天青色的江南秘境""我找到了周庄平替这个免费的天青色古镇美到失语""?? 超强攻略干货?? 交通定位苏州吴江区震泽镇自驾导航""震泽古镇停车场""上海出发1.5h直达?? 门票惊喜古镇免费开放慈云寺塔6元登顶俯瞰全景?? 出片王炸点1?? 禹迹桥倒影清晨7点独享水墨画场景2?? 頔塘河畔廊棚带油纸伞穿素色旗袍更绝3?? 师俭堂雕花窗光影魔术手下午3点开演4?? 宝塔街茶馆二楼窗边拍青瓦雨帘电影感?? 暗藏美食 仁昌顺定胜糕非遗手艺的粉色浪漫 老严卤鸭馆30年老灶台的琥珀蜜汁 四碗茶铺熏豆茶+水潽蛋的吴侬软语""总要下一趟江南吧在梅子黄时雨的清晨等禹迹桥漫起青雾看頔塘河揉碎慈云塔影穿行三百年宝塔街青石板敲响明朝的回音转角遇见木椽垂落的紫藤在颓圮马头墙上开出新的年轮坐在頔塘河廊棚下尝四碗茶的三重意境头碗水潽蛋漾着柴火香二碗熏豆茶浮沉人生况味三碗清茶倒映天光云影这里不是乌镇周庄是更鲜活的江南标本当所有古镇开始雷同震泽依然守着最本真的水乡作息""",10,"震泽古镇,天青色,江南秘境,周庄平替,免费,慈云寺塔,禹迹桥,頔塘河畔,廊棚带,油纸伞,旗袍,师俭堂,雕花窗,光影魔术,宝塔街,茶馆,仁昌顺定胜糕,非遗手艺,老严卤鸭馆,老灶台,四碗茶铺,熏豆茶,水潽蛋,吴侬软语,梅子黄时雨,禹迹桥,青雾,頔塘河,慈云塔影,宝塔街,青石板,木椽,紫藤,马头墙,廊棚,四碗茶,水",,,,,,,,,,,,,,,,,,,,,,,,,,,,,,
去了好几次木渎古镇总和明月古寺擦肩而过而在这座低调的千年古刹里却有着苏州人自己的小西天????周末走进这里一整个被震撼住了??天王殿里巨龙昂扬盘飞天王怒目而视脚踩小gui大雄宝殿里三大面墙的五百罗汉姿态各异活灵活现真的太太太太震撼了??现在还是泥塑阶段不敢想象等到彩绘完成后会有多惊艳??和我妹在里面慢慢地逛了一个多小时找到了熟悉的玄奘活佛济公哪吒还有腿巨巨巨长的罗汉三头六臂的泥塑??吹拉弹唱掏耳朵搓澡的罗汉??肚子上有只??型脸的天王而且从不同角度看天王有不同的感觉某个角度对视上感觉他们好像活了真的好有意思啊如果你周末想反向找个人少又有意思的地方那一定要来这里慢慢逛逛看看哦??苏州木渎古镇明月古寺门票????下午1-3点去光照斜在龙身上超有感觉??附近景点虹饮山房严家花园古松园灵岩山,10,"低调,震撼,巨龙,昂扬,盘飞,天王,怒目,小gui,大雄宝殿,五百罗汉,姿态各异,活灵活现,泥塑,彩绘,玄奘,活佛,济公,哪吒,腿巨巨巨长,三头六臂,吹拉弹唱,掏耳朵,搓澡,罗汉,肚子,脸,角度,光照,人少,有意思",,,,,,,,,,,,,,,,,,,,,,,,,,,,,,
比起网红景点我更爱这些被遗忘的江南古镇,8,网红景点,被遗忘,江南古镇,,,,,,,,,,,,,,,,,,,,,,,,,,,,
应该是游客最少的江南小镇了吧比邻南浔古镇却鲜有游客傍晚的夕阳伴着古塔暮钟炊烟袅袅吃完晚饭的居民在河边遛弯闲谈好不悠闲大学的每个寒暑假都在这里度过当时并无心思去欣赏它的悠闲与美丽多年后再次返回才慢慢感受到它的一点魅力那是一种飘摇中的安心路过一家花店四十多度的高温两只猫咪被笼养在门外店主不知所踪猫咪热得直吐舌头哈大气真让人生气??给吃的还是大米饭这么热都馊了,6,"游客最少,江南小镇,南浔古镇,鲜有游客,夕阳,古塔暮钟,炊烟袅袅,居民,河边遛弯闲谈,悠闲,美丽,飘摇中的安心,花店,猫咪,笼养,高温,店主不知所踪,给吃的,大米饭,热都馊了",,,,,,,,,,,,,,,,,,,,,,,,,,,,,,
踏过禹迹桥的青石板抬眼便是慈云塔的飞檐勾月古桥与禅塔遥遥对望一俯一仰间写尽了江南的禅意与温柔慈云寺塔始建于三国赤乌年间238-251年为六面五层砖木楼阁式古塔高38.44米是吴江唯一保存至今的古塔塔与頔塘河禹迹桥相映成趣构成慈云夕照的震泽八景之首2023年修缮后重新开放游客可登临前三层俯瞰水乡画卷感受四面湖光绕中流塔影悬的诗意,10,"禹迹桥,青石板,慈云塔,飞檐勾月,古桥,禅塔,遥遥对望,江南,禅意,温柔,慈云寺塔,三国赤乌年间,六面五层砖木楼阁式,古塔,頔塘河,水乡画卷,诗意",,,,,,,,,,,,,,,,,,,,,,,,,,,,,,
关于小小戴的店,5,古镇原貌,商业水平不高,童年的梦,,,,,,,,,,,,,,,,,,,,,,,,,,,,
"震译古镇,位于江苏省苏州市吴江区西南部,与浙江省毗邻古称吴头越尾是吴江的西大门震泽镇是一个拥有二千多年历史的江南名镇,也是我国著名的蚕丝之乡",7,"震泽古镇,二千多年历史,江南名镇,蚕丝之乡",,,,,,,,,,,,,,,,,,,,,,,,,,,,,,
如何在有限的空间内打造出一种阔然开朗的感觉师俭堂的锄经园可谓是做到了极致身处于四面厅中既可见亭廊楼阁等典型园林元素水是一座园林的血脉锄经园中没有水但却是灵动的了解到园主人还是位崇尚俭朴学识修养深厚的人师俭堂的名字就如主人的人生追求除了惊艳我还能说些什么呢,10,"师俭堂,锄经园,四面厅,亭廊楼阁,园林元素,水,血脉,灵动,主人,崇尚俭朴,学识修养,师俭堂的名字,人生追求",,,,,,,,,,,,,,,,,,,,,,,,,,,,,,
??震泽是个隐谧的mini江南水乡??塘河自西向东串联起水乡生活??小镇2个小时就能转完有精力的朋友很推荐傍晚去趟南浔悠闲逛吃??住宿我还是喜欢在震泽小镇人少清静,8,"隐谧,mini江南水乡,塘河,水乡生活,人少清静",,,,,,,,,,,,,,,,,,,,,,,,,,,,,,
年初二没地方去震泽古镇逛一逛顺便喝杯咖啡本来以为会有好看的杯子但是都给了纸杯不知道是不是因为客人太多了??咖啡一般般送的巧果和米糕很好吃 爱吃在对面小店买了三个pxx玩具小朋友的快乐就是这么简单了,1,"古镇,咖啡,巧果,米糕,玩具,小朋友,快乐",,,,,,,,,,,,,,,,,,,,,,,,,,,,,,
遇见最美江南记录8个苏州古镇的诗意瞬间作为一个摄影爱好者我走遍了苏州的8大古镇今天分享一些私藏的拍摄机位和时间点让你也能拍出充满诗意的江南画卷~??甪直古镇最佳拍摄点永安桥清晨5:30-7:00河面升起薄雾站在桥的西侧拍摄能捕捉到晨光穿透雾气的梦幻场景我最爱在这个时候用50mm定焦低角度构图让粼粼波光和老房子的倒影相互辉映??震泽古镇必打卡报恩塔黄昏时分的塔影倒映在水中特别震撼小技巧是用广角镜头构图时让塔身略微偏离画面中心保留更多水面倒影会让画面更有层次感??木渎古镇绝佳机位山塘街雨后的石板路最上相我一般会选择雨后的傍晚用35mm定焦对准石板路上的积水拍摄倒映出的灯火和老建筑特别有意境??千灯古镇私藏时段夜幕初降古镇最迷人的时刻是华灯初上尤其是千灯浦边推荐使用三脚架慢门拍摄水中倒影让河面的灯火形成梦幻的光斑拍摄小贴士早晚黄金光线时段必须把握雨天反而是拍摄的好时机注意保留建筑的完整性可以用当地居民作为画面点缀构图时善用倒影和留白后期建议适当提升暗部细节控制好色温不要过度偏冷画面对比度适中更有韵味?,10,"江南,古镇,诗意,拍摄,机位,时间点,永安桥,薄雾,晨光,梦幻,报恩塔,塔影,震撼,山塘街,石板路,积水,灯火,老建筑,意境,千灯浦,华灯初上,三脚架,慢门,光斑,河面,居民,点缀,构图,倒影,留白,暗部细节,色温,对比度,韵味",,,,,,,,,,,,,,,,,,,,,,,,,,,,,,
一个不爱美的人只要去了趟苏州总会不自觉地对美产生了向往比如穿着美美的旗袍改良版坐在美美的河畔吃着美美的四碗茶看着美美的风景最后收获了美美的心情与美好时光来到众所周知的蚕宝宝的故乡震泽我应穿上一套丝绸面料的旗袍去喝茶才是但来不及去挑选就已经被古镇入口的一家四碗茶茶楼所吸引在震泽喝茶的称呼为吃茶这是本地人对茶饮的特有方式在过去只有新女婿或贵宾上门才能吃得到呢有意思的是震泽并不产茶但茶风盛行本地人喜欢周边的上海人或苏州市区的人也喜欢经常在周末的时候就开车至此享受慢悠悠的小镇生活尤其是坐在水边上享用四碗茶几乎成为了震泽古镇的一道风景线四道茶分别是水潽鸡蛋饭糍茶熏豆茶和绿茶在过去水潽鸡蛋专门招待新女婿的饭糍茶又称待帝茶相传招待过永乐皇帝熏豆茶顾名思义以熏青豆为主料配以胡萝卜干白芝麻绿茶叶目前震泽熏青豆制作技艺已入选吴江区非物质文化遗产保护名录依照过去的讲究这道茶要吃得干干净净但最后一杯绿茶就比较随意了前三道茶吃得讲究到了最后客人一边与主人拉着家常一边慢慢品味宾主共饮清茶一杯才正是君子之交淡如水回味隽永?店名四碗茶楼?人均20元?茶楼的最佳位置是沿河而坐店老板是一个很有意思的老太太会跟你说四碗茶的来历?茶点有瓜子花生等如果想吃糕点旁边就是仁昌顺??苏州市吴江区震泽古镇宝塔街古镇入口就能看见,9,"美,旗袍,河畔,四碗茶,风景,心情,美好时光,蚕宝宝,震泽,丝绸,古镇入口,四碗茶茶楼,吃茶,本地人,上海人,苏州市区,周末,小镇生活,水边,水潽鸡蛋,饭糍茶,熏豆茶,绿茶,新女婿,贵宾,熏青豆,非物质文化遗产,四碗茶楼,人均20元,沿河而坐,店老板,老太太,茶点,瓜子,花生,糕点,仁昌顺,苏州市,吴江区,震泽古镇,宝塔街,古镇入口",,,,,,,,,,,,,,,,,,,,,,,,,,,,,,
没有想到在苏州吴江区还藏着一个古朴的小镇--震泽朴素宁静恬淡惬意我想把一切关于岁月静好的名词都送给它时光在这里就是用来慢慢消磨的总结了来震泽古镇一定要做的10件小事你们快来打卡呀.??一定要去古镇街角的仁昌顺吃一颗油墩儿??一定要尝一尝古镇才有的定胜糕??一定要去震泽四碗茶楼喝一碗本地特色的四碗茶??一定要去仁安轩吃一碗蛋黄馄炖??一定要去老严面馆吃一碗酱鸭面??一定要去师检堂看一看那一百年约定的白木香??一定要去吃一颗阿婆团子??一定要去浜兜咖啡喝一杯每日鲜语牛奶打造的拿铁??一定要穿旗袍在古街上走一走拍拍照??一定要去西坡民宿住一晚感受低调优雅的古镇生活.??古镇门票免费??开放时间全天   小景点 08:00-17:00??地址苏州市吴江区震新南路1333号??交通震泽位于苏州吴江区自驾直接导航即可抵达苏州火车站乘坐轨交4号线同里方向松陵大道站下乘坐吴江震泽专线也可从苏州打车或拼车前往大约60公里左右,10,"古朴, 朴素, 宁静, 恬淡, 惬意, 岁月静好, 慢慢消磨, 古镇街角, 仁昌顺, 油墩儿, 定胜糕, 四碗茶楼, 四碗茶, 仁安轩, 蛋黄馄炖, 老严面馆, 酱鸭面, 师检堂, 白木香, 阿婆团子, 浜兜咖啡, 拿铁, 古街, 旗袍, 西坡民宿, 低调优雅, 古镇生活, 门票免费, 全天开放",,,,,,,,,,,,,,,,,,,,,,,,,,,,,,
"24年震泽参赛作品[拔草R]设计灵感[私信R]设计围绕大赛""丝致""主题将震泽古镇元素揉入其中致以震泽震泽古镇民居富有特色以白墙呈矩阵排列形式感强在图形设计中提炼震泽民居的剪影画面通过丝绸围绕形成矩形的透视空间有如万花筒的绚丽并运用新中式格融入古镇场景有锦鲤跃龙门的福气有震泽万花的生机蓬勃欣欣向荣生生不息[火R]关于震泽古镇真的找了好多图片希望有机会一去太太太美了小桥流水北方人还是很想再去感受一下江南美景的咱就是这次也是加入了经典的民居结构[彩虹R]和大家一起分享有好的设计想法也可以互相交流[气球R]禁止直接盗用当作业参加请自重欢迎交流学习",9,"震泽古镇, 古镇元素, 震泽民居, 特色, 白墙, 矩阵排列, 形式感, 剪影画面, 丝绸, 矩形透视空间, 万花筒, 新中式格, 锦鲤跃龙门, 福气, 震泽万花, 生机蓬勃, 欣欣向荣, 生生不息, 小桥流水, 江南美景, 经典民居结构",,,,,,,,,,,,,,,,,,,,,,,,,,,,,,
师俭堂的建筑部分最值得看的就是门楼的砖雕和建筑木雕建筑内共有244幅雕刻其中砖雕27幅石雕4幅木雕213幅图[一R][二R]牛腿木雕图[三R]四面厅里的木雕花篮第三进门楼的精美月梁木雕雕梁画栋的具象化图[六R]福禄寿喜图[七R]孔明迎主 也有人说是刘备招亲但是站在船头的人拿着羽扇一看就是诸葛亮图[八R]状元及第图[九R]月梁两端的龙纹云纹图[一R][零R]梁之间的凤纹当然这些都是修复过的根据残留的轮廓还原雕刻内容和当年营建时一样修复也是东阳的木雕工匠完成仔细看里面还有未经修复过的原木雕人物面部都在特殊年代被凿去图[一R][三R]梅兰竹菊四君子漆雕由清代竹刻名家金之骏刊刻图[一R][四R][一R][五R] 雕花门窗,9,"门楼,砖雕,建筑木雕,雕刻,木雕,石雕,雕梁画栋,孔明迎主,刘备招亲,状元及第,龙纹云纹,凤纹,修复,东阳的木雕工匠,原木雕,漆雕,金之骏,刊刻,雕花门窗",,,,,,,,,,,,,,,,,,,,,,,,,,,,,,
在天目里和和创园的柴米多餐厅吃过好几次云南菜每次去都会想着什么时候有机会去一趟云南当得知柴米多在苏州震泽的农场距离杭州只有1.5小时车程而且农场里有民宿供销社咖啡馆稻田果园和家属一拍即合决定带上宝宝去柴米多农场过周末-柴米多扎根土地主张生态种植不定期举办土地生产活动让大家能够更好地去了解体验自然生产生活相关的一切农场的民宿??带有院子一楼是餐厅和供销社可以品尝柴米多经典的云南菜看到很多云南的在地农产品民宿房间干净极简高层高加上天窗房间的采光和光影都很棒-稻田咖啡馆?在民宿马路对面的长条船型白色建筑里坐在咖啡馆的落地窗前65亩稻田风光一览无遗正值稻田丰收季一望无际的黄色稻田让人心情都开阔许多稻田里还有拍照打卡装置加上白色房屋水杉林傍晚时分在稻田里走走是理想的乡下生活咖啡馆出品的稻米咖啡我很喜欢一份咖啡里有稻米冰淇淋米乳浓缩把稻米和咖啡结合是很有创意的吃法-另外咖啡馆边上就是自然教育中心更像是多功能阅览室展示了农业知识不定期举办展览还有各类书籍可以翻阅-农场10月开始有??稻田收割体验适合国庆来安排一日游喝稻米咖啡体验割稻谷在餐厅吃云南菜在稻田里拍照秋天体验值拉满-分享一下我们一家三口的2天1夜行程D1柴米多民宿-柴米多稻田咖啡馆-柴米多餐厅D2:众安桥村民宿所在的村落-震泽老严卤菜馆-震泽古镇,1,"柴米多, 云南菜, 苏州震泽, 农场, 民宿, 供销社, 咖啡馆, 稻田, 果园, 生态种植, 土地生产活动, 自然生产生活, 房间, 干净极简, 天窗, 采光, 光影, 稻田咖啡馆, 落地窗, 黄色稻田, 打卡装置, 白色房屋, 水杉林, 稻米咖啡, 稻米冰淇淋, 米乳浓缩, 自然教育中心, 多功能阅览室, 农业知识, 展览, 书籍, 稻田收割体验, 国庆, 一日游, 众安桥村, 老严卤菜馆, 震泽古镇",,,,,,,,,,,,,,,,,,,,,,,,,,,,,,
"震泽古镇位于苏州市吴江区西南部与浙江省毗邻古称吴头越尾是一个拥有二千年历史的江南古镇也是我国五大蚕桑古镇之一震泽是太湖的古称因此震泽古镇也是江南古镇中唯一一个与太湖同名的古镇与诸多迂回曲折的江南古镇不同宽阔的頔塘河穿镇而过两岸白墙黛瓦的建筑沿河铺开没有常见的小桥流水人家的场景反而多了几分扑面而来的简约大气?基础信息??地址江苏省苏州市吴江区宝塔街10号?时间全天景点营业时间:8:4517:00??古镇门票免费??景点门票联票70慈云禅寺师俭堂文昌阁中国太湖农家菜文化展览馆江苏省农具博物馆??交通高铁到苏州站然后坐地铁??4号线到松陵大道1A出口转吴江震泽专线?景点介绍:1?慈云寺坐落在震泽镇宝塔街上是一座建于宋咸淳年间公元1265-1274年)的古刹后寺庙多次被毁唯塔独存寺中的慈云寺塔始建于三国赤乌年间为全国第七批重点文物保护单位是一座砖身木檐楼阁式的塔传说是孙尚香为寄托思夫之情所建颇具传奇色彩慈云寺塔虽历经沧桑仍翼角轻举玲珑挺秀塔的外观为六面五层由回廊塔壁塔心组成谓之慈云夕照为震泽八景之最2?禹迹桥康熙五十四年为纪念大禹治水功绩而建位于宝塔街东横跨頔塘河与慈云寺相邻禹迹桥为单孔石拱桥宽4.30米长43.50米桥面刻有各类吉祥图案东西两面分别刻有对联禹迹桥与不远处的慈云寺塔互为借景形成拱桥塔影落日夕照的景观3?师俭堂建于清同治三年(1864),位于宝塔街西段坐北朝南三面临水可前门上轿后门下船,水陆称便,为典型的江南水乡大宅门师俭堂面阔五间六进穿堂式高墙深宅集河埠行栈商铺街道厅堂内宅花园下房于一体,街中建宅,宅内含街是一座反映晚清工商绅士坐行经商时代特点和地方特色的代表性建筑2006年被列为全国第六批重点文物保护单位?美食推荐1?仁昌顺始创于清同治三年百年老字号这里最有名的定胜糕其色泽淡红,松软香糯带甜甜的豆沙味曾出现在舌尖上的中国第三季中2? 四碗茶楼这里的四碗茶一套仅需38元待帝茶水潽鸡蛋熏豆茶和清茶这四碗茶先甜后咸再淡每一碗都独具滋味3?老严卤菜馆这里的酱鸭面最经典搭配当地的黑豆干还可以边吃边听苏州评弹惬意极了",1,"震泽古镇,二千年历史,五大蚕桑古镇,頔塘河,白墙黛瓦,简约大气,慈云寺,宋咸淳年间,慈云寺塔,三国赤乌年间,全国第七批重点文物保护单位,砖身木檐楼阁式,孙尚香,禹迹桥,康熙五十四年,大禹治水,单孔石拱桥,吉祥图案,师俭堂,清同治三年,江南水乡大宅门,高墙深宅,晚清工商绅士,仁昌顺,定胜糕,舌尖上的中国第三季,四碗茶楼,四碗茶,甜,咸,淡,老严卤菜馆,酱鸭面,黑豆干,苏州评弹",,,,,,,,,,,,,,,,,,,,,,,,,,,,,,
在师俭堂里的锄经园因为地处震泽而远离了游客喧嚣绿意盎然藤蔓交错纸墙斑驳苔花如米所呈现出的一方幽静天地足够我发呆一整天,10,"师俭堂,锄经园,震泽,游客喧嚣,绿意盎然,藤蔓交错,纸墙斑驳,苔花如米,幽静天地",,,,,,,,,,,,,,,,,,,,,,,,,,,,,,
震泽是一个非常非常小的镇子靠近乌镇和南浔但是离各个高铁站不太近适合自驾游主要景点都集中在宝塔街从街口的仁昌顺走到街尾的慈云寺塔只需要5分钟如果考虑在震泽住一晚的话可以在四晚茶楼吃早点四碗茶是震泽的特色了熏豆茶是最特别的一款里面加了豌豆胡萝卜柚子皮茶叶和白芝麻是咸味的茶汤师俭堂是震泽古镇的重头戏30元门票在大夏天可以包场袖珍花园值回票价拍照出片二楼没必要可以不上去地板很旧吱呀吱呀吓人蚊子有??,7,"小,靠近乌镇和南浔,适合自驾游,宝塔街,仁昌顺,慈云寺塔,四晚茶楼,熏豆茶,咸味,师俭堂,30元门票,袖珍花园,值回票价,拍照出片",,,,,,,,,,,,,,,,,,,,,,,,,,,,,,
厌倦了人潮涌动的热门古镇???那就让心灵启程前往一个不为人知的秘境吧震泽古镇你的避世之选-??坐标苏州吴江区震泽镇无门票入镇??交通公交781路至石墩浜桥或7501/7502直达师俭堂便捷直达古镇深处-??必游亮点?慈云寺塔&禹迹桥古韵悠悠最佳拍照CP定格你的古风美照?师俭堂穿越百年感受古宅的深邃与故事仿佛时光倒流?宝塔街美食天堂从经典小吃到地道糕点满足你对美食的所有幻想?古桥流水漫步古镇不要错过那些横跨水面的古桥它们见证了古镇的悠悠岁月每一步都踏着历史的回响-?特色茶饮四碗茶?特色小吃海棠糕定胜糕油墩萝卜丝糕?特色美食酱鸭面鳝丝面蛋黄混沌快来感受古镇的宁静与美好留下难忘的回忆,9,"震泽古镇,苏州吴江区震泽镇,慈云寺塔,禹迹桥,师俭堂,宝塔街,古桥流水,四碗茶,海棠糕,定胜糕,油墩,萝卜丝糕,酱鸭面,鳝丝面,蛋黄混沌",,,,,,,,,,,,,,,,,,,,,,,,,,,,,,
震泽古镇是开放的只有少数景点需要门票和周庄同里相比没有了那些道闸让人感觉这里更像是生活区那些景点反而是点缀其实景区的开发也只针对东半部分从慈云寺走到师俭堂几乎就算逛完了但我需要介绍的是如果你有时间可以往深再走走那些巷子里还有许多故事-1?? 第一站得从禹迹桥和慈云寺塔开始这是震泽的标志东侧还有座原址重建的文昌阁能登楼慈云寺塔前面有详细介绍过也能登塔有比较好的视野塔刹占比大外观翼角轻举玲珑挺秀拱桥塔影值得守候到日落2?? 第二站必然是师俭堂前面也有详述过3?? 第三站庆余堂虽然没有开放但廊枋的雕花挺精细的这属于走在小巷里的小惊喜4?? 第四站震泽虹桥震泽三大名桥之一桥心石雕有回旋水纹桥楹石龙门石也都有各种雕刻还有桥联算是标准的苏州石桥但他原来并不在这个位置是易地迁建的北侧还有一个丝业公学旧址民国建筑震泽就以丝业出名的5?? 第五站王锡阐墓王锡阐是明末清初天文学家暨数学家曾独立发明计算金星水星陵日的方法后来震泽还出过几位有位的天文领域的行家这算是震泽最引以为豪的人物了隔壁的中学也有许多天文相关的小品或建筑6?? 第六站尊经阁原来是图书馆藏书楼的现在建筑感觉有些奇怪其实原来是二层的重修后改为三层正常情况下这里不对外开放7?? 第七站震泽耶稣老教堂没有开放8?? 致德堂从清末建到民初其实也就历时三年楼厅里有花篮式步柱看点不少但现在已封住了______???????????? ??????????????????位置江苏苏州市吴江区 震泽古镇??门票?时长半天???停车禹迹路停车场免费车位多七牛行路深度探访古建筑古城遗址石窟石刻关注我?? 每天给你分享小众人文景点及路线安排,1,"开放,生活区,禹迹桥,慈云寺塔,震泽标志,文昌阁,登楼,慈云寺塔,视野,塔刹,外观,翼角,玲珑挺秀,拱桥塔影,日落,师俭堂,庆余堂,雕花,小巷,小惊喜,震泽虹桥,桥心石雕,回旋水纹,桥楹石,龙门石,雕刻,桥联,苏州石桥,易地迁建,丝业公学旧址,民国建筑,丝业,王锡阐墓,王锡阐,天文学家,数学家,发明,金星水星陵日,天文领域,震泽中学,天文相关,尊经阁,图书馆藏书楼,重修,三层,耶稣老教堂,致德堂,花篮式步柱,清末,民初",,,,,,,,,,,,,,,,,,,,,,,,,,,,,,
丝业重镇震泽古镇虽然属于苏州吴江区其实于浙江湖州的南浔更紧密相依古镇不大景点也不多但人文历史还是比较深厚19世纪后期到20世纪初震泽的蚕丝洋经加工和贸易拓展至海外市场达到顶峰P1-P2 震泽古镇慈云禅寺创建于宋咸淳年间公元1265-1274年 原名广济寺明正统年间1436-1449年重建并赐名慈云禅寺慈云寺塔相传建于三国时期P3-P7 师剑堂原主人徐汝福生于清道光十八年1838年官至礼部郎中他是明代徐旷的十四世孙在清同治年间不仅担任官职还从事商业活动经营的丝经和米粮业务师剑堂是集河埠行栈商铺街道厅堂内宅花园下房等于一体的江南民居古建筑群建筑面积3534.10平方米大小房屋150余间建筑很有特色砖雕石雕木雕共有244幅雕刻收费参观P8师俭堂更楼瞭望台更楼是内宅的看守在师剑堂东北角贴墙而建更夫巡更守夜前可俯瞰全宅防卫严密更楼上拍慈云寺塔P9-P10徐汝福经营的米行米行有码头连頔塘河P11震泽古镇与运河相连的頔塘河P12禹迹桥?禹迹桥始建于清康熙五十四年1715年P13文昌阁建于清乾隆三十六年1771年1840年重修登阁西望宝塔古寺老街荻塘河尽收眼底P14宝塔街仁安坊P15丝业公学旧址震泽丝业公学不仅是震泽丝业公会为业内子弟就学而建的学校也是震泽丝业公会的重要活动场所见证了震泽丝业的发展P16震泽江丰农工银行1919年开业是苏州吴江最早出现的民营商业银行由震泽名门施氏家族开设首任董事长施肇曾施氏家族出了很多名人其中有中国红十字会事业奠基人施则敬和中国第一任驻美公使施肇基1923年施肇曾和施肇基兄弟在家乡震泽创设震泽中学育英学校,7,"震泽, 古镇, 丝业重镇, 吴江区, 浙江湖州, 南浔, 人文历史, 蚕丝, 洋经加工, 贸易拓展, 海外市场, 慈云禅寺, 宋咸淳年间, 广济寺, 明正统年间, 慈云禅寺, 慈云寺塔, 三国时期, 师剑堂, 徐汝福, 清道光十八年, 礼部郎中, 徐旷, 清同治年间, 商业活动, 丝经, 米粮业务, 江南民居, 古建筑群, 砖雕, 石雕, 木雕, 更楼, 瞭望台, 更夫, 巡更守夜, 米行, 頔塘河, 运河, 禹迹桥, 清康熙五十四年, 文昌阁, 清乾隆三十六年, 宝塔街, 仁安坊, 丝业公学, 震泽丝业公会, 震泽江丰农工银行, 民营商业银行, 施氏家族, 施肇曾, 施肇基, 震泽中学, 育英学校",,,,,,,,,,,,,,,,,,,,,,,,,,,,,,
"震译古镇,位于江苏省苏州市吴江区西南部,与浙江省毗邻古称吴头越尾是吴江的西大门震泽镇是一个拥有二千多年历史的江南名镇,也是我国著名的蚕丝之乡",6,"震泽古镇,二千多年历史,江南名镇,蚕丝之乡",,,,,,,,,,,,,,,,,,,,,,,,,,,,,,
摄影by@切片化验室此时一名清澈愚蠢的中年少女发出暴鸣太好看了衣服真的嘎嘎出片自恋的我嗷嗷叫,8,"清澈,愚蠢,中年少女,暴鸣,好看,衣服,出片,自恋",,,,,,,,,,,,,,,,,,,,,,,,,,,,,,
在苏州众多的古镇中震泽并不算太出名但它却是唯一与太湖别称同名的江南古镇是蚕丝文化发源地.暮春的一个下午带着家人与这座小镇来了一次偶遇在完全没有做功课的前提下直接冲了过去发现古镇不大却挺有意思.两条老街沿河而建河北岸的叫宝塔街才没走几步就是师俭堂了P3-P7)这是一座始建于清同治三年1864的大宅子当地士绅徐氏一家曾在此居住和经商江南园林和宅院逛了不少刚进去并无太多吸引我的地方与众多大宅子相似方正的厅堂高悬的匾额整齐的桌椅反倒是拐入一个小院子让我眼前一亮花园又窄又长的一条经过精心设计竟然有一种别有洞天的感觉长廊假山亭台楼阁一应俱全着实令人称奇.出了大宅往前走街上有各类美食咖啡文创的店铺有不少人家都种着月季鲜花盛开还蛮漂亮的P9)宝塔街尽头便是慈云禅寺了P10-P12)寺中的宝塔为国家重点文物寺庙的规模也不小只是我们去的时候没什么人可以尽情静心地逛.翻过禹迹桥左转往前百来米是文昌阁P13)与其他地方相比这里的有点特别建在河中央的一座小岛上不知何意折返后往前走这条位于河南岸的叫驳岸路沿街的店家几乎是家家户户都经营着茶馆P15)临河一侧支起阳伞三三两两的客人坐落其间品茗赏景聊天好不惬意我甚至猜测这里的大部分茶客都是本地人午后来这里找老朋友喝个茶谈个天也是消磨时光的最佳方式.Tips1停车在古镇的周边有好几个停车场最近的一个就在师俭堂后面而且不收费但旅游旺季如何不太清楚2门票师俭堂和文昌阁要凭票进入师俭堂30元文昌阁8元老人小孩可享受减免优惠另外驳岸街靠近禹迹桥那边有一家中国太湖农家菜文化展览馆和江苏省农机具博物馆好像也需要买票因对这些无感没去也没关注其他地方都可以随便逛均不需要门票3美食临河的茶座都不贵看了一眼在人均二三十左右老街入口处有一家叫仁昌顺的糕饼店我们买了一个刚出炉的鲜肉油墩吃味道还行与江南其他地方的口感相似,8,"震泽,太湖别称,江南古镇,蚕丝文化发源地,暮春,家人,小镇,偶遇,老街,沿河而建,宝塔街,师俭堂,清同治三年,大宅子,士绅徐氏,江南园林,宅院,方正的厅堂,高悬的匾额,整齐的桌椅,小院子,花园,窄长,精心设计,别有洞天,长廊,假山,亭台楼阁,街,美食,咖啡,文创店铺,月季,鲜花盛开,慈云禅寺,宝塔,国家重点文物,寺庙规模,禹迹桥,文昌阁,特别,河中央,小岛,驳岸路,茶馆,临河,阳伞,客人,品茗赏景,聊天,本地人,消磨时光,停车场,不收费,旅游旺季,门票,减免优惠,中国太湖农家菜文化展览馆,江苏省农机具博物馆,临河茶座,人均二三十,仁昌顺,糕饼店,鲜肉油墩",,,,,,,,,,,,,,,,,,,,,,,,,,,,,,
如果觉得周庄人山人海太过拥挤那不妨到距离它不远的锦溪古镇走一走这是一个拥有两千多年历史的江南水乡还有中国民间博物馆之乡的美誉诸多名胜古迹人文景观和明清建筑特别是这里的36座古桥放眼整个江南都不多见-??锦溪古镇??适合自驾上海出发约1小时苏州城区出发约40分钟??高铁至昆山南站打车约25分钟或乘公交133路前往昆山汽车站可乘公交130路??古镇游览免费但是参观莲池禅院张省美术馆及各民间博物馆需门票-?锦溪古桥这里有36座桥72只窑的美誉每座古桥都有其独特造型和历史很具观赏性比如始建于南宋的十眼桥里和桥普庆桥节寿桥红木桥具庆桥等等-?民间博物馆古镇的民间博物馆非常多紫砂馆中原文化馆砖瓦馆古董馆名人馆张省美术馆等等-?莲池禅院始建于南宋临湖寺前还有一片荷塘夏日非常的漂亮秋冬也是别样的风景-?陈妃水冢在湖中央四面环水据说是南宋皇帝赵构的宠妃陈妃的墓地远望别有一种神秘而宁静的美-?文昌阁临水而建也是古镇的文化地标-??锦溪古镇的特色美食很多奥灶面袜底酥海棠糕锦溪鱼干等等,1,"锦溪古镇,江南水乡,民间博物馆之乡,名胜古迹,人文景观,明清建筑,古桥,自驾,上海,苏州,昆山南站,公交,免费游览,莲池禅院,张省美术馆,民间博物馆,紫砂馆,中原文化馆,砖瓦馆,古董馆,名人馆,十眼桥,里和桥,普庆桥,节寿桥,红木桥,陈妃水冢,南宋,赵构,宠妃,神秘,宁静,文昌阁,临水,文化地标,特色美食,奥灶面,袜底酥,海棠糕,锦溪鱼干",,,,,,,,,,,,,,,,,,,,,,,,,,,,,,
走过山林湖泊沙漠大海如今来到这座姑苏古镇??西坡震泽度假民宿位于江苏省苏州市吴江区宝塔街44号开业于2021年??民宿仅由7间房组成分布在古宅内建筑的基底是一座历史悠久的百年宅院设计上依然保持着修旧如旧的手法赋予这一座座明清院落建筑的新生在此同时且又保持旧时居民的生活动线三座院落串联且具有亲密感白墙黛瓦墙面又带着一丝时间的肌理保留了江南建筑的风韵和宅院的古朴也完美融入2000余年的震泽古镇室内墙面采用了手工感白色肌理乳胶漆地面除了常用的水磨石外部分区域还增加铺设了蓝橙相见的复古花砖搭配古朴雕花窗碰撞出了摩登且活跃的气氛格局布置十分通透各个区域的窗都有不同的别致风景充满时间韵味的古建筑阳光下的长廊复古花砖砌成的泳池再加上大量的木质家具运用营造了古色古香的入住氛围低矮厚重的沙发椅搭配着花色刺绣靠枕再次将震泽的特色融入其中中心院落内的复古泳池极为夺目复古花砖泳池与铁艺软装的搭配在老石板的地面上打造一个时尚与历史交融的空间泳池对面保留了一百多年前的牌坊匠心雕刻的精美图案是时间留给我们的记忆廊檐高低过道交错一步一景皆是一副画正是这样的细节让客人感受到松弛惬意的氛围丰富与细腻古与新创造浪漫且又舒适的度假空间??设计团队@西坡设计 CIPO DESIGN软装方案@西坡设计 CIPO DESIGN摄影团队@萳茜与南西,10,"古镇原貌,百年宅院,修旧如旧,江南建筑,风韵,古朴,手工感,白色肌理乳胶漆,水磨石,复古花砖,古朴雕花窗,摩登,活跃,通透,别致风景,时间韵味,阳光,长廊,木质家具,古色古香,低矮厚重,沙发椅,花色刺绣靠枕,特色,复古泳池,铁艺软装,老石板,时尚与历史交融,牌坊,匠心雕刻,精美图案,记忆,廊檐,高低过道,交错,一步一景,细节,松弛惬意,丰富,细腻,古与新,浪漫,舒适,度假空间",,,,,,,,,,,,,,,,,,,,,,,,,,,,,,
上个月底去了趟苏州行程全权由吴江的朋友负责都是他们去过的地方跟着走就行了行程安排Day1????常州出发吴江市区吃中饭??长漾里入住体验做米糕漆扇子??柴米多CHIMIDO稻田咖啡馆喝下午茶??江村饭店吃晚饭??震泽古镇走走河边喝茶Day2????村子里转转看看稻田??可以去参观一下太湖雪蚕桑园这里离湖州很近我们出发去了南浔古镇逛小莲庄吃午饭喝咖啡坐摇撸船??长漾里?集民宿餐饮文化体验研学手工作坊为一体的乡村体验地?小朋友体验了做米糕漆扇自己做的米糕特别好吃?我们住的是双喜的双床房价格400+性价比还可以??柴米多CHIMIDO稻田咖啡馆?面朝稻田现在去能看到一片金黄的稻田了户外也有很多景观位在这看落日应该也很不错?这里属于柴米多自然教育中心的一部分有一面墙的书架放了很多书籍和绘本可以免费借阅??江村饭店靠近太湖雪蚕桑园环境不错上菜速度也很快口味中规中矩吧??震泽古镇?免费开放夜景有点黑很多店都关门了人也不多?买了老太太的黑豆腐干说是比较正宗又咸又甜早上搭粥不错仁昌顺的定胜糕卖完了没有尝到?路过河边茶楼看到有很多大爷大妈喝茶聊天我们也加入了点了一杯熏豆茶第一次喝到咸口的茶有点喝不下??南浔古镇?免费开放部分景点需购票这里面推荐小莲庄人少景美?中午吃的南浔印象餐厅就在南门口环境味道都还可以?摇撸船可以体验下有4个码头南门进来离小莲庄码头最近但人比较多我们从张静江码头上船人要少一些,1,"长漾里,柴米多CHIMIDO稻田咖啡馆,江村饭店,震泽古镇,南浔古镇,小莲庄,摇撸船",,,,,,,,,,,,,,,,,,,,,,,,,,,,,,
遇见最美江南记录8个苏州古镇的诗意瞬间作为一个摄影爱好者我走遍了苏州的8大古镇今天分享一些私藏的拍摄机位和时间点让你也能拍出充满诗意的江南画卷~??甪直古镇最佳拍摄点永安桥清晨5:30-7:00河面升起薄雾站在桥的西侧拍摄能捕捉到晨光穿透雾气的梦幻场景我最爱在这个时候用50mm定焦低角度构图让粼粼波光和老房子的倒影相互辉映??震泽古镇必打卡报恩塔黄昏时分的塔影倒映在水中特别震撼小技巧是用广角镜头构图时让塔身略微偏离画面中心保留更多水面倒影会让画面更有层次感??木渎古镇绝佳机位山塘街雨后的石板路最上相我一般会选择雨后的傍晚用35mm定焦对准石板路上的积水拍摄倒映出的灯火和老建筑特别有意境??千灯古镇私藏时段夜幕初降古镇最迷人的时刻是华灯初上尤其是千灯浦边推荐使用三脚架慢门拍摄水中倒影让河面的灯火形成梦幻的光斑拍摄小贴士早晚黄金光线时段必须把握雨天反而是拍摄的好时机注意保留建筑的完整性可以用当地居民作为画面点缀构图时善用倒影和留白后期建议适当提升暗部细节控制好色温不要过度偏冷画面对比度适中更有韵味?,10,"古镇,诗意,江南画卷,永安桥,薄雾,晨光,梦幻,报恩塔,塔影,震撼,山塘街,石板路,意境,千灯浦,华灯初上,梦幻,光斑,黄金光线,雨天,倒影,留白,暗部细节,色温,对比度",,,,,,,,,,,,,,,,,,,,,,,,,,,,,,
水墨江南輕染細雨蕉葉微顫檐角紅燈初上歲月苔痕靜看,9,"水墨江南,細雨,蕉葉,檐角,紅燈,歲月,苔痕",,,,,,,,,,,,,,,,,,,,,,,,,,,,,,
一条骑行自驾路线攻略湖州三天两晚4个历史文化名镇1个首批传统村落详情如下Day1:新市古镇南浔古镇夜景江南市镇多沿河网分布杭州出发可经塘栖古镇继续沿大运河北上建议在中午前抵达新市古镇新市古镇无需门票景区不大但游客也不多给有缘人展现一幅低调温婉小家碧玉的江南水乡景致中午推荐仙潭市场边的黄毛鸭绞面下午可在西市街河边小坐去南浔经过的善琏练市镇也值得一说善琏镇为湖笔原产地练市有粮仓群可稍作停留南浔古镇进景区无需门票头天可游览古镇夜景傍晚在相对僻静的百间楼一带最惬意穿廊过桥吃喝闲坐20块钱一场的苏州评弹也好听得美轮美奂DAY2:南浔古镇震泽古镇双林古镇早餐推荐古街通津桥一带几家早起的老面馆看着都不错酥肉爆鱼等各种浇头小菜看着都好吃此外老街上各种软糯糕点琳琅满目看着也很可口8点后可参观古镇内小莲庄张石铭故居等景点联票80这些都是过去南浔丝商巨贾修建的豪宅巨构中西合璧的建筑特点背后的风云往事似南浔一梦南浔古镇以东10公里有苏州震泽古镇古建爱好者不要错过有师俭堂慈云寺塔均属国保单位D3双林镇的老街风情分散于深巷里弄少一些粉饰多的是平常细碎的市井生活气镇北有双林三桥风情可人傍晚夕阳晖映时更可人DAY3荻港古村菱湖古镇荻港古村是东苕溪畔一座传统渔村村里有一家真正古色古香的老茶馆被人称为一元茶馆已有百余年历史五块钱一杯的茶水身体很久没有喝得这么透菱湖是湖州地区又一座重镇以水产和丝业闻名镇上仍然保存着许多七八十年代的风貌镇上有浙丝二厂为首批国家级工业遗产对近现代历史感兴趣的朋友可以重点了解,9,"新市古镇,低调温婉,小家碧玉,江南水乡景致",,,,,,,,,,,,,,,,,,,,,,,,,,,,,,
震泽镇地处太湖南岸属江苏省苏州市吴江区位于苏州南部吴江区的西南部江苏浙江两省交界处震泽镇地理位置优越水陆交通便捷自古以来震泽作为唯一与太湖别称同名的古镇就有吴头越尾之称为物华天宝人杰地灵之地 ,7,"震泽镇,太湖,江苏省,苏州市,吴江区,苏州,江苏,浙江,地理位置,水陆交通,古镇,吴头越尾,物华天宝,人杰地灵",,,,,,,,,,,,,,,,,,,,,,,,,,,,,,
夏日的风带着丝丝暖意是时候去寻找一个充满诗意的旅游目的地啦??--震泽古镇?????位于江苏苏州吴江区的震泽古镇是一颗璀璨的江南水乡明珠这里依水而建街道依河伸展仿佛一幅流动的水墨画初夏时节古镇更是显得宁静又美丽宛如一个世外桃源????乘坐一叶扁舟在清澈的河水上荡漾感受那份宁静与美好??震泽古镇的建筑风格古朴典雅青瓦白墙古色古香走在石板路上你会发现许多精美的木雕和砖雕它们为古镇增添了一份独特的韵味每一处都仿佛带着故事让人流忘返??,10,"诗意, 江南水乡, 依水而建, 流动的水墨画, 宁静, 世外桃源, 古朴典雅, 青瓦白墙, 古色古香, 石板路, 木雕, 砖雕, 故事",,,,,,,,,,,,,,,,,,,,,,,,,,,,,,
苏州园林编号043 师俭堂锄经园师俭堂属于震泽镇的富商徐氏一族师俭两字源出于史记萧相国世家后世贤师吾俭不贤毋为势家所夺代表徐氏节俭持家的家风家族几代经商到了道光年间徐氏后人徐学健已成为震泽首富师俭堂曾毁于天平天国战火现存的则是由徐学健的孙子徐汝福于同治三年重建的说是园林其实建筑占了大部分由三路六进建筑组成南北长105米占地2700平方米唯一称得上园林的就是一座三角形的袖珍花园锄经园占地仅420平米也是全堂最清雅之地鉏是锄的异体字鉏经取自汉书兒宽传带经而鉏休息辄读诵也有耕读传家的意思让我想到上海朱家角镇的课植园从图[一R][四R]的这个月洞门看过去就是园中的一座四面厅图[六R][七R][八R]四面厅内外四面由28扇细花透雕长短窗组成顶部有藻井下垂四只木雕花篮非常精美图[九R]主人视角看四面厅坐在益寿轩鉏经园主体建筑书房兼客厅图[一R][零R][一R][一R]方寸之地还有假山山上一座半亭目前修缮中不能登临图[一R][二R]瓶套瓶景观寓意出入平安最有意思的是师俭堂的二三进之间是隔着宝塔街的图[一R][四R]这条街也是震泽古镇的主要商业街店铺饭店还有慈云寺塔禹迹桥等景点也在这条街上师俭堂的正门其实是第三进的门厅而第一进的房子就是临河的建筑也是徐氏所经营的大顺米行正好通过河边的埠头方便装卸也真的是江南水乡的特色之一了图[一R][五R]第一二进之间的眉毛天井,8,师俭堂,锄经园,徐氏,节俭持家,震泽镇,天平天国,同治三年,园林,建筑,三角形,袖珍花园,鉏经,耕读传家,课植园,月洞门,四面厅,细花透雕长短窗,藻井,木雕花篮,益寿轩,假山,半亭,修缮,宝塔街,商业街,慈云寺塔,禹迹桥,大顺米行,埠头,江南水乡,眉毛天井
发现一家下榻震泽古镇的不二之选处处展示中式美学步行可达震泽古镇真方便?,9,"下榻,震泽古镇,不二之选,中式美学,步行可达,方便",,,,,,,,,,,,,,,,,,,,,,,,,,,,,,
两个古镇都很小主要都是沿河漫步每个逛一小时差不多早上去震泽古镇人很少非常安静午后去黎里相对热闹些古镇逛多了有点审美疲劳如果路过的话可以去看看没有必要特地前行P1456震泽P23黎里,5,"安静,热闹",,,,,,,,,,,,,,,,,,,,,,,,,,,,,,
震泽锄经园去年五月拍的图属于是老图新发了锄经园园小而地狭园内无水跨入月洞门内却宛如登临仙岛方寸之间塞入假山亭廊厅阁等建筑人处其中倒觉悠远深邃向天借地妙趣无穷,9,"震泽,锄经园,园小而地狭,无水,月洞门,仙岛,方寸之间,假山,亭廊,厅阁,悠远深邃,向天借地,妙趣无穷",,,,,,,,,,,,,,,,,,,,,,,,,,,,,,
2025.01.12忽然多了很多外国友人,7,外国友人,,,,,,,,,,,,,,,,,,,,,,,,,,,,,,
????上海周末周边游被低估的宝藏小城坐拥超多历史悠久的古镇??分享暑假一日游游玩攻略啦??.??吴江震泽古镇??路线仁昌顺-师俭堂-禹迹桥和思范桥-慈云寺塔-文昌阁-老严卤菜馆.??素有吴头越尾之称别称太湖是江南古镇中唯一与太湖同名的古镇它名气不大很低调??但却是一个拥有二年多年历史的江南名镇也是苏州著名的蚕丝之乡这里很幽静比较原汁原味.??慈云寺塔宋时期建造的佛教建筑是震泽古镇内zui古老的佛教建筑之一是一座砖身木檐楼阁式的佛塔??师俭堂清朝时期的一座私人园林整体属于江南园林与住宅互相融合贯通形成西宅东园的宅第格局建筑内以雕刻之多需慢慢欣赏才能感受其内涵.??仁昌顺古镇入口的显眼处是一家具有百年历史的老店还曾被舌尖上的中国3推荐过它家的鲜肉油墩麦芽塌饼不错.??老严卤菜馆苏式味道席间还有评弹作陪特色是酱鸭红汤面烧鸭面.??湖州南浔古镇??路线小莲庄-嘉业藏书楼-张石铭旧宅-刘氏梯号-广惠宫-张静江故居-宜园和东园-百间楼.??古镇自从??之后名声大噪虽没有乌镇周庄的名气大但这里人气也颇高??它是南宋1252年建镇距今已近八百年的历史是江南六大古镇之一被誉为太湖边的古镇明珠.??古镇很大保留着江南水乡古镇应有的风貌分为南北区南区商业化程度颇高北区相对人流少古镇韵味比较足.??Tips??景点里目前刘氏梯号在装修??水上巴士丝绸码头站十字港站双向对发每隔30分钟一班最晚是16点结束运营哦,9,"古镇原貌,商业化水平不高,童年的梦,吴头越尾,太湖,江南名镇,幽静,原汁原味,慈云寺塔,宋时期,佛教建筑,师俭堂,清朝,私人园林,江南园林,住宅融合,雕刻,仁昌顺,百年历史,舌尖上的中国3,鲜肉油墩,麦芽塌饼,老严卤菜馆,苏式味道,评弹,酱鸭红汤面,烧鸭面,小莲庄,嘉业藏书楼,张石铭旧宅,刘氏梯号,广惠宫,张静江故居,宜园,东园,百间楼,江南水乡,古镇韵味",,,,,,,,,,,,,,,,,,,,,,,,,,,,,,
丝业重镇震泽古镇虽然属于苏州吴江区其实于浙江湖州的南浔更紧密相依古镇不大景点也不多但人文历史还是比较深厚19世纪后期到20世纪初震泽的蚕丝洋经加工和贸易拓展至海外市场达到顶峰P1-P2 震泽古镇慈云禅寺创建于宋咸淳年间公元1265-1274年 原名广济寺明正统年间1436-1449年重建并赐名慈云禅寺慈云寺塔相传建于三国时期P3-P7 师剑堂原主人徐汝福生于清道光十八年1838年官至礼部郎中他是明代徐旷的十四世孙在清同治年间不仅担任官职还从事商业活动经营的丝经和米粮业务师剑堂是集河埠行栈商铺街道厅堂内宅花园下房等于一体的江南民居古建筑群建筑面积3534.10平方米大小房屋150余间建筑很有特色砖雕石雕木雕共有244幅雕刻收费参观P8师俭堂更楼瞭望台更楼是内宅的看守在师剑堂东北角贴墙而建更夫巡更守夜前可俯瞰全宅防卫严密更楼上拍慈云寺塔P9-P10徐汝福经营的米行米行有码头连頔塘河P11震泽古镇与运河相连的頔塘河P12禹迹桥?禹迹桥始建于清康熙五十四年1715年P13文昌阁建于清乾隆三十六年1771年1840年重修登阁西望宝塔古寺老街荻塘河尽收眼底P14宝塔街仁安坊P15丝业公学旧址震泽丝业公学不仅是震泽丝业公会为业内子弟就学而建的学校也是震泽丝业公会的重要活动场所见证了震泽丝业的发展P16震泽江丰农工银行1919年开业是苏州吴江最早出现的民营商业银行由震泽名门施氏家族开设首任董事长施肇曾施氏家族出了很多名人其中有中国红十字会事业奠基人施则敬和中国第一任驻美公使施肇基1923年施肇曾和施肇基兄弟在家乡震泽创设震泽中学育英学校,7,"丝业,古镇,人文历史,慈云禅寺,师剑堂,徐汝福,更楼,米行,頔塘河,禹迹桥,文昌阁,宝塔街,丝业公学,震泽江丰农工银行,施氏家族",,,,,,,,,,,,,,,,,,,,,,,,,,,,,,
如果你喜欢安静地走走逛逛看看风景体验当地的民俗生活那么来震泽古镇吧你一定会爱上它??[勾引R]夜游震泽安宁而静谧夜景别样风情[勾引R]临河的茶馆茶客三俩悠闲而惬意[勾引R]老面馆的食客谈笑风生面色恬淡??地址江苏省苏州市吴江区宝塔街10号?景点古镇免费全天开放景区70元8:45-17:00包含景点慈云禅寺师俭堂文昌阁中国太湖农家菜文化展览馆江苏省农具博物馆?交通高铁到盛泽站打车15分钟即可达?美食1??仁安轩是茶馆也是面店他家的面很好吃分量也很足小朋友吃了一大碗甚至把面汤全部干完了2??泳良糕点一家有50年历史的糕点店他家枣泥糕的枣泥说是自家煮的袜底酥一点都不甜腻小朋友路上吃了两个3??四碗茶楼待帝茶熏豆茶水泼鸡蛋清茶四碗茶先甜后咸最后淡独具风味?住宿古镇很小小到三两个小时就能逛遍但你如果想来一场身心放松之旅那么夜宿震泽开元名庭也是个不错的选择酒店建筑很有特色一楼有室内游乐场边上有个游乐公园小朋友玩玩恰到好处[耶R],10,"安静,风景,民俗生活,震泽古镇,夜游,安宁,静谧,夜景,临河,茶馆,茶客,悠闲,惬意,老面馆,食客,谈笑风生,面色恬淡,慈云禅寺,师俭堂,文昌阁,中国太湖农家菜文化展览馆,江苏省农具博物馆,仁安轩,面,分量足,泳良糕点,枣泥糕,袜底酥,四碗茶楼,待帝茶,熏豆茶,水泼鸡蛋清茶,四碗茶,特色,室内游乐场,游乐公园,身心放松,夜宿,开元名庭",,,,,,,,,,,,,,,,,,,,,,,,,,,,,,
震泽一座隐匿在江南水乡的千年古镇 游客不多 保持了纯正当地人的生活场景?这里的慈云寺塔和禹迹桥是震泽古镇的标志性建筑 古塔古桥相互映衬?街边的茶馆里 茶香四溢 人们悠闲地品着茶 谈论着所见所闻?老人们坐在河边垂满柳条的凉亭里 微笑地看着来往人群 眼神里充满了平和?贯穿整个古镇的宝塔街 慢生活和烟火气精神都浓缩在这几百米长度的空间里?在这里 生活不再是匆匆忙忙 有着它最本真的模样,9,"隐匿, 千年古镇, 游客不多, 纯正当地人生活场景, 慈云寺塔, 禹迹桥, 标志性建筑, 古塔古桥, 茶馆, 茶香四溢, 悠闲品茶, 河边凉亭, 微笑, 平和, 宝塔街, 慢生活, 烟火气, 本真",,,,,,,,,,,,,,,,,,,,,,,,,,,,,,
很庆幸走过路过没有错过邂逅了一座低调内敛清秀的古镇漫步震泽虽然依旧是熟悉的小桥流水人家配方但是古运河古桥(禹迹桥)古塔(慈云寺塔)石板路小巷汇成了一种非他莫属的独特的古韵让人不由自主慢下脚步心甘情愿地驻足停留享受一份孤寂的闲适与惬意ps震泽是著名的蚕丝之乡古桥古塔都是保护性文物,9,"古镇,低调内敛,清秀,古运河,古桥,禹迹桥,古塔,慈云寺塔,石板路,小巷,古韵,孤寂,闲适,惬意,蚕丝之乡,保护性文物",,,,,,,,,,,,,,,,,,,,,,,,,,,,,,
震泽古镇20250112,20250112,古镇原貌,商业化水平不高,童年的梦,,,,,,,,,,,,,,,,,,,,,,,,,,,,
震泽古镇一日游攻略1. 交通方式自驾从苏州出发走苏嘉杭高速申苏浙皖高速约40分钟可达上海杭州方向自驾约1.5-2小时公共交通苏州汽车南站/北站或吴江汽车站乘长途车至震泽7:00-17:30多班次2. 必游景点师俭堂晚清儒商宅院融合商铺宅院花园精华部分在第四至第七进联票包含慈云寺塔三国赤乌年间始建登塔可俯瞰古镇黄昏时慈云夕照为震泽八景之一宝塔街明清风格老街粉墙黛瓦适合拍照文昌阁乾隆年间建筑四面临水可步行状元桥游览震泽湿地公园近太湖生态优美可体验自然风光3. 特色体验乘摇橹船沿河游览感受水乡韵味部分攻略提及游船项目穿汉服拍照古镇人少景美青石板路古桥塔影极适合古风摄影品四碗茶熏豆茶待帝茶等体验本地茶文化4. 美食推荐必尝小吃黑豆腐干袜底酥震泽酱鸭定胜糕太湖农家菜推荐中国太湖农家菜文化展览馆周边餐馆5. 行程建议上午文昌阁师俭堂宝塔街慈云寺塔下午太湖农家菜午餐湿地公园或乘船游览自由拍照购物6. 门票与时间联票75元含师俭堂慈云寺塔文昌阁8:00-16:00开放最佳季节春秋两季避开酷暑寒冬Tips震泽商业化程度低适合喜欢静谧的游客若时间充裕可搭配黎里古镇一日游车程20分钟,9,"古镇人少,景美,青石板路,古桥塔影,极适合,古风摄影,商业化程度低,静谧",,,,,,,,,,,,,,,,,,,,,,,,,,,,,,
10.1出门居然错峰出行了西坡也超安静这么大的老房子只有我们享受惬意假期[偷笑R],9,"错峰出行,西坡,老房子,惬意假期",,,,,,,,,,,,,,,,,,,,,,,,,,,,,,
震泽古镇一日游攻略1. 交通方式自驾从苏州出发走苏嘉杭高速申苏浙皖高速约40分钟可达上海杭州方向自驾约1.5-2小时公共交通苏州汽车南站/北站或吴江汽车站乘长途车至震泽7:00-17:30多班次2. 必游景点师俭堂晚清儒商宅院融合商铺宅院花园精华部分在第四至第七进联票包含慈云寺塔三国赤乌年间始建登塔可俯瞰古镇黄昏时慈云夕照为震泽八景之一宝塔街明清风格老街粉墙黛瓦适合拍照文昌阁乾隆年间建筑四面临水可步行状元桥游览震泽湿地公园近太湖生态优美可体验自然风光3. 特色体验乘摇橹船沿河游览感受水乡韵味部分攻略提及游船项目穿汉服拍照古镇人少景美青石板路古桥塔影极适合古风摄影品四碗茶熏豆茶待帝茶等体验本地茶文化4. 美食推荐必尝小吃黑豆腐干袜底酥震泽酱鸭定胜糕太湖农家菜推荐中国太湖农家菜文化展览馆周边餐馆5. 行程建议上午文昌阁师俭堂宝塔街慈云寺塔下午太湖农家菜午餐湿地公园或乘船游览自由拍照购物6. 门票与时间联票75元含师俭堂慈云寺塔文昌阁8:00-16:00开放最佳季节春秋两季避开酷暑寒冬Tips震泽商业化程度低适合喜欢静谧的游客若时间充裕可搭配黎里古镇一日游车程20分钟,9,"古镇人少,景美,青石板路,古桥塔影,极适合,古风摄影,商业化程度低,静谧",,,,,,,,,,,,,,,,,,,,,,,,,,,,,,
震泽古镇漫步在古桥之上看河水悠悠流淌感受着江南水乡的温婉与柔情街边的小店散发着浓浓的烟火气息让人沉醉其中,9,"古桥,河水,江南水乡,温婉,柔情,小店,烟火气息",,,,,,,,,,,,,,,,,,,,,,,,,,,,,,
短短十几里从浙江湖州到苏州吴江藏了6处真江南不用门票走走逛逛一个周末就可以走完[一R]双林三桥古镇并不大几分钟便能走完岁月流逝古镇繁华不再只留这三座桥一字排开横跨两岸现在依然是居民的重要通道[二R]南浔古镇这里是一个充满韵味的江南水乡白墙黑瓦杨柳依依作为江南六大古镇之一南浔的商业化程度最低而且自2023年宣布永久免票[三R]港廊古村这是一处藏在湖州南浔的静谧古村落非常的安静几乎没有游客[四R]黎里古镇这是一个很小众的古镇商业化不严重这里没有车水马龙只有江南原来的模样[五R]震泽古镇一个小众且原生态的古镇巷子里走着本地居民很有生活气息主要景点有慈云禅寺禹迹桥仁里坊[六R]铜罗古镇这里有依水而建白墙黑瓦的民居是典型的江南古镇几乎没有游客非常安静,7,"古镇原貌,商业化程度最低,静谧,安静,小众,原生态,生活气息",,,,,,,,,,,,,,,,,,,,,,,,,,,,,,
??哈喽我是爱旅行的刚好欢迎你和我一起看世界如果你一样厌倦了人头攒动的景区古镇不妨看看这里离上海驱车仅需1个半小时就可以抵达的一处在我眼中的避世古镇震泽古镇这是一座以盛产桑蚕为名的古镇素有丝绸之镇蚕宝宝的故乡之美誉 天下丝绸品震泽占三成可见震泽丝业之发达这里很少有游客团会来镇子不大走马观花的逛逛或许1小时都不需要但是这里却是可以静静的坐下来感受江南水乡的烟火气息我来的时候真好是一个晴朗的下午在桥头的茶馆点了一壶茶远远的望去慈云禅寺里的慈云塔旁边是本地人用吴侬暖语在唠家常真的很有江南的韵味??位置苏州市吴江区震泽古镇??停车免费??门票免费?古镇建筑打卡师俭堂慈云寺禹迹桥等?特色茶饮四碗茶?特色小吃海棠糕定胜糕油墩萝卜丝糕?特色美食酱鸭面鳝丝面蛋黄混沌,1,"古镇原貌,商业水平不高,童年的梦,避世古镇,江南水乡,烟火气息,吴侬暖语,江南韵味,免费停车,免费门票,古镇建筑,师俭堂,慈云寺,禹迹桥,特色茶饮,四碗茶,特色小吃,海棠糕,定胜糕,油墩,萝卜丝糕,特色美食,酱鸭面,鳝丝面,蛋黄混沌",,,,,,,,,,,,,,,,,,,,,,,,,,,,,,
Hi我是早安这是穿着汉服去找真.冷门旅行地的4??5??期~.隐匿在绍兴群山中的古神殿再一次被古人的审美感动到.??浙江省内ZUI美古庙没有之一.在浙江走了一圈最后还是绍兴寻觅冷门古镇古建的这几年始终惦记着又无数次错过了它没想到的是迟到了两年这里依旧门可罗雀....来自满殿神佛的压迫感 满天神兽的怪诞诡艳惊叹于山海经的中式美学在此延续关于寻找浙江zui美古建的偏执也终于在此刻放下.??浙江.绍兴柯桥.舜王庙.?节假日也完全没有游客的冷门旅行地?杭州西湖1h绍兴鲁迅故里50min?始建于南宋的古庙宇杭州周边有这样的保存度真的很惊人?免门票花费便宜的轻度假好去处?来这拍汉服照真的绝了.(全/网都查不到的)?? 一些隐秘故事舜王庙正对着一条江水仔细观察会发现形如蛇状而庙宇所在的山头恰似一只乌龟龟蛇锁江古人认定舜王的神殿因在此处而最初建造的庙宇是在江的另一面但每每发大水殿内的神像总会跑到这里或许这才是它们想要来的地方古人将神殿迁移至此.庙宇中大多为石砖雕刻 三代人雕刻一块青石等待发洪水的时机再将石刻从千里之外运送于此石头的保存易度远超过木构这也是为何浙中古建大多毁损而这里完好如初的原因之一.??历史的魅力藏在一座庙宇里和我分享过的其他古镇古建比起来这里更靠近杭州更容易抵达而浙江省内兼具中式美学和力量感保存又这么好的古建真的所剩无几了真的建议大家有机会来看看吧趁它还鲜活的存在着....?周边旅行地分享紫寨岭真君殿班竹村南山村沃洲湖真君殿赤坑村都是我挖到的冷门旅行地都有专门写过主页右上放大镜就可以找到具体的照片和攻略.,9,"隐匿,群山,古神殿,审美,浙江省内ZUI美古庙,满殿神佛,压迫感,满天神兽,怪诞诡艳,山海经,中式美学,冷门古镇,古建,绍兴柯桥,舜王庙,节假日,游客,冷门旅行地,始建于南宋,保存度,免门票,花费便宜,轻度假,汉服照,隐秘故事,江水,蛇状,乌龟,龟蛇锁江,石砖雕刻,三代人,青石,洪水,石头,木构,历史的魅力,庙宇,中式美学,力量感,鲜活",,,,,,,,,,,,,,,,,,,,,,,,,,,,,,
当时是看到麦芽二字就随手买了俩一黄豆沙馅儿一红豆沙馅儿因为对景点小吃抱有成见向来浅尝辄止不敢买多回来又忘了这个小零食两天后取出来微波一下后悔买少了黄豆沙的尤其好清甜不腻下次再去一定揣上一大包[偷笑R],8,麦芽,黄豆沙馅儿,红豆沙馅儿,景点小吃,清甜不腻,,,,,,,,,,,,,,,,,,,,,,,,,,
[打卡R]震泽古镇古镇门票免费部分景点收费??联票70r包含师俭堂30r慈云禅寺12r(免费开放了)文昌阁8r太湖农家菜展览馆20r农机具博物馆15r行走路线文昌阁??太湖农家菜展览馆??农机具博物馆??禹迹桥??慈云禅寺??师俭堂古镇生活节奏闲适安逸一条小河??从西南角到东北角穿镇而过河西边以景点古宅为主河东边有很多家茶馆??适合冬日[太阳R]暖阳里围炉煮茶河边赏景慈云禅寺旁吃上一碗热腾腾的素面??菌菇味道挺鲜美还有海棠糕??定胜糕青团子萝卜丝饼[打卡R]铜罗古镇P15P18也是一个免费的古镇距离震泽古镇不远大概12公里乘坐??781路公交车15分钟左右再步行即达专程来此赏景大可不必古镇不大景点很少街两边店铺很多都关闭了游客罕至大多是当地居民适合从震泽古镇出来后顺带逛逛这里的阿二炸鸡腿??很酥香炸馄饨??皮薄脆馅料足值得一尝[色色R]天池酒??飘香浓郁打散酒价格也便宜总之震泽古镇和铜罗古镇适合踏着石板路慢悠悠闲逛感受白墙黛瓦的江南水乡柔情,1,"古镇,门票免费,生活节奏闲适安逸,小河,茶馆,围炉煮茶,河边赏景,慈云禅寺,素面,菌菇,海棠糕,定胜糕,青团子,萝卜丝饼,铜罗古镇,阿二炸鸡腿,炸馄饨,天池酒,飘香浓郁,散酒价格便宜,石板路,白墙黛瓦,江南水乡柔情",,,,,,,,,,,,,,,,,,,,,,,,,,,,,,
上海高铁出发我们又解锁一个江浙沪周边小众宝藏地苏州盛泽镇??2天1晚路线推荐D1潜龙渠公园烧卖博物馆桃源林海天池D2震泽古镇太湖雪蚕桑文化园平望大龙荡??这样打卡不留遗憾??潜龙渠公园就在苏州吴江盛虹万丽酒店对面3公里长的环湖自行车道骑行爱好者必冲??还有那1万+的白色沙滩是小朋友们的快乐天堂??烧卖博物馆吴江区的非遗瑰宝博物馆采取本土烧卖店轮值模式不知道今天是哪家???????就像开盲盒????桃源林海天池限定赏花季节加入这场春日唤醒计划??震泽古镇玉兰海棠红梅共同编织出古镇的春日盛景麦芽塌饼菜花头团子阐释江南春季的不时不食??太湖雪蚕桑文化园观看蚕宝宝的生长过程季节限定体验采摘桑葚桑果季在4-5月哦??平望大龙荡春日踏青适合与家人朋友来场露营野餐时光??周边住宿推荐??苏州吴江盛虹万丽酒店地址江苏省苏州市吴江区哈密路199号?毗邻25万天然湖泊???紧邻京杭大运河???住进这里才懂什么叫推窗见水枕水而眠苏州吴江盛虹万丽酒店2天1晚598元套餐住豪华房1晚食1顿自助早餐1顿正餐桌餐,1,"江浙沪, 小众, 宝藏地, 盛泽镇, 潜龙渠公园, 烧卖博物馆, 桃源林海, 天池, 震泽古镇, 太湖雪蚕桑文化园, 平望大龙荡, 环湖自行车道, 白色沙滩, 非遗瑰宝, 轮值模式, 限定赏花, 春日唤醒计划, 古镇春日盛景, 不时不食, 蚕宝宝生长过程, 季节限定体验, 春日踏青, 露营野餐, 苏州吴江盛虹万丽酒店, 天然湖泊, 京杭大运河, 推窗见水, 枕水而眠",,,,,,,,,,,,,,,,,,,,,,,,,,,,,,
震泽妈生肌客户到店,5,"震泽,古镇原貌,商业水平不高,童年的梦",,,,,,,,,,,,,,,,,,,,,,,,,,,,,,
龙山苍翠画难如万物同春庆有余翠号还凝苍晓拱山灵水秀泽随徐泽随古村是一座拥有700多年历史的传统村落至今仍保留着未被商业化的原汁原味漫步青石板铺就的蜿蜒古巷斑驳的徽派马头墙与雕花木门无声诉说着岁月128栋明清古建筑以珠峰山为中心错落分布明代木雕砖刻的纹路里藏着匠人的智慧村中二方八卦形池塘倒映着蓝天北面大乘山与真武山如守护神般静立而双龙戏珠的溪流与珠峰山更添几分灵气这里的生活慢得让人心动老匠人用竹条编织出草帽与竹篮非遗研学课程让传统手艺焕发新生转角偶遇的民俗展览馆里凉床漆具勾起旧时光的回忆饿了就去尝尝阿叶猪肠徐记烤饼或是捧着富硒大米做的竹筒饭坐在村民自编的竹凳上看夕阳把双湖染成琥珀色没有喧嚣只有鸟鸣与风过竹林的沙沙声泽随是都市人逃离浮躁的理想乌托邦,10,"龙山, 苍翠, 万物同春, 翠号, 苍晓拱山, 山灵水秀, 古村, 700多年历史, 传统村落, 未被商业化, 原汁原味, 青石板, 古巷, 徽派马头墙, 雕花木门, 明清古建筑, 珠峰山, 明代木雕砖刻, 匠人智慧, 八卦形池塘, 蓝天, 大乘山, 真武山, 双龙戏珠, 溪流, 灵气, 生活慢, 老匠人, 竹条编织, 草帽, 竹篮, 非遗研学课程, 传统手艺, 民俗展览馆, 凉床漆具, 旧时光回忆, 阿叶猪肠, 徐记烤饼, 富硒大米, 竹筒饭, 村民自编竹凳, 夕阳, 双湖, 琥珀色, 鸟鸣, 风过竹林, 沙沙声, 泽随, 都市人, 逃离浮躁, 理想乌托邦",,,,,,,,,,,,,,,,,,,,,,,,,,,,,,
煙雨如絲織畫樓水鄉深處隱芳洲.苔徑深幽添雅趣檐珠滴落意悠游橋影隨波搖倩影舟行水鏡畫中游柳絲輕舞撩細雨花香浸袖似春柔酒旗招展微風送茶煙裊裊繞指柔曲徑尋幽思舊夢瓦檐細語訴風流,10,"苔徑深幽,檐珠滴落,橋影隨波,舟行水鏡,柳絲輕舞,花香浸袖,酒旗招展,茶煙裊裊,曲徑尋幽,瓦檐細語",,,,,,,,,,,,,,,,,,,,,,,,,,,,,,
光影中的沉淀岁月和沧桑年华苏州.震泽古镇师俭堂,8,"光影,沉淀,岁月,沧桑,年华,苏州,震泽古镇,师俭堂",,,,,,,,,,,,,,,,,,,,,,,,,,,,,,
去了震泽古镇看了慈云寺做了麦芽糖还看到了许多酱肉年味十足,8,"慈云寺,麦芽糖,酱肉,年味",,,,,,,,,,,,,,,,,,,,,,,,,,,,,,
春天不是读书天是躺进花海泡进茶香钻进帐篷吃进烟火的日子1?? 赏花闯入莫奈的后花园震泽的春天是自带滤镜的樱花飞舞油菜鎏金随手一拍就是在逃公主片场??2?? 喝茶把春天泡进杯子里围炉煮茶弱爆了震泽人直接把茶桌搬到花树下??手冲一杯碧螺春配震泽特色糕点糯叽叽人狂喜??Ps茶杯里飘进一片花瓣算不算春日限定彩蛋3?? 露营躺平在漫天星河下帐篷支在油菜花田边白天晒着太阳啃炸鸡汽水晚上裹毯子数星星?晨光里被鸟鸣叫醒睁眼就是一幅借东西的小人同款微景观露珠在草尖打滚蝴蝶误把帐篷当花扑建议带蓝牙音箱BGM放菊次郎的夏天直接封神4?? 野火饭烟火气才是顶级浪漫挖野菜+土灶台=野火饭灵魂锅气混着柴火噼啪声 馋哭隔壁帐篷小孩??春天会过期但朋友圈的九宫格不会快@你的互联网搭子把震泽的春天一口吞掉??????????,10,"樱花,油菜鎏金,莫奈的后花园,茶桌搬到花树下,碧螺春,震泽特色糕点,露营,漫天星河,帐篷支在油菜花田边,数星星,鸟鸣叫醒,微景观,蓝牙音箱,菊次郎的夏天,野火饭,烟火气,挖野菜,土灶台,锅气,柴火噼啪声",,,,,,,,,,,,,,,,,,,,,,,,,,,,,,
相比于平江路和山前街的人挤人我更喜欢这条小众而又好玩的宝藏路线两天一夜游玩路线???西山风景区林屋洞?????风铃溪谷金铎岭?????香雪海?????太美雪绿民宿?????苏州湾数字艺术馆?????东太湖生态园?????震泽古镇??震泽古镇走在这座冷门的苏州古镇走在古朴的青石板路上看两旁白墙黑瓦的古老建筑群像是在诉说着千年的过慈云寺塔与禹迹桥两者的相互辉映师俭堂这个百年老宅保存完好一步一景百年老宅的师俭堂汇集了各种当地特色小吃感受到浓浓烟火气的宝塔街??东太湖生态园苏州小众看海圣地漫步湖边看一场浪漫的落日晚霞映在湖面很适合跟家人一起来露营散心??西山风景区一座去了就不想回来的小岛这里是被称为苏州小洱海没有人潮拥挤的烦躁红嘴鸥??也来过冬了tips出门我都用@圆周旅迹规划行程直接复制??链接自动生成旅行路线闺闺一起编辑行程想去的地方一目了然每个点位的交通景点开放时间等都一清二楚人生地点收藏机反向旅游新年点亮新春足迹,9,"古镇原貌,青石板路,白墙黑瓦,古老建筑群,慈云寺塔,禹迹桥,师俭堂,百年老宅,烟火气,宝塔街,东太湖生态园,湖边落日晚霞,西山风景区,小洱海,红嘴鸥",,,,,,,,,,,,,,,,,,,,,,,,,,,,,,
震泽师俭堂鉏经园20250112,5,古镇原貌,商业水平不高,童年的梦,,,,,,,,,,,,,,,,,,,,,,,,,,,,
五一去太湖吧骑车自驾露营都可以不用挤人少人海随便寻一处人少的地方看看春天真的超治愈[一R]渔洋山苏州太湖边的制高点缆车登顶俯瞰湖光山色山顶咖啡厅观日落视角绝佳有免费徒步路线出发前可以查攻略[二R]西山岛太湖最大岛屿原生态渔村与橘园遍布自驾环岛摘枇杷吃农家湖鲜最惬意[三R]陆巷古村太湖边最后的静谧古村明代宰相故里的明清建筑群石板路幽深[四R]鼋头渚太湖西北岸的半岛以樱花和湖景闻名春季赏樱人很多但值得早起避开人群[五R]惠山古镇无锡保存最完整的明清古街区春晚分会场吃油酥饼喝二泉茶感受市井烟火[六R]震泽古镇低调的江南水乡2个最佳机位就在镇入口蚕丝文化浓厚逛师俭堂吃黑豆腐干比热门古镇清静[七R]南浔古镇南浔可以满足你对江南古镇的所有幻想还免费夜游灯光秀氛围很到位[八R]新港口灯塔无锡太湖边的红白灯塔日系风拍照打卡地阴天也能拍出孤独感大片[九R]太湖观景台看太湖日出的好地方夕阳倒映下也特别美附近有长兴太湖博物馆可以一起逛[一R][零R]大有秋新晋赏樱胜地免费而且人少人造景观结合太湖湿地顺路可以去看看,7,"古镇原貌,商业水平不高,童年的梦",,,,,,,,,,,,,,,,,,,,,,,,,,,,,,
??当第一缕春风拂过姑苏城园林里紫藤垂瀑古镇中木香攀墙这座江南水乡摇身变成莫奈笔下的梦幻花园???避开千篇一律的旅游行程收好这条本地人私藏的春日游路线-??姑苏园林探春??沧浪亭网师园艺圃??沧浪亭木绣球4月上旬5月上旬藕花水榭茶室前的木绣球团团如玉映衬着粉墙黛瓦亭台楼阁精致花窗美得直击人心.??艺圃蔷薇4月下旬5月上旬3处蔷薇离入口处都不远细长的藤枝在斑驳的墙面肆意生长在阳光映衬下留下斑驳的花影以门窗为取景框定格园林花海美景??.??网师园紫藤花4月上旬4月中旬彩霞池旁黄石假山上的紫藤可是经典打卡地??满树紫藤花如瀑布般倾泻而下如梦似幻殿春簃的紫藤花窗景随手一拍便自带氛围感-?古镇里的慢时光??震泽古镇避开人潮打卡这座千年古镇白墙黛瓦依水而建石板路蜿蜒通幽适合用一整天感受江南的细腻与松弛感?登慈云寺塔俯瞰古镇全貌漫步师俭堂内里的木香花爬满整个墙头盛花期倾泻而下花香扑鼻站在禹迹桥上远眺日落美景坐摇橹船慢悠悠地穿行于水面之上??河两岸美景如画卷般缓缓展现在眼前沿河老街烟火气十足茶馆老面馆手作店鳞次栉比在河边来碗特色四碗茶??唇齿留香品尝油绿如玉的青团每一口都是春天的味道.??治愈系江南宅院躺平??西坡?震泽民宿位于古镇宝塔街上由一套风韵独特的江南宅院改造而成8间客房小而精??室内蓝橙相间的花砖古典和摩登相结合高品质配置处处是细节静谧的午后在茶台区域和好友小聚畅谈复古泳池旁小坐晒晒太阳?很是惬意廊檐高低过道交错移步一景皆可入画漫步院落随手拍几张氛围感美照-这里是西坡山林湖泊沙漠大海和一个想养胖你的家We Build a Snug Home for You in the Nature.-部分图源@阿毒出行中@田小吱 @拾光不舍昼夜 @居长安 @爱吃胡萝卜猫小姐 @woo是一粒苏,10,"春风,紫藤,垂瀑,木香,攀墙,梦幻花园,旅游行程,春日游路线,姑苏园林探春,沧浪亭,网师园,艺圃,木绣球,粉墙黛瓦,亭台楼阁,精致花窗,蔷薇,斑驳的墙面,花影,门窗,取景框,园林花海美景,紫藤花,瀑布,殿春簃,紫藤花窗景,震泽古镇,人潮,千年古镇,白墙黛瓦,依水而建,石板路,慈云寺塔,古镇全貌,师俭堂,木香花,禹迹桥,日落美景,摇橹船,河两岸美景,画卷,沿河老街,烟火气,茶馆,老面馆,手作店,特色四碗茶,青团,春天的味道,江南宅院,西坡震泽民宿,宝塔街,风韵独特,客房,室内蓝橙相间的花砖,古典,摩登,高品质配置,细节,午后,茶台,好友小聚畅谈,复古泳池,晒太阳,廊檐,过道,移步一景,氛围感美照,山林湖泊沙漠大海",,,,,,,,,,,,,,,,,,,,,,,,,,,,,,
地理位置江苏省苏州市吴江区太湖之滨震泽古镇简称吴头越尾震泽古镇唐宋兴起明清鼎盛誉为江南丝绸重镇现存慈云寺庙塔禹迹桥等古迹古镇古街相依保存师俭堂等明清宅院蚕丝文化等震泽古镇美食文化也是多样多彩尤其是黑豆腐干熏豆茶闻名也是茶馆最多的古镇这依旧古朴幽雅适合居住平日游客较少商业气息平淡真是一缕阳光入江南此身怎能忘江南,9,"地理位置,江苏省,苏州市,吴江区,太湖之滨,震泽古镇,唐宋兴起,明清鼎盛,江南丝绸重镇,慈云寺庙塔,禹迹桥,古迹,古镇,古街,师俭堂,明清宅院,蚕丝文化,美食文化,黑豆腐干,熏豆茶,茶馆,古朴幽雅,适合居住,游客较少,商业气息平淡,阳光,江南",,,,,,,,,,,,,,,,,,,,,,,,,,,,,,
基辅60?柯达5222,60,古镇原貌,商业水平不高,童年的梦,,,,,,,,,,,,,,,,,,,,,,,,,,,,
虽说假期但人却不多安静古朴有两个国保景点没有太多的商业化气息,8,"安静,古朴,国保景点,商业化气息",,,,,,,,,,,,,,,,,,,,,,,,,,,,,,
历时一年集齐了震泽宝塔的春夏秋冬四季辗转我匆匆走过它却在慢慢沉淀古镇上的一年四季各有各的美这大概就是人在画中游吧??,9,"震泽宝塔,春夏秋冬,四季辗转,古镇,一年四季,各有各的美,人在画中游",,,,,,,,,,,,,,,,,,,,,,,,,,,,,,
??交通火车??南京-苏州99元  耗时1小时33分钟地铁??苏州-吴江出行tips????????住宿推荐                                                                                                  白玉兰酒店(苏州吴江万宝广场店)167元??CityWalk路线DAY1??同里古镇-静思园-苏州博物馆-东太湖生态园-苏州湾黄金湖DAY2??:吴江运河文化旅游景-平望古镇-黎里古镇-蚕花里历史风貌街区-盛泽古镇1??黎里古镇??票价古镇内景点联票??60????周边线路推荐黎里古镇六悦博物馆2??震泽古镇??票价古镇内景点联票??70元王锡阐爱国主义基地??周一闭馆????周边线路推荐震泽古镇震泽省级湿地公园3??平望古镇??地址吴江运河文化旅游区??票价古镇??????周边线路推荐平望古镇莺脰湖生态公园4??同里古镇古镇8个景点的联票这8个景点分别是:退思园珍珠塔松石悟园太湖水利展示馆崇本堂嘉荫堂耕乐堂罗星洲门票??79元5??苏州湾博物馆一层设两个特展厅用于举办国内外精品展四层属于常设展览展品是吴江历史文化陈列美食推荐1??夜半不二只要你想不到吃什么就去他家他们家种类很全烤串粥炒菜都有2??老破小火锅一定要点金汤锅酸酸辣辣的很好吃他们家的炒面 肉多多版3??希望你好外卖??不知道吃什么我就会点他们家凉面是甜口而且他们家还可以点炸串4??跷脚面馆/一家面馆个人还是觉得一家面馆好吃 ??5??台式火锅上次和朋友去吃的 套餐式一人一个小锅也比较干净听说老板是台湾人6??虾爸爸/三尺有味/桂宝/达古纳/赫本/城南华苑黄牛肉火锅,7,"古镇,景点,联票,票价,博物馆,湿地公园,历史文化,美食,夜半不二,老破小火锅,希望你好外卖,跷脚面馆,台式火锅",,,,,,,,,,,,,,,,,,,,,,,,,,,,,,
有小伙伴上去过吗,5,小伙伴,,,,,,,,,,,,,,,,,,,,,,,,,,,,,,
?探索历史的长廊走进震泽古镇??? 在喧嚣都市的喧嚣之外有一片被时光轻柔抚触的古镇震泽这里每一块石板路都诉说着过往的故事每一道古桥都连接着历史的深度???? 漫步在蜿蜒的水巷旁看渔船轻轻划过倒映出古镇的宁静与岁月的痕迹?? 在震泽你可以慢慢走细细品一杯清茶一碟当地特色小吃都能让你感受到生活的本真和古镇的韵味?? 不要忘了用镜头记录下这一刻的美好无论是晨光初照的古桥还是夕阳下的老街都是值得珍藏的画面??也可入住藏在巷子里古老的家~西坡震泽,9,"古镇,石板路,古桥,水巷,渔船,宁静,岁月,清茶,特色小吃,生活本真,古镇韵味,镜头,晨光,夕阳,老街,巷子,西坡震泽",,,,,,,,,,,,,,,,,,,,,,,,,,,,,,
五一去太湖吧骑车自驾露营都可以不用挤人少人海随便寻一处人少的地方看看春天真的超治愈[一R]渔洋山苏州太湖边的制高点缆车登顶俯瞰湖光山色山顶咖啡厅观日落视角绝佳有免费徒步路线出发前可以查攻略[二R]西山岛太湖最大岛屿原生态渔村与橘园遍布自驾环岛摘枇杷吃农家湖鲜最惬意[三R]陆巷古村太湖边最后的静谧古村明代宰相故里的明清建筑群石板路幽深[四R]鼋头渚太湖西北岸的半岛以樱花和湖景闻名春季赏樱人很多但值得早起避开人群[五R]惠山古镇无锡保存最完整的明清古街区春晚分会场吃油酥饼喝二泉茶感受市井烟火[六R]震泽古镇低调的江南水乡2个最佳机位就在镇入口蚕丝文化浓厚逛师俭堂吃黑豆腐干比热门古镇清静[七R]南浔古镇南浔可以满足你对江南古镇的所有幻想还免费夜游灯光秀氛围很到位[八R]新港口灯塔无锡太湖边的红白灯塔日系风拍照打卡地阴天也能拍出孤独感大片[九R]太湖观景台看太湖日出的好地方夕阳倒映下也特别美附近有长兴太湖博物馆可以一起逛[一R][零R]大有秋新晋赏樱胜地免费而且人少人造景观结合太湖湿地顺路可以去看看,7,"古镇原貌,商业水平不高,童年的梦",,,,,,,,,,,,,,,,,,,,,,,,,,,,,,
祝大家新年快乐 欢迎大家来震泽旅游??P2-5慈云寺&禹迹桥 印章的最上方P9 师检堂P10 麦芽塌饼我也不确定是不是[捂脸R]P11 四碗茶楼P12 黑豆干新年来这Citywalk吧 感受一下江南古镇的春节氛围,8,"慈云寺,禹迹桥,师检堂,麦芽塌饼,四碗茶楼,黑豆干,Citywalk,江南古镇,春节氛围",,,,,,,,,,,,,,,,,,,,,,,,,,,,,,
在持续的高温缓解后来了一次江南古镇游我们从震泽古镇开始到南浔古镇芦墟古镇甪直古镇最后在周庄古镇结束这一路经历了凉爽暴雨高温我们在各种环境里体验着不同的古镇场景感受着不同的古镇风韵同时也收获着不同的旅游心情,7,"古镇场景,古镇风韵,旅游心情",,,,,,,,,,,,,,,,,,,,,,,,,,,,,,
震泽宋绍兴初年设镇位于苏州和湖州的交界地带与南浔古镇比邻这里也是古时湖丝的主要产区这个古镇吧有趣的景点不多比较适合躺平在古运河边和朋友一起看看风景喝喝茶聊聊天发发呆10元的茶无限量续水可以打发一下午的时光饿了还可以在店家点一桌本地特色菜打卡景点,7,"古镇,古运河,风景,茶,本地特色菜",,,,,,,,,,,,,,,,,,,,,,,,,,,,,,
江南小镇里能叫出名字的千篇一律的人山人海的恐怕是没几个想去的震泽就非常不一样市井的让人安心这个两千年历史的江南古镇距离沪苏杭主城仅有1-2h车程高铁开通后更是轻松可达过上两天安静的慢生活那可真的有点幸福?尤其是这个四合院,9,"市井,安静,慢生活,幸福,四合院",,,,,,,,,,,,,,,,,,,,,,,,,,,,,,
??震泽古镇城市定向寻宝团建攻略???在这个喧嚣的世界里总有一些地方能让我们放慢脚步感受历史的沉淀和文化的韵味震泽古镇就是这样一处让人流连忘返的地方??走进古镇仿佛穿越到了千年前青石板路古色古香的建筑每一处都透露着岁月的痕迹沿着小河漫步河水清澈见底偶尔有几只小鱼在水中嬉戏仿佛在诉说着古镇的故事??震泽古镇城市定向活动1??分组进行参与者被分为若干小组每队需在规定时间内根据地图线索在古镇内寻找指定的地点并完成任务2??任务内容每个地点都有独特的设计任务如拍照打卡品尝当地特色小吃寻找古镇内的历史建筑等3??团队配合活动中小组成员需互相协作发挥各自特长共同完成任务4??积分制度根据完成任务的速度和准确性每队将获得相应的积分最后根据积分排名获得丰厚奖品??震泽古镇城市定向活动不仅锻炼了大家的团队协作能力还能让大家在轻松愉快的氛围中深入了解古镇的历史文化快来这里和你的小伙伴们一起度过一个难忘的团建时光吧,10,"放慢脚步,历史的沉淀,文化的韵味,流连忘返,青石板路,古色古香,岁月的痕迹,小河,河水清澈见底,小鱼,古镇的故事,城市定向活动,分组进行,地图线索,指定地点,任务内容,拍照打卡,特色小吃,历史建筑,团队配合,互相协作,积分制度,团队协作能力,历史文化,团建时光",,,,,,,,,,,,,,,,,,,,,,,,,,,,,,
虹饮山房位于苏州市吴中区木渎古镇山塘街? 虹饮山房是清初木渎文人徐士元的私家园林徐士元是个落第秀才一生不慕功名惟喜居家读书但嗜酒且酒量极大号称虹饮又因宅园毗邻虹桥虹所饮者桥下之香溪也虹饮山房之名即由此而来? 乾隆下江南每游木渎必先在此弃舟登岸入园游历因而当地都习惯称虹饮山房为乾隆的民间行宫纪晓岚和珅刘墉等大臣也都曾数次下榻于此留下了段段脍炙人口的佳话?     虹饮山房融江南文人园林之秀美及北方皇家园林之雄丽为一体其建筑布局端庄严谨中路为门厅花厅和古戏台建筑体量宏大宽敞既有江南园林的婉约精致又具北方园林的大气开阔于大开大合之间尽显宦家之气度幽人之韵致是南北园林不同文化风格巧妙融合于一体的典范? 景观景致门对香溪背靠灵岩溪山风月之美池亭花木之胜远胜过其他园林园内池泓浩渺亭阁环抱曲桥蜿蜒绿柳摇曳虹饮山房具有深厚的历史文化底蕴和独特的园林景观是苏州园林中的一颗璀璨明珠也是了解清代历史文化的重要场所??苏州  虹饮山房?? Z24-70  4,9,"虹饮山房, 清初, 徐士元, 私家园林, 虹饮, 香溪, 乾隆, 民间行宫, 纪晓岚, 和珅, 刘墉, 江南文人园林, 北方皇家园林, 秀美, 雄丽, 端庄严谨, 门厅, 花厅, 古戏台, 宏大宽敞, 婉约精致, 大气开阔, 幽人之韵致, 香溪, 灵岩, 溪山风月, 池亭花木, 园林景观, 历史文化底蕴, 苏州园林",,,,,,,,,,,,,,,,,,,,,,,,,,,,,,
已经开始期待春暖花开的季节了,7,"春暖花开,季节",,,,,,,,,,,,,,,,,,,,,,,,,,,,,,
4月16日 晚到达苏州震泽古镇  这是第六次打卡 这里比较适合休息停靠  古镇在重建 很多店铺都不干了 但同时也有很多新开的店铺 生意没有前几次来那么??  附近有个市场  饮料挺便宜,5,"古镇,重建,新开的店铺,市场,饮料便宜",,,,,,,,,,,,,,,,,,,,,,,,,,,,,,
??地点周庄古镇??门票100/人??地点阿里古镇??门票100/人??地点震泽古镇??门票70/人??地点穹窿山??门票80/人??地点尚湖??门票80/人??????????这几个地方风景优美自然风光秀丽用@江苏旅游年卡 帮你省下一大笔钱不用各个景点都去买门票啦只需要一张卡便可以畅游江苏二百景点,8,"风景优美,自然风光秀丽,江苏旅游年卡",,,,,,,,,,,,,,,,,,,,,,,,,,,,,,
??历史场景斜塘地名最早出现在南宋苏州郡守郑霖写于淳祐九年(1249年)的重修昆山塘记略一文中郑霖的文章中详尽地记述了淳熙六年(1179年)发运使魏峻疏浚娄江治理沙湖的过程文中记疏浚前的航道时说:从新洋江出吴淞江斜塘以至葑门其中提及斜塘的地理位置与今无异元末明初诗人高启隐居吴淞青丘(原属吴县甪直今在胜浦境内)期间曾写过一首诗题为舟归江上过斜塘诗云:漫漫春塘水没沙清明初过已无花春寒欲雨归心急懒驻扁舟问酒家从高启的经历来看这首诗应写于1360年-1370年间距今已有600 多年了因此可知斜塘这一地名可追溯的历史应该是很长的斜塘之名与其地理位置有关斜塘地处吴郡东侧吴郡往东有两条水路必经斜塘?? 车坊一个镇不及斜塘一个金老街著名姓氏/在故事中讲述四大姓氏的兴衰史旧时斜塘商家以金张马陆四大姓氏称著其中金姓最具实力有谚云:车坊一个镇不及斜塘一个金金姓家族原是明末清初为避战乱从江苏彭城(今徐州)迁徙来斜塘镇东市梢定居的大户历经三百多年繁衍成斜塘商界的大族金氏家族的祖先为汉武帝时的金日殫刻印于清代光绪十年(公元1884年)的彭城家谱记载金家正是诧(d)侯的后裔定居斜塘的始祖叫金孟昭明末清初从山东彭城(今江苏徐州)迁来以后金氏子孙半耕半读半儒半商到修家谱时金氏家族族繁人众出现了金云樵金襟江金松坡等10门金姓大户在当地金张马陆四大家族中排在首位当时民间甚至有车坊一个镇勿及斜塘一个金的说法清末以来斜塘金姓开设过金乾阳致和堂等药店以及金正大布号金永盛糟坊金德泰酒店金晋泰南货金正泰肉店等店铺??乡土风情南宋年间斜塘小镇就已形成水陆通道河街并行的繁荣风貌据斜塘镇志记载老镇区(斜塘老街)形成于清朝初年时称南斜塘镇由此可以说斜塘已由元明时期的一个古村至清朝时已为一古镇了至清初经济渐盛时南来北往的商户在小镇老街上落户经商逐渐形成了商贾云集的繁华街市据介绍斜塘老街曾经商号铺面林立多属小本经营的夫妻老婆店据1928年苏州明报时有商铺多达270家如地货行米行布店绸号酱园茶馆酒楼糖果店寿器店席草行之类据1949年刚解放时登记街上仅铁匠铺之类手工作坊就有20多家,7,"斜塘,南宋,郑霖,淳祐九年,重修昆山塘记略,魏峻,娄江,沙湖,高启,吴淞青丘,舟归江上过斜塘,春塘,地理位置,吴郡,车坊,金老街,四大姓氏,金张马陆,金姓,江苏彭城,徐州,东市梢,汉武帝,金日殫,彭城家谱,光绪十年,金孟昭,明末清初,半耕半读,半儒半商,金乾阳,致和堂,金正大布号,金永盛糟坊,金德泰酒店,金晋泰南货,金正泰肉店,乡土风情,水陆通道,河街并行,斜塘镇志,南斜塘镇,元明时期,古村,清朝,商贾云集,夫妻老婆店,地货行,米行,布店,绸号,酱园,茶馆,酒楼,糖果店,寿器店,席草行,手工作坊",,,,,,,,,,,,,,,,,,,,,,,,,,,,,,
震泽锄经园去年五月拍的图属于是老图新发了锄经园园小而地狭园内无水跨入月洞门内却宛如登临仙岛方寸之间塞入假山亭廊厅阁等建筑人处其中倒觉悠远深邃向天借地妙趣无穷,9,"震泽,锄经园,园小而地狭,无水,月洞门,仙岛,方寸之间,假山,亭廊,厅阁,悠远深邃,向天借地,妙趣无穷",,,,,,,,,,,,,,,,,,,,,,,,,,,,,,
TVB综艺江湖见打卡吴江震泽黎耀祥麦长青享受惬意江南古镇生活,8,"TVB, 综艺, 江湖见, 打卡, 吴江, 震泽, 黎耀祥, 麦长青, 惬意, 江南, 古镇, 生活",,,,,,,,,,,,,,,,,,,,,,,,,,,,,,
今天是烟雨江南古镇还是千篇一律都差不多,4,烟雨江南古镇,,,,,,,,,,,,,,,,,,,,,,,,,,,,,,
早上起来后直接驱车近百公里到震泽古镇游览震泽古镇免门票停车场免费整个古镇商业气息不是很浓保持着淳朴的民风这在当前大环境下非常难得由于是工作日游人不是很多感觉非常不错,9,"免门票,停车场免费,商业气息不是很浓,保持着淳朴的民风,游人不是很多",,,,,,,,,,,,,,,,,,,,,,,,,,,,,,
当时是看到麦芽二字就随手买了俩一黄豆沙馅儿一红豆沙馅儿因为对景点小吃抱有成见向来浅尝辄止不敢买多回来又忘了这个小零食两天后取出来微波一下后悔买少了黄豆沙的尤其好清甜不腻下次再去一定揣上一大包[偷笑R],9,"麦芽, 黄豆沙馅儿, 红豆沙馅儿, 景点小吃, 微波, 清甜不腻",,,,,,,,,,,,,,,,,,,,,,,,,,,,,,
震泽镇隶属于江苏省苏州市吴江区位于吴江区西部江浙交界处北濒太湖东西与浙江南浔接界震泽镇是个有2000多年历史的古镇也是个以蚕丝产业闻名的江南水乡先后被评为中国亚麻蚕丝被家纺名镇江苏省历史文化名镇等2016年10月震泽镇被评为第一批中国特色小镇宝塔街位于頔塘河北岸震泽古镇的主要景点和历史遗址都在这条街震泽镇隶属于江苏省苏州市吴江区位于吴江区西部江浙交界处北濒太湖东西与浙江南浔接界慈云禅寺P1112位于江苏苏州市吴江区震泽镇创建于宋咸淳公元1265-1274年年间明正统中1436-1449年重建旧名广济寺坐落于慈云禅寺内的慈云塔位于震泽镇宝塔街东端寺塔以慈云命名故称慈云寺塔民间又称望夫塔该塔为六面五层砖木结构高38.44米由塔壁回廊塔心组成在塔的东南隅有一座为纪念大禹治水而于清乾隆时建造的单孔拱形石桥禹迹桥P113与宝塔互成呼应构成了拱桥塔影这一水乡特有的自然景观,7,"古镇,蚕丝产业,江南水乡,中国亚麻蚕丝被家纺名镇,江苏省历史文化名镇,中国特色小镇,宝塔街,慈云禅寺,慈云塔,望夫塔,禹迹桥,拱桥塔影,水乡",,,,,,,,,,,,,,,,,,,,,,,,,,,,,,
甪直古镇朴素宁静像刚学会打扮的农村小姑娘胡乱施了些脂粉没有周庄的浓艳乌镇的精致同里的明快也没有西塘的秀丽和南浔的浑然天成但她仍不失质朴和纯真廊桥的一碗大肉奥灶面随处可见的酱萝卜甪直也是有滋有味的呢苏州市区地铁6号线转快线5路80分钟直达游客廖廖适合一个人的午后慢慢走走,7,"朴素,宁静,质朴,纯真,廊桥,大肉奥灶面,酱萝卜,有滋有味,游客廖廖,适合,午后,慢慢走走",,,,,,,,,,,,,,,,,,,,,,,,,,,,,,
??吴江震泽古镇??上海出发沪苏湖高铁盛泽站打车15分钟车程??古镇免费进入部分景点收费各类旅游年卡需在游客中心换取纸质门票1??,6,"古镇免费进入,部分景点收费,各类旅游年卡,游客中心,换取纸质门票",,,,,,,,,,,,,,,,,,,,,,,,,,,,,,
震泽一座隐匿在江南水乡的千年古镇 游客不多 保持了纯正当地人的生活场景?这里的慈云寺塔和禹迹桥是震泽古镇的标志性建筑 古塔古桥相互映衬?街边的茶馆里 茶香四溢 人们悠闲地品着茶 谈论着所见所闻?老人们坐在河边垂满柳条的凉亭里 微笑地看着来往人群 眼神里充满了平和?贯穿整个古镇的宝塔街 慢生活和烟火气精神都浓缩在这几百米长度的空间里?在这里 生活不再是匆匆忙忙 有着它最本真的模样,10,"震泽, 江南水乡, 千年古镇, 游客不多, 纯正, 当地人, 生活场景, 慈云寺塔, 禹迹桥, 标志性建筑, 古塔, 古桥, 茶馆, 茶香四溢, 品茶, 悠闲, 老人, 河边, 凉亭, 微笑, 平和, 宝塔街, 慢生活, 烟火气, 最本真的模样",,,,,,,,,,,,,,,,,,,,,,,,,,,,,,
金井栏边见羽仪梧桐枝上宿寒枝五陵公子怜文彩画与佳人刺绣衣馀庆堂建于清末前后共有三进坐南朝北一进临花山头路门头上刻有凤穿牡丹三国演义等戏文故事,8,"金井栏,羽仪,梧桐枝,五陵公子,文彩,佳人,刺绣衣,馀庆堂,清末,三进,坐南朝北,花山头路,门头,凤穿牡丹,三国演义,戏文故事",,,,,,,,,,,,,,,,,,,,,,,,,,,,,,
师俭堂三进墙门上的砖雕门楼整体舒朗大气既有苏派砖雕门楼的精巧秀丽又融入了震泽本地的地方风格,9,"师俭堂,三进墙门,砖雕门楼,舒朗大气,苏派砖雕门楼,精巧秀丽,震泽本地,地方风格",,,,,,,,,,,,,,,,,,,,,,,,,,,,,,
[种草R]震泽才是梦里水乡的模样?? 交通指南?? 自驾导航震泽古镇游客中心苏州出发约50分钟上海/杭州约1.5小时?? 高铁至苏州站后转乘震泽专线大巴或直接打车约100元?? 必打卡景点1?? 慈云寺塔+禹迹桥江南塔桥相映的经典CP晴天光影绝美雨天烟雨朦胧随手一拍就是水墨画2?? 师俭堂江南第一堂名不虚传150年历史的深宅大院后花园锄经园藏着绝美四面亭绿荫环绕古风出片神地3?? 宝塔老街350米长的烟火气老街阿婆现包的青菜团子5元/个央视同款仁昌顺非遗定胜糕黑豆腐干边走边吃超满足4?? 蚕桑文化园震泽是中国蚕丝之乡亲手喂蚕宝宝体验缫丝工艺还能买真丝围巾性价比高哟[斜眼R]?? 美食推荐? 四碗茶风枵茶糯米薄片+糖水熏豆茶明目养生本地人待客必备? 老严卤菜馆酱鸭面25元酱汁浓郁鸭肉酥烂嗦完面连汤都喝光? 香青菜团子齐心村阿姨手作豆干+香青菜内馅糯叽叽一口爆香[哇R]?? 小贴士?? 古镇免费师俭堂+慈云寺塔联票75元按需购买?? 穿舒适鞋子石板路+窄巷暴走不累脚?? 推荐住一晚民宿水岸寒舍真丝床品体验江南丝意生活[哇R]? 跟着攻略走震泽不迷路? 点赞收藏周末就出发[暗中观察R],10,"震泽, 梦里水乡, 交通指南, 自驾导航, 震泽古镇游客中心, 苏州, 上海, 杭州, 高铁, 苏州站, 震泽专线大巴, 打车, 必打卡景点, 慈云寺塔, 禹迹桥, 江南塔桥, 光影绝美, 烟雨朦胧, 水墨画, 师俭堂, 江南第一堂, 150年历史, 深宅大院, 后花园, 锄经园, 四面亭, 绿荫环绕, 古风出片神地, 宝塔老街, 烟火气, 青菜团子, 央视同款, 仁昌顺, 非遗定胜糕, 黑豆腐干, 蚕桑文化园, 中国蚕丝之乡, 喂蚕宝宝, 缫丝工艺, 真丝围巾, 性价比高, 四碗茶, 风枵茶, 糯米薄片, 糖水熏豆茶, 明目养生, 老严卤菜馆, 酱鸭面, 酱汁浓郁, 鸭肉酥烂, 香青菜团子, 齐心村阿姨手作, 豆干, 内馅糯叽叽, 小贴士, 古镇免费, 联票, 舒适鞋子, 石板路, 窄巷, 暴走不累脚, 推荐住一晚, 民宿, 水岸寒舍, 真丝床品, 江南丝意生活",,,,,,,,,,,,,,,,,,,,,,,,,,,,,,
西塘古镇感觉有些过度开发的了河边同质化的商铺太密集各种景点小吃没什么特色但单论古镇建筑还是很不错的值得一看相比之下震泽古镇会显得多了些悠闲清静河两岸很多小茶馆适合闲坐发呆但是古镇建筑就没有西塘那么多可逛的天气很好随手一拍都像是诗句里的江南??开车去的话两个地方停车都很方便可以直接导航到景区停车场??西塘需要买门票可以提前在线上买好也可以到了现场买震泽不需要买门票??这次住在西塘古镇旁边的万达美华度假酒店环境和服务感觉都很好出门就到景区入口价格感觉也可以???两顿饭都在西塘古镇的古韵餐厅吃的本以为景区里吃饭也不会有什么好吃的但是这家餐厅改变了我的看法第一天晚上吃了一顿感觉很好吃第二天中午又去吃了一顿两天点的菜都很好吃,7,"悠闲,清静,小茶馆,发呆,古镇建筑,天气,诗句,江南,停车,环境,服务,景区入口,价格,古韵餐厅,好吃",,,,,,,,,,,,,,,,,,,,,,,,,,,,,,
2015年开始每年夏天都来今年的口感好像特别好欢迎小伙伴们过来试试就在震泽古镇上~ 时间真的过得好快啊记得当年第1次来的时候老板娘的孩子还小现在儿子都高三了女儿也初三[派对R],9,"口感,老板娘,孩子,儿子,女儿,震泽古镇",,,,,,,,,,,,,,,,,,,,,,,,,,,,,,
震泽一座隐匿在江南水乡的千年古镇 游客不多 保持了纯正当地人的生活场景?这里的慈云寺塔和禹迹桥是震泽古镇的标志性建筑 古塔古桥相互映衬?街边的茶馆里 茶香四溢 人们悠闲地品着茶 谈论着所见所闻?老人们坐在河边垂满柳条的凉亭里 微笑地看着来往人群 眼神里充满了平和?贯穿整个古镇的宝塔街 慢生活和烟火气精神都浓缩在这几百米长度的空间里?在这里 生活不再是匆匆忙忙 有着它最本真的模样,10,"隐匿, 千年古镇, 游客不多, 纯正, 当地人, 生活场景, 慈云寺塔, 禹迹桥, 标志性建筑, 古塔, 古桥, 茶馆, 茶香四溢, 品茶, 悠闲, 河边, 凉亭, 微笑, 平和, 宝塔街, 慢生活, 烟火气, 本真",,,,,,,,,,,,,,,,,,,,,,,,,,,,,,
震泽镇隶属于江苏省苏州市吴江区位于吴江区西部江浙交界处北濒太湖东西与浙江南浔接界震泽镇是个有2000多年历史的古镇也是个以蚕丝产业闻名的江南水乡先后被评为中国亚麻蚕丝被家纺名镇江苏省历史文化名镇等2016年10月震泽镇被评为第一批中国特色小镇宝塔街位于頔塘河北岸震泽古镇的主要景点和历史遗址都在这条街震泽镇隶属于江苏省苏州市吴江区位于吴江区西部江浙交界处北濒太湖东西与浙江南浔接界慈云禅寺P1112位于江苏苏州市吴江区震泽镇创建于宋咸淳公元1265-1274年年间明正统中1436-1449年重建旧名广济寺坐落于慈云禅寺内的慈云塔位于震泽镇宝塔街东端寺塔以慈云命名故称慈云寺塔民间又称望夫塔该塔为六面五层砖木结构高38.44米由塔壁回廊塔心组成在塔的东南隅有一座为纪念大禹治水而于清乾隆时建造的单孔拱形石桥禹迹桥P113与宝塔互成呼应构成了拱桥塔影这一水乡特有的自然景观,7,"古镇,蚕丝产业,江南水乡,中国亚麻蚕丝被家纺名镇,江苏省历史文化名镇,中国特色小镇,宝塔街,頔塘河,历史遗址,慈云禅寺,宋咸淳,明正统,广济寺,慈云塔,望夫塔,六面五层砖木结构,禹迹桥,清乾隆,单孔拱形石桥,拱桥塔影,水乡,自然景观",,,,,,,,,,,,,,,,,,,,,,,,,,,,,,
端午假期 震泽古镇在古镇国保古建筑师俭堂中有个苏州园林编第43号的袖珍私家花园面积仅240平方米但设计巧妙亭厅楼阁假山曲廊园林的基本元素样样齐全四面厅五角亭回廊藜光阁等建筑精巧的星布其间东边沿壁是一回廊西边垒起假山假山上面倚墙建了一个半亭建筑群高低起伏错落有致围墙上空花漏窗疏远阔朗此园名为锄经园意取汉书倪宽传带经而锄一句但锄字少了右边的力这是寓意遇到事情要勤学善思不用蛮力园内一副对联也有意思上联欲无后悔须修己下联各有前因莫羨人,9,"震泽古镇,国保古建筑,俭堂,苏州园林,袖珍私家花园,设计巧妙,亭厅楼阁,假山曲廊,四面厅,五角亭,回廊,藜光阁,建筑精巧,星布,回廊,假山,半亭,高低起伏,错落有致,花漏窗,疏远阔朗,锄经园,汉书倪宽传,带经而锄,寓意,勤学善思,对联,欲无后悔须修己,各有前因莫羨人",,,,,,,,,,,,,,,,,,,,,,,,,,,,,,
盘点了一下2024年竟然看过了那么多的江南风物概括下来就是古镇古村古迹文创和展览过去一年足迹基本都在上海和周边区域不算远却也花费了不少时间以及油费只好安慰自己说这一年周末过得挺充实绳命的宽度又增加了一些[暗中观察R][汗颜R]当然也有些遗憾比如未能回临汾看看天台山因为发烧未能成行以及四明山金华浦江东阳古村落游希望来年都会实现吧[红色心形R][种草R]上海周边[种草R][红色心形R]宣城泾县宣纸文化园皖南川藏线黄山歙县歙砚博物馆徽墨工艺许村古村黄山黟县西递古村南屏古村昆山天福湿地周庄嘉兴王江泾镇一里街南湖烟雨楼富阳东梓关村桐庐石舍村青龙坞翙岗古村嵊州崇仁古镇百丈瀑越剧小镇华堂村常熟尚湖赵曾园方塔园湖州南浔古镇百间楼张静江旧居...苏州震泽古镇盛泽先蚕祠黎里古镇三亚海棠湾亚龙湾清水湾[红色心形R][种草R]上海市内[种草R][红色心形R]青浦朱家角青龙寺东西村东厍村刘夏村松江天马山浦江源头方塔园袜子弄张朴桥天主堂天马射电望远镜井凌桥村仓城宝山玻璃博物馆崇明长兴岛奉贤奉贤博物馆青溪老街言子书院浦东EKA天物川沙老宅新场古镇嘉定州桥老街秋霞圃黄埔梓园遗址清心堂徐光启九间楼静安怀恩堂西摩公馆戈登路巡捕房旧址闵行闵行博物馆大零号湾图书馆红园宝龙美术馆金氏宗祠.,2024,"古镇,古村,古迹,文创,展览,充实,绳命,宽度,临汾,天台山,四明山,金华,浦江,东阳,古村落,许村,宣城,泾县,宣纸文化园,皖南川藏线,歙县,歙砚博物馆,徽墨工艺,崇仁古镇,百丈瀑,越剧小镇,华堂村,常熟,尚湖,赵曾园,方塔园,南浔古镇,百间楼,张静江旧居,震泽古镇,盛泽先蚕祠,黎里古镇,天福湿地,周庄,王江泾镇,一里街,南湖烟雨楼,东梓关村,石舍村,青龙坞,翙岗古村,三亚,海棠湾,亚龙湾,清水湾,朱家角,青龙寺,东西村,东厍村,刘夏村,天马山,浦江源头,方塔园,袜子弄,张朴桥,天主堂,天马射电望远镜,井凌桥村,仓城,奉贤博物馆,青溪老街,言子书院,浦东EKA天物,川沙老宅,新场古镇,州桥老街,秋霞圃,梓园遗址,清心堂,徐光启九间楼,怀恩堂,西摩公馆,戈登路巡捕房旧址,闵行博物馆,大零号湾图书馆,红园,宝龙美术馆,金氏宗祠",,,,,,,,,,,,,,,,,,,,,,,,,,,,,,
"姚明退役后很少出现在公众视野这次突然和父母一起回老家苏州还真让不少人意外4月7日他陪同父母回到吴江老家一家三口的身影在当地引起不小轰动这次回老家姚明身上最明显的变化就是身材以前在球场上那个精瘦的""移动长城""不见了取而代之的是个大肚腩走路时步子都明显变沉估计体重得有三四百斤一身休闲装穿在身上怎么看都不像个经常运动的人在震泽古镇姚明那2米26的个子可吃了不少苦头古镇里的青藤架子对他来说实在太矮每次走过都得弯着腰不然准撞到头倒是他爸妈虽然也都是高个子但走起来还算轻松姚明这一家子的基因真不是盖的他爸姚志源2米08他妈方凤娣1米88都是前篮球运动员这对夫妻不光给儿子遗传了好身高还培养了他的篮球天赋这才造就了后来的NBA巨星有趣的是姚明走到哪都自带降低视角效果周围的工作人员和游客站在他旁边活像进了矮人国不过姚明倒是很平易近人一路上和大家有说有笑完全没有球星架子这次回老家姚明主要是陪父母四处转转他爸今年73了人上了年纪就容易想家一家人去了太湖雪茶馆品茶在当地餐厅吃早茶倒也惬意难得一见的是这次姚明脸上总带着笑容平时他给人印象都是一副严肃脸这回在家乡整个人都轻松了不少尤其是和父亲在景点大堂相互推让的画面让人看了心里暖暖的",7,"古镇原貌,商业水平不高,童年的梦",,,,,,,,,,,,,,,,,,,,,,,,,,,,,,
无需滤镜的江南秘境终于被我找到了这里没有摩肩接踵的游客只有青瓦白墙与粉樱碧波的春日私语藏着苏州最后的慢时光??导航定位苏州震泽古镇宝塔街??交通贴士??高铁至苏州站地铁4号线松陵大道站吴江震泽八都专线震泽公交首末站下车步行1.3公里/??至宝塔街??景区门票古镇??开放师俭堂门票30元??春日必打卡点位?? 师俭堂春深似海 百年老宅的雕花窗棂间紫藤与木香织成瀑布回廊转角尽是历史韵味?? 宝塔街烟火满溢 青团子带着艾草清香麦芽塌饼在铁锅滋滋作响老茶楼里枕着吴侬软语饮春茶???? 慈云寺塔&禹迹桥 当春风揉碎了慈云寺塔的倒影震泽用春色如许写信??邀你共读一首流动的江南诗?私藏tips??住宿推荐西坡震泽摩登碰撞古朴的惊艳改造枕着百年雕花入眠时窗棱漏下的月光都是明代的??在地美食凤鸣江南 / 杨子酒家河鲜时蔬在柴火灶起舞葱油鸡一口如魂镬气蒸腾着江南人家的日常??手信必买仁昌顺定胜糕宝塔街尽头的非遗老字号百年传承的流心技法趁热咬破流心的那刻舌尖尝到了乾隆下江南的欢喜@薯队长 @薯条小助手 @生活薯@走走薯 @摄影薯 @日常薯@本地薯 @城市情报官,1,"江南秘境,青瓦白墙,粉樱碧波,慢时光,震泽古镇,师俭堂,雕花窗棂,紫藤,木香,宝塔街,青团子,麦芽塌饼,老茶楼,吴侬软语,慈云寺塔,禹迹桥,西坡震泽,凤鸣江南,杨子酒家,仁昌顺定胜糕,非遗老字号",,,,,,,,,,,,,,,,,,,,,,,,,,,,,,
震泽古镇禹迹桥南堍有一家咖啡店叫between cafe环境不错很有情调适合闲暇的午后坐一下午天气好的时候还能坐在店外面感受邻里邻居的烟火气吵吵闹闹柴米油盐又是一天在这个季节香樟树的花随风飘在身上衣服上伴着店门口的栀子花香也曾感觉在每天都能这么过就好了[偷笑R],9,"between cafe,环境,情调,午后,天气,店外面,邻里邻居,烟火气,香樟树,花,栀子花香",,,,,,,,,,,,,,,,,,,,,,,,,,,,,,
因为不喜欢旅行路上有太多人所以一直喜欢寻找人少小众景美的地方浙江长兴这次江浙旅行发现的宝藏小城穿行在仿唐街巷中仿佛梦回大唐盛世小众又出片整理了一个唐风打卡攻略分享给大家???唐潮十二坊(免费)??: 浙江省湖州市长兴县水口乡116乡道顾渚风景区有江南小长安的称号仿唐建筑群亭台楼阁唐风建筑很出片拍古风很适合灯笼和建筑结合夜晚灯光亮起仿佛一秒穿越大唐盛世???大唐贡茶院??70元包含茶??票??: 浙江省湖州市长兴县水口乡顾渚村因茶圣陆羽在此隐居时写下茶经而闻名于世藏在竹林深处的茶院被群山竹海包围唐风建筑古色古韵禅意十足登上陆羽阁整个唐潮?十二坊一览无余?古寿圣寺免费)??湖州市长兴县顾渚村前塔场111号(顾渚风景区内)浙江的千年古刹它与杭州灵隐寺齐名距今已有1700多年历史寺庙坐落在水口西部的金山之麓三面群山拥抱翠竹掩映古木参天寺院大门外有一雄一雌两棵千年古银杏树不敢想象秋天满树金黄的时候会有多美???: 陌上花开民宿??浙江省湖州市长兴县水口乡金山外岗村106号这个民宿距离大唐贡茶院和唐潮十二坊开车只要几分钟三层别墅还有很大的院子和花园听老板说他们还有一个猕猴桃基地果子成熟的时候可以采摘,9,"人少,小众,景美,浙江长兴,江浙旅行,宝藏小城,仿唐街巷,梦回大唐,小众又出片,唐风打卡,唐潮十二坊,免费,水口乡,顾渚风景区,江南小长安,仿唐建筑群,亭台楼阁,唐风建筑,灯笼,夜晚灯光,一秒穿越大唐盛世,大唐贡茶院,70元,茶票,茶圣陆羽,茶经,竹林深处,茶院,群山竹海,唐风建筑,古色古韵,禅意十足,陆羽阁,唐潮十二坊,古寿圣寺,免费,湖州市长兴县,顾渚村,千年古刹,杭州灵隐寺,金山之麓,翠竹掩映,古木参天,千年古银杏树,秋天满树金黄,陌上花开民宿,浙江省湖州市长兴县水口乡,三层别墅,院子,花园,猕猴桃基地,采摘",,,,,,,,,,,,,,,,,,,,,,,,,,,,,,
??当第一缕春风拂过姑苏城园林里紫藤垂瀑古镇中木香攀墙这座江南水乡摇身变成莫奈笔下的梦幻花园???避开千篇一律的旅游行程收好这条本地人私藏的春日游路线-??姑苏园林探春??沧浪亭网师园艺圃??沧浪亭木绣球4月上旬5月上旬藕花水榭茶室前的木绣球团团如玉映衬着粉墙黛瓦亭台楼阁精致花窗美得直击人心.??艺圃蔷薇4月下旬5月上旬3处蔷薇离入口处都不远细长的藤枝在斑驳的墙面肆意生长在阳光映衬下留下斑驳的花影以门窗为取景框定格园林花海美景??.??网师园紫藤花4月上旬4月中旬彩霞池旁黄石假山上的紫藤可是经典打卡地??满树紫藤花如瀑布般倾泻而下如梦似幻殿春簃的紫藤花窗景随手一拍便自带氛围感-?古镇里的慢时光??震泽古镇避开人潮打卡这座千年古镇白墙黛瓦依水而建石板路蜿蜒通幽适合用一整天感受江南的细腻与松弛感?登慈云寺塔俯瞰古镇全貌漫步师俭堂内里的木香花爬满整个墙头盛花期倾泻而下花香扑鼻站在禹迹桥上远眺日落美景坐摇橹船慢悠悠地穿行于水面之上??河两岸美景如画卷般缓缓展现在眼前沿河老街烟火气十足茶馆老面馆手作店鳞次栉比在河边来碗特色四碗茶??唇齿留香品尝油绿如玉的青团每一口都是春天的味道.??治愈系江南宅院躺平??西坡?震泽民宿位于古镇宝塔街上由一套风韵独特的江南宅院改造而成8间客房小而精??室内蓝橙相间的花砖古典和摩登相结合高品质配置处处是细节静谧的午后在茶台区域和好友小聚畅谈复古泳池旁小坐晒晒太阳?很是惬意廊檐高低过道交错移步一景皆可入画漫步院落随手拍几张氛围感美照-这里是西坡山林湖泊沙漠大海和一个想养胖你的家We Build a Snug Home for You in the Nature.-部分图源@阿毒出行中@田小吱 @拾光不舍昼夜 @居长安 @爱吃胡萝卜猫小姐 @woo是一粒苏,10,"春风,园林,紫藤,木香,江南水乡,梦幻花园,旅游行程,本地人,春日游,姑苏园林,沧浪亭,网师园,艺圃,木绣球,粉墙黛瓦,亭台楼阁,花窗,蔷薇,墙面,花影,门窗,园林花海,紫藤花,瀑布,殿春簃,花窗景,古镇,震泽古镇,人潮,千年古镇,白墙黛瓦,石板路,细腻,松弛感,慈云寺塔,古镇全貌,师俭堂,木香花,禹迹桥,日落美景,摇橹船,河两岸,画卷,老街,烟火气,茶馆,老面馆,手作店,特色四碗茶,青团,春天,治愈系,江南宅院,西坡,震泽民宿,宝塔街,风韵,客房,室内,花砖,古典,摩登,细节,午后,茶台,好友,泳池,廊檐,过道,院落,氛围感美照,山林湖泊,沙漠,大海",,,,,,,,,,,,,,,,,,,,,,,,,,,,,,
江苏苏州市吴江区盛泽镇上的先蚕祠是第七批全国重点文物保护单位建于清道光二十年1840年可能是除了北京北海先蚕坛之外现存唯二祭祀蚕神的庙宇先蚕是传说中第一个教民养蚕的人名叫嫘祖是黄帝轩辕氏的正妃先蚕祠既是祭祀蚕神的公祠又兼作丝业公所的办公场所先蚕祠现存一进院落和一座花园主要建筑有山门戏台蚕皇殿财神殿等其中蚕皇殿中供奉轩辕神农和嫘祖先蚕祠附近还有济东会馆烧麦博物馆可以就餐以及数座古桥可以一起参观,7,"先蚕祠,全国重点文物保护单位,祭祀,蚕神,庙宇,传说,嫘祖,黄帝轩辕氏,正妃,丝业公所,办公场所,院落,花园,山门,戏台,蚕皇殿,财神殿,轩辕,神农,嫘祖,济东会馆,烧麦博物馆,古桥",,,,,,,,,,,,,,,,,,,,,,,,,,,,,,
震泽古镇青石板弄醇正水乡旧时江南,9,"震泽古镇,青石板弄,醇正,水乡,旧时江南",,,,,,,,,,,,,,,,,,,,,,,,,,,,,,
- 交通指南??推荐江浙沪自驾游停车free??吴江-震泽- 景点打卡宝塔街慈云禅寺丝绸博物馆杨嘉墀故居师俭堂愚迹桥太湖雪蚕桑文化园- 美食仁昌顺 喜欢糯唧唧的直接冲老严面馆 苏式面馆四碗茶楼 当地特色茶阿婆团子素馅团子浜兜咖啡可以尝尝老严卤菜馆姜鸭面好吃王记海棠糕豆沙馅的海棠糕tips震泽古镇很小沿着主街宝塔街且吃且逛的话大半天时间就差不多了所以不推荐大家安排住宿江浙沪离得近周末自驾很推荐,8,"交通指南,自驾游,停车free,吴江,震泽,宝塔街,慈云禅寺,丝绸博物馆,杨嘉墀故居,师俭堂,愚迹桥,太湖雪蚕桑文化园,仁昌顺,糯唧唧,老严面馆,苏式面馆,四碗茶楼,当地特色茶,阿婆团子,素馅团子,浜兜咖啡,老严卤菜馆,姜鸭面,王记海棠糕,豆沙馅,周末自驾",,,,,,,,,,,,,,,,,,,,,,,,,,,,,,
震泽古镇一游,5,古镇原貌,商业化水平不高,童年的梦,,,,,,,,,,,,,,,,,,,,,,,,,,,,
新年初始漫步震泽古镇临河凭栏处沐浴阳光共茗一杯茶听一曲评弹尝一盘香青菜看老幼红男绿女懒散生活不要太好,10,"古镇,临河凭栏,阳光,茶,评弹,香青菜,老幼红男绿女,懒散生活",,,,,,,,,,,,,,,,,,,,,,,,,,,,,,
??当第一缕春风拂过姑苏城园林里紫藤垂瀑古镇中木香攀墙这座江南水乡摇身变成莫奈笔下的梦幻花园???避开千篇一律的旅游行程收好这条本地人私藏的春日游路线-??姑苏园林探春??沧浪亭网师园艺圃??沧浪亭木绣球4月上旬5月上旬藕花水榭茶室前的木绣球团团如玉映衬着粉墙黛瓦亭台楼阁精致花窗美得直击人心.??艺圃蔷薇4月下旬5月上旬3处蔷薇离入口处都不远细长的藤枝在斑驳的墙面肆意生长在阳光映衬下留下斑驳的花影以门窗为取景框定格园林花海美景??.??网师园紫藤花4月上旬4月中旬彩霞池旁黄石假山上的紫藤可是经典打卡地??满树紫藤花如瀑布般倾泻而下如梦似幻殿春簃的紫藤花窗景随手一拍便自带氛围感-?古镇里的慢时光??震泽古镇避开人潮打卡这座千年古镇白墙黛瓦依水而建石板路蜿蜒通幽适合用一整天感受江南的细腻与松弛感?登慈云寺塔俯瞰古镇全貌漫步师俭堂内里的木香花爬满整个墙头盛花期倾泻而下花香扑鼻站在禹迹桥上远眺日落美景坐摇橹船慢悠悠地穿行于水面之上??河两岸美景如画卷般缓缓展现在眼前沿河老街烟火气十足茶馆老面馆手作店鳞次栉比在河边来碗特色四碗茶??唇齿留香品尝油绿如玉的青团每一口都是春天的味道.??治愈系江南宅院躺平??西坡?震泽民宿位于古镇宝塔街上由一套风韵独特的江南宅院改造而成8间客房小而精??室内蓝橙相间的花砖古典和摩登相结合高品质配置处处是细节静谧的午后在茶台区域和好友小聚畅谈复古泳池旁小坐晒晒太阳?很是惬意廊檐高低过道交错移步一景皆可入画漫步院落随手拍几张氛围感美照-这里是西坡山林湖泊沙漠大海和一个想养胖你的家We Build a Snug Home for You in the Nature.-部分图源@阿毒出行中@田小吱 @拾光不舍昼夜 @居长安 @爱吃胡萝卜猫小姐 @woo是一粒苏,10,"春风,紫藤,木香,江南水乡,梦幻花园,旅游行程,春日游路线,姑苏园林,沧浪亭,网师园,艺圃,木绣球,粉墙黛瓦,亭台楼阁,花窗,蔷薇,门窗,园林花海,紫藤花,瀑布,氛围感,慢时光,震泽古镇,白墙黛瓦,石板路,细腻,松弛感,慈云寺塔,古镇全貌,师俭堂,木香花,禹迹桥,日落美景,摇橹船,河两岸,美景,画卷,沿河老街,烟火气,茶馆,老面馆,手作店,四碗茶,青团,治愈系,江南宅院,西坡,震泽民宿,宝塔街,蓝橙相间,花砖,古典,摩登,高品质配置,细节,茶台,泳池,山林湖泊,沙漠,大海",,,,,,,,,,,,,,,,,,,,,,,,,,,,,,
古镇的四月老墙忽然柔软起来木香花瀑轰然垂落??古镇巷尾无人问津的角落才最惊艳P2-P7木渎古镇七分甜P8-P10古街石牌那里P11-P12隽品堂p13-P14鱼米纪后面P15-P16虹桥南,2,"古镇,老墙,木香花瀑,巷尾,角落,惊艳,木渎古镇,古街石牌,隽品堂,鱼米纪,虹桥南",,,,,,,,,,,,,,,,,,,,,,,,,,,,,,
走遍苏州之郑鼎丰黑豆腐干冒着生命危险在震泽古镇买了两家的黑豆腐干做了一次评测果然还是现做好的好吃一点,7,"震泽古镇,黑豆腐干,现做",,,,,,,,,,,,,,,,,,,,,,,,,,,,,,
盘点了一下2024年竟然看过了那么多的江南风物概括下来就是古镇古村古迹文创和展览过去一年足迹基本都在上海和周边区域不算远却也花费了不少时间以及油费只好安慰自己说这一年周末过得挺充实绳命的宽度又增加了一些[暗中观察R][汗颜R]当然也有些遗憾比如未能回临汾看看天台山因为发烧未能成行以及四明山金华浦江东阳古村落游希望来年都会实现吧[红色心形R][种草R]上海周边[种草R][红色心形R]宣城泾县宣纸文化园皖南川藏线黄山歙县歙砚博物馆徽墨工艺许村古村黄山黟县西递古村南屏古村昆山天福湿地周庄嘉兴王江泾镇一里街南湖烟雨楼富阳东梓关村桐庐石舍村青龙坞翙岗古村嵊州崇仁古镇百丈瀑越剧小镇华堂村常熟尚湖赵曾园方塔园湖州南浔古镇百间楼张静江旧居...苏州震泽古镇盛泽先蚕祠黎里古镇三亚海棠湾亚龙湾清水湾[红色心形R][种草R]上海市内[种草R][红色心形R]青浦朱家角青龙寺东西村东厍村刘夏村松江天马山浦江源头方塔园袜子弄张朴桥天主堂天马射电望远镜井凌桥村仓城宝山玻璃博物馆崇明长兴岛奉贤奉贤博物馆青溪老街言子书院浦东EKA天物川沙老宅新场古镇嘉定州桥老街秋霞圃黄埔梓园遗址清心堂徐光启九间楼静安怀恩堂西摩公馆戈登路巡捕房旧址闵行闵行博物馆大零号湾图书馆红园宝龙美术馆金氏宗祠.,8,"古镇,古村,古迹,文创,展览,充实,绳命,宽度,宣纸文化园,皖南川藏线,歙砚博物馆,徽墨工艺,许村,天福湿地,东梓关村,石舍村,青龙坞,翙岗古村,崇仁古镇,百丈瀑,越剧小镇,华堂村,尚湖,赵曾园,方塔园,南浔古镇,百间楼,震泽古镇,盛泽先蚕祠,黎里古镇,朱家角,青龙寺,东西村,东厍村,刘夏村,天马山,浦江源头,方塔园,袜子弄,张朴桥,天主堂,天马射电望远镜,井凌桥村,仓城,玻璃博物馆,长兴岛,奉贤博物馆,青溪老街,言子书院,新场古镇,州桥老街,秋霞圃,梓园,清心堂,徐光启九间楼,怀恩堂,西摩公馆,戈登路巡捕房旧址,闵行博物馆,大零号湾图书馆,红园,宝龙美术馆,金氏宗祠",,,,,,,,,,,,,,,,,,,,,,,,,,,,,,
"一座古镇一条河这大概是古镇的标配震泽在去之前从来没有听说过震泽古镇这个小众却悠哉无限兼烟火气的千年古镇隐匿于江南水乡之中5月1718日两天一晚去了震泽走进古镇,首先映入眼帘的是街巷间那古朴宁静的气息小桥流水曲径通幽错落有致的白墙黛瓦,仿佛时光在这里停止了脚步这里的茶室古寺庙大运河古宅无一不让我们感受到江南水乡的灵动与韵味领略其深厚的历史文化底蕴在儿时味道就餐与老板的聊家常中理想中的慢生活的节奏更淋漓尽致也是老公一直循循善诱让我们量力而行在文昌阁的广场上孩子们无忧无虑的玩耍着老人们唠着嗑广场一角有不用去理发店排队等候的10元剪发理发师技术娴熟细致的给顾客剪头发在这个快节奏的都市生活中,震泽古镇无疑是一座令人向往的世外桃源夕阳西下沿着青石板路饭后散步余晖洒在圆形石拱桥与旁边慈云寺庙的古塔映衬出一片宁静和祥和看得人意犹未尽这一刻我们真切感受到远离尘世的那份静谧与古韵的浪漫之美",10,"古镇,河,古朴,宁静,小桥,流水,曲径通幽,白墙黛瓦,茶室,古寺庙,大运河,古宅,江南水乡,灵动,韵味,历史文化底蕴,儿时味道,慢生活,文昌阁,广场,孩子们,老人们,10元剪发,理发师,技术娴熟,快节奏,都市生活,世外桃源,夕阳西下,青石板路,圆形石拱桥,慈云寺庙,古塔,宁静,祥和,静谧,古韵,浪漫之美",,,,,,,,,,,,,,,,,,,,,,,,,,,,,,
导航到禹迹路停车场离古镇很近往里开后面有一大片停车位停车免费午餐可以网红震泽老严卤菜馆人很多要排队有位子的话赶紧吃了吧河边都是茶座推荐四碗茶楼靠窗位美滴很还有打卡仁昌顺油墩子和萝卜丝饼不是一样东西不信去尝尝油墩子可是有甜有咸就是没有萝卜丝[偷笑R]景点的话一定要去师俭堂虽然要三十的门票70以上免票进去就觉得很值太美太出片了人还不多极其推荐PS四碗茶楼附近的豆花点心店也不错哈,9,"古镇,停车免费,网红震泽老严卤菜馆,河边茶座,四碗茶楼靠窗位,仁昌顺油墩子,萝卜丝饼,师俭堂,四碗茶楼,豆花点心店",,,,,,,,,,,,,,,,,,,,,,,,,,,,,,
苏州震泽古镇自由行之二,7,古镇原貌,商业水平不高,童年的梦,,,,,,,,,,,,,,,,,,,,,,,,,,,,
震泽一座隐匿在江南水乡的千年古镇 游客不多 保持了纯正当地人的生活场景?这里的慈云寺塔和禹迹桥是震泽古镇的标志性建筑 古塔古桥相互映衬?街边的茶馆里 茶香四溢 人们悠闲地品着茶 谈论着所见所闻?老人们坐在河边垂满柳条的凉亭里 微笑地看着来往人群 眼神里充满了平和?贯穿整个古镇的宝塔街 慢生活和烟火气精神都浓缩在这几百米长度的空间里?在这里 生活不再是匆匆忙忙 有着它最本真的模样,10,"隐匿, 千年古镇, 游客不多, 纯正当地人生活场景, 慈云寺塔, 禹迹桥, 标志性建筑, 古塔古桥, 茶馆, 茶香四溢, 悠闲, 品茶, 谈论, 老人, 河边, 凉亭, 微笑, 平和, 宝塔街, 慢生活, 烟火气, 最本真",,,,,,,,,,,,,,,,,,,,,,,,,,,,,,
震泽古镇禹迹桥南堍有一家咖啡店叫between cafe环境不错很有情调适合闲暇的午后坐一下午天气好的时候还能坐在店外面感受邻里邻居的烟火气吵吵闹闹柴米油盐又是一天在这个季节香樟树的花随风飘在身上衣服上伴着店门口的栀子花香也曾感觉在每天都能这么过就好了[偷笑R],9,"between cafe,环境,情调,午后,天气,店外面,邻里邻居,烟火气,香樟树,花,栀子花香",,,,,,,,,,,,,,,,,,,,,,,,,,,,,,
早上起来后直接驱车近百公里到震泽古镇游览震泽古镇免门票停车场免费整个古镇商业气息不是很浓保持着淳朴的民风这在当前大环境下非常难得由于是工作日游人不是很多感觉非常不错,9,"免门票,停车场免费,商业气息不是很浓,保持着淳朴的民风,游人不是很多",,,,,,,,,,,,,,,,,,,,,,,,,,,,,,
来的路上路过京杭大运河平望段估计小家伙到古镇近距离看运河也没感受到什么??这个古镇人好少只有几十个游客??,4,"古镇,人好少,游客",,,,,,,,,,,,,,,,,,,,,,,,,,,,,,
??苏州市吴江区宝塔街111号??免费??震泽老街停车场寺位于老街中部步行至?08:00-1700??寺门西有素面馆??拍摄时间2024.11.28提醒目前寺庙部分殿宇正在修缮中?慈云禅寺始建于宋朝坐落于风景秀丽的震泽古镇东面寺塔一体娴静优雅古朴安宁门前为宽阔的頔(d)塘河禹迹桥横跨其上气宇轩昂步入庭院慈云寺塔玲珑清秀其别称望夫塔背后那段深情坚贞的故事亘古流传 孤塔插晴空突兀绝依附片云自西来与塔相回互这是震泽古镇对外秀美的名片更是古镇游子的乡愁所系?塔后的汉白玉观音像身姿挺拔俯视众生大雄宝殿巍峨矗立气势磅礴 殿前为清乾隆年间的洗钵池如逢夏日莲花竞放鱼戏其中给寺院增添了一番灵气这里还曾出土十八尊明代文物石身古罗汉?漫步老街挑了个临窗靠河的座位一碗网红蛋黄馄饨热气腾腾给冬日抹上了暖意玫瑰定胜糕软糯香甜唇齿留香这流水悠悠匆匆过谁能将它片刻挽留頔(d)塘河水生生不息源源不断?,9,"免费,頔塘河,禹迹桥,慈云禅寺,望夫塔,汉白玉观音像,大雄宝殿,洗钵池,莲花,明代文物石身古罗汉,蛋黄馄饨,玫瑰定胜糕,頔塘河水",,,,,,,,,,,,,,,,,,,,,,,,,,,,,,
隶属于苏州工业园区的胜浦三宝水乡服饰宣卷山歌与早已成为江南特色的昆曲评弹相比小众到只有本村人知道也希望有一天可以在古镇小河里看到水乡的妇女摇橹湖面上哼唱出苏州水乡原来的模样图1和2来自网络,6,"古镇原貌,水乡服饰,宣卷山歌,昆曲评弹,小河,水乡妇女,摇橹,湖面,哼唱,苏州水乡",,,,,,,,,,,,,,,,,,,,,,,,,,,,,,
写生时转鸟瞰视角可以丰富画面内容,7,"写生,鸟瞰视角,丰富,画面内容",,,,,,,,,,,,,,,,,,,,,,,,,,,,,,
苏州吴江震泽古镇的标志性建筑慈云夕照也是震泽古八景之一塔的历史最早可以追溯到三国赤乌十三年公元250年据说是和孙尚香有关建的是望夫塔望的是刘备但是建安十六年公元211年孙尚香是自己回到东吴的三年后刘备就改娶她人了之后的记载就是南宋时重建此塔目前的塔的下三层确是宋制其它就是明代万历年重建的尤其是铁质塔刹图[五R]能找到明代修缮时的铸刻文字和众多江南古建筑一样塔所在的慈云寺于1860年毁于兵灾唯塔独存慈云寺的寺庙建筑基本都是近代新建的上世纪60-80年代一度被作为粮库至今后院还能找到当年的粮仓图[八R]现在的吴江粮管所就在寺庙附近,1,"慈云夕照,古八景,塔,三国赤乌十三年,公元250年,孙尚香,望夫塔,刘备,建安十六年,公元211年,南宋,重建,明代万历年,铁质塔刹,铸刻文字,江南古建筑,慈云寺,1860年,兵灾,近代新建,粮库,吴江粮管所",,,,,,,,,,,,,,,,,,,,,,,,,,,,,,
.Hi~  我是江南君~这是我第5??篇推荐江浙沪冷门古镇的笔记前面四篇分别去了湖州南浔双林古镇丽水缙云河阳古民居绍兴诸暨斯宅村和苏州吴江震泽古镇这次的锦溪古镇是我收藏了三年的地点终于在前段时间完成了打卡.其实锦溪古镇并不算很小众但当我走进古镇的时候也确实发现好像游客也没有那么多锦溪古镇是一个拥有两千多年历史的江南水乡古镇如今仍是一片欣欣向荣且具有生活烟火气闲暇之余的本地人也会漫步古镇或者湖边桥上聊聊家常.街巷依水古桥联袂这里有着典型的小桥流水景观可以乘坐一艘摇橹船沿河欣赏两岸的江南风光但吸引我的正是那横卧在碧波之上的古莲桥荷叶铺天盖地廊桥平整温婉唯美至极.??推荐打卡古莲桥莲池禅院陈妃水冢文昌阁十眼桥.??苏州昆山市锦溪古镇??自驾可直接导航至古镇景区附近都有停车场?????大巴可坐到锦溪客运站公交车在锦溪站下车??景区无门票个别景点可单独购票??建议游玩时间3-4小时.,9,"古镇,游客不多,两千多年历史,江南水乡,生活烟火气,本地人,湖边桥上,家常,街巷依水,古桥,小桥流水,摇橹船,江南风光,古莲桥,荷叶,廊桥,温婉,唯美,打卡,莲池禅院,陈妃水冢,文昌阁,十眼桥",,,,,,,,,,,,,,,,,,,,,,,,,,,,,,
??柴米多稻田咖啡馆2020年我们从大理来到苏州震泽在这里建立起了一座生态农场?????配套民宿餐厅咖啡馆自然教育中心无论是打卡拍照乡野散心溜娃溜狗都可以玩上一整天绝对chill-??建在稻田上的咖啡馆拥有绝佳的观景面横向延展的屋檐大大的落地窗放眼望去是一望无际的稻田风景不输大理喜洲??咖啡馆的特色饮品当然离不开大米创意咖啡一杯稻田将咖啡浓缩农场生态米乳大米冰淇淋组合在一起可以随心搭配小朋友也能吃上一口美味的gelato??我们倡导可持续生活的理念咖啡渣再利用废木板二次利用自带杯满减店里处处可见环保零浪费的细节??空间中央的玻璃罐中自酿康普茶带来发酵的科普??书架上放满了关于乡村自然植物的书籍可供借阅??宠物友好进门可以看到pidan的宠物友好物料包毛孩子来稻田边可以肆意蹦跑累了也可以和主人一起在室内休息??傍晚可以走进稻田穿过小树林来到湖边在满满下落的夕阳里感受偷得浮生半日闲的快乐-??导航苏州震泽众安桥村柴米多农场??距离上海/杭州开车1.5小时车程?周边有震泽古镇自驾15分钟可达图片转自@柴米多生产生活,10,"柴米多稻田咖啡馆,生态农场,民宿,餐厅,咖啡馆,自然教育中心,打卡拍照,乡野散心,溜娃,溜狗,稻田,观景面,屋檐,落地窗,风景,创意咖啡,农场生态米乳,大米冰淇淋,gelato,可持续生活,咖啡渣再利用,废木板二次利用,自带杯满减,环保零浪费,玻璃罐,康普茶,发酵科普,书架,乡村自然植物书籍,借阅,宠物友好,pidan,毛孩子,夕阳,偷得浮生半日闲,苏州震泽众安桥村,上海,杭州,震泽古镇",,,,,,,,,,,,,,,,,,,,,,,,,,,,,,
走遍苏州之郑鼎丰黑豆腐干冒着生命危险在震泽古镇买了两家的黑豆腐干做了一次评测果然还是现做好的好吃一点,7,"震泽古镇,黑豆腐干,现做",,,,,,,,,,,,,,,,,,,,,,,,,,,,,,
看看咖啡豆怎么和姑姑介绍苏州的美食??还懂得太湖三白还有乾隆下江南喝过的四碗茶不愧是在苏州生活的咖啡豆??,8,"咖啡豆,姑姑,苏州,美食,太湖三白,乾隆,四碗茶",,,,,,,,,,,,,,,,,,,,,,,,,,,,,,
最近在整理去年夏天去瑶里古镇的照片我喜欢这种回顾旅行时故地重游的感觉许多模糊的回忆逐渐清晰起来小镇不大暮色漫过廊檐时檐角风铃忽然晃了一下看晚霞把河水染成陈年黄酒的颜色对岸木窗里亮起几盏灯笼像是谁随手撒落的红莲子在渐暗的天色里浮沉记得那日的黄昏船夫的竹篙在石埠头磕出闷响乌篷船吃水很浅船尾漾开的波纹将倒映的白墙青瓦揉成湿漉漉的油画竹篙起落时带起细碎的水声像极了小时候奶奶摇蒲扇的节奏船过石桥的刹那桥洞突然飘来油爆河虾的香气混着水腥气的晚风里竟尝出几分故园炊烟的味道随意挑中的餐馆藏在窄巷深处老木门吱呀作响时天井里的栀子正开得汹涌夜露初降时踱回客栈青石板沁着凉意月光在石缝间游走如银鱼拐角处遇着白日里撑船的船夫正蹲在河埠头补渔网见到我便咧嘴笑出缺牙这样的相识倒叫人分不清是初遇还是重逢廊下的红灯笼暗了又明打更人的梆子声游过十二道石阶枕着潺潺水声入眠时恍惚听见竹篙点水的声响像是某段被河水浸透的童谣在记忆深处轻轻摇晃,10,"古镇原貌,商业水平不高,童年的梦,故地重游,回忆清晰,小镇,暮色,风铃,晚霞,河水,灯笼,黄昏,竹篙,乌篷船,波纹,油画,水声,蒲扇,桥洞,油爆河虾,水腥气,炊烟,餐馆,窄巷,老木门,天井,栀子,夜露,青石板,月光,石缝,银鱼,船夫,渔网,相识,初遇,重逢,红灯笼,梆子声,石阶,水声,竹篙点水,童谣,记忆",,,,,,,,,,,,,,,,,,,,,,,,,,,,,,
震泽古镇新开了一家集合丝绸包包真丝四件套真丝原创手绘围巾真丝睡衣等等许多丝绸产品价格良心晚上散步闲逛来古镇旅游的人都不要错过可以进来逛逛哟最近开业还有优惠活动哟两位数带走丝绸拖鞋?真丝围巾,8,"丝绸,价格良心,优惠活动",,,,,,,,,,,,,,,,,,,,,,,,,,,,,,
导航到禹迹路停车场离古镇很近往里开后面有一大片停车位停车免费午餐可以网红震泽老严卤菜馆人很多要排队有位子的话赶紧吃了吧河边都是茶座推荐四碗茶楼靠窗位美滴很还有打卡仁昌顺油墩子和萝卜丝饼不是一样东西不信去尝尝油墩子可是有甜有咸就是没有萝卜丝[偷笑R]景点的话一定要去师俭堂虽然要三十的门票70以上免票进去就觉得很值太美太出片了人还不多极其推荐PS四碗茶楼附近的豆花点心店也不错哈,9,"古镇,停车免费,网红震泽老严卤菜馆,茶座,四碗茶楼,靠窗位,仁昌顺油墩子,萝卜丝饼,师俭堂,豆花点心店",,,,,,,,,,,,,,,,,,,,,,,,,,,,,,
??苏州市吴江区宝塔街111号??免费??震泽老街停车场寺位于老街中部步行至?08:00-1700??寺门西有素面馆??拍摄时间2024.11.28提醒目前寺庙部分殿宇正在修缮中?慈云禅寺始建于宋朝坐落于风景秀丽的震泽古镇东面寺塔一体娴静优雅古朴安宁门前为宽阔的頔(d)塘河禹迹桥横跨其上气宇轩昂步入庭院慈云寺塔玲珑清秀其别称望夫塔背后那段深情坚贞的故事亘古流传 孤塔插晴空突兀绝依附片云自西来与塔相回互这是震泽古镇对外秀美的名片更是古镇游子的乡愁所系?塔后的汉白玉观音像身姿挺拔俯视众生大雄宝殿巍峨矗立气势磅礴 殿前为清乾隆年间的洗钵池如逢夏日莲花竞放鱼戏其中给寺院增添了一番灵气这里还曾出土十八尊明代文物石身古罗汉?漫步老街挑了个临窗靠河的座位一碗网红蛋黄馄饨热气腾腾给冬日抹上了暖意玫瑰定胜糕软糯香甜唇齿留香这流水悠悠匆匆过谁能将它片刻挽留頔(d)塘河水生生不息源源不断?,1,"免费,頔塘河,禹迹桥,慈云禅寺,望夫塔,汉白玉观音像,大雄宝殿,洗钵池,莲花,明代文物石身古罗汉,网红蛋黄馄饨,玫瑰定胜糕,頔塘河水",,,,,,,,,,,,,,,,,,,,,,,,,,,,,,
隶属于苏州工业园区的胜浦三宝水乡服饰宣卷山歌与早已成为江南特色的昆曲评弹相比小众到只有本村人知道也希望有一天可以在古镇小河里看到水乡的妇女摇橹湖面上哼唱出苏州水乡原来的模样图1和2来自网络,6,"古镇原貌,水乡服饰,宣卷山歌,小众,本村人,小河,水乡妇女,摇橹,湖面,哼唱,苏州水乡",,,,,,,,,,,,,,,,,,,,,,,,,,,,,,
事后想想觉得自己真的很头铁牛马眼中只有假期没有节日谁懂??不过也是被我发现节假日避开人群的小众地方了老房子的真的很有味道 民宿是明清时期榫卯结构的老宅改造的 院子里似乎还有原主人的后代在住 真的有和古镇深入交流的体验 当时只惊讶于这些老物件被保存的如此完好并没有觉得害怕哈??老房子唯一的弊端就是隔音了 不过保留了木构架没办法做现浇楼板和隔音层也是可以理解 木构柱加固的做法还挺有意思的 旧的柱子两侧加了两根木柱 房梁和雕花是重新组合过的 上面还留着以前的使用痕迹感觉真的很奇妙可能是为了加固也可能是为了做地暖地基是局部下挖过的真的很好奇施工过程建筑牲职业病犯了一楼的房间很大就是布局有点怪怪的 可能是床对着入户门设施还可以 早餐一般般,7,"老房子,很有味道,明清时期,榫卯结构,老宅,院子,原主人,后代,深入交流,老物件,保存,木构架,隔音层,木构柱加固,旧的柱子,木柱,房梁,雕花,使用痕迹,奇妙,加固,地暖,地基,局部下挖,施工过程,建筑牲职业病,房间,布局,床,入户门,设施,早餐",,,,,,,,,,,,,,,,,,,,,,,,,,,,,,
[向右R][向右R][向右R]这三个免费苏州古镇好逛又好吃????今天去了这三个古镇都是在苏州市吴江区距离市区都比较远单程开车也要2小时了不过真的来对啦????每个古镇门票免费的??????停车场都很大也很好停车停车都是免费的哦??游客少太多啦可以放心的去拍照打卡好像大家都是在市区里面拍写真何不换个想法来这里呢每一帧画面都好美????比园林人挤人强太多[拔草R][拔草R]都很适合带着宝宝一起去哦还能科普很多东西边吃边逛边学习这才是旅游的意义呀[拔草R][拔草R]对比其他园林这些古镇都不大的沿着主线走一走就可以[一R]震泽古镇桑蚕很有名是以太湖的古名命名里面茶馆很多的哦生活节奏慢可以点一壶茶水坐一下午茶水物价适中惬意的嘞图二到图六????推荐美食老严卤菜馆仁昌顺阿婆团子四碗茶楼[二R]平望古镇知道的人并不是很多导航的时候都找不到地址要导航到他实在是让我惊喜切实的感受到古代文明社会每一步都是一个故事强推特别是有两个古桥????安德桥和安民桥答应我一定要去看看好吗图七到图十二[啤酒R][啤酒R]推荐美食查氏糕团店徐家糕点王氏餐馆[三R]黎里古镇是繁花作者金氏家族的故乡也是柳亚子的故乡科普的话在我前面的笔记不赘述很典型的小桥流水江南水乡漫步其中生活气息浓郁不自觉的就会被感染到图十三到图十七[生日蛋糕R][生日蛋糕R]推荐美食冯记油墩王记辣脚协顺兴老街套肠虽然每个古镇都有自己的营业时间??基本都是09:00-16:30但是到了时间的话只是周边商铺陆续停止营业付费小景点看不了其他其实不受影响但是游客相对更少啦也是别有一番风味哒[赞R][赞R]????夏天傍晚大家一定要注意驱蚊啊实在是防不住,9,"免费,好逛,好吃,距离市区远,来对,门票免费,停车场大,好停车,停车免费,游客少,拍照打卡,画面美,人挤人,带着宝宝,科普,边吃边逛边学习,旅游意义,古镇不大,主线走,震泽古镇,桑蚕,茶馆多,生活节奏慢,茶水,物价适中,惬意,平望古镇,古代文明社会,安德桥,安民桥,黎里古镇,繁花,金氏家族,柳亚子,小桥流水,江南水乡,生活气息浓郁,营业时间,周边商铺,付费小景点,别有一番风味",,,,,,,,,,,,,,,,,,,,,,,,,,,,,,
崇仁古镇的历史可追溯至三国时期历经千年风雨形成了今日独特的文化景观这些古老的建筑不仅展现了独特的建筑风格还承载着浓厚的地方文化.崇仁镇的本地人多姓裘这个家族的历史可以追溯到西晋时期裘睿随晋元帝南渡隐居于婺州后代裘氏逐渐在此扎根历经十三朝家族不断壮大因崇尚仁义裘氏在北宋熙宁年间将所居之地命名为崇仁他们的历史在这里交汇成为理解崇仁文化的关键.在崇仁古镇的众多古建筑中玉山公祠是最为壮观的一座公祠始建于清乾隆辛亥年至今已有百余年历史公祠的布局气势恢宏占地近千平方米拥有照墙天井戏台正厅连廊等部分展现了传统建筑的精髓墙上的雕刻细腻精美既有吉祥的花木象征着生生不息也有瑞兽祥禽代表着如意平安.玉山公祠不仅是裘氏家族的宗祠更是崇仁古镇文化的缩影其创始人裘佩锡白手起家成为裘氏家族的首富至今公祠仍是裘氏家族后人追溯祖德纪念先贤的重要,10,"崇仁古镇, 历史, 三国时期, 千年风雨, 文化景观, 古老建筑, 建筑风格, 地方文化, 裘氏家族, 西晋时期, 晋元帝南渡, 崇尚仁义, 北宋熙宁年间, 玉山公祠, 清乾隆辛亥年, 百余年历史, 布局气势恢宏, 占地近千平方米, 照墙天井戏台正厅连廊, 传统建筑精髓, 墙上雕刻, 细腻精美, 吉祥花木, 生生不息, 瑞兽祥禽, 如意平安, 宗祠, 文化缩影, 裘佩锡, 白手起家, 裘氏家族首富, 追溯祖德, 纪念先贤",,,,,,,,,,,,,,,,,,,,,,,,,,,,,,
误入这座小镇想起那句复行数十步豁然开朗江南的小镇大多如此但少了一些商业开发更能凸显小镇独有的气质,8,"小镇,商业开发,小镇独有的气质",,,,,,,,,,,,,,,,,,,,,,,,,,,,,,
来的路上路过京杭大运河平望段估计小家伙到古镇近距离看运河也没感受到什么??这个古镇人好少只有几十个游客??,3,"古镇,人好少,几十个游客",,,,,,,,,,,,,,,,,,,,,,,,,,,,,,
