评论,打分,积极评价要素词汇_1,积极评价要素词汇_2,积极评价要素词汇_3,积极评价要素词汇_4,积极评价要素词汇_5,积极评价要素词汇_6,积极评价要素词汇_7,积极评价要素词汇_8,积极评价要素词汇_9,积极评价要素词汇_10,积极评价要素词汇_11,积极评价要素词汇_12,积极评价要素词汇_13,积极评价要素词汇_14,积极评价要素词汇_15,积极评价要素词汇_16,积极评价要素词汇_17,积极评价要素词汇_18,积极评价要素词汇_19,积极评价要素词汇_20,积极评价要素词汇_21,积极评价要素词汇_22,积极评价要素词汇_23,积极评价要素词汇_24,积极评价要素词汇_25,积极评价要素词汇_26,积极评价要素词汇_27,积极评价要素词汇_28,积极评价要素词汇_29,积极评价要素词汇_30,积极评价要素词汇_31,积极评价要素词汇_32,积极评价要素词汇_33,积极评价要素词汇_34
周庄古镇位于苏州昆山被誉为中国第一水乡以其独特的水乡风貌和深厚的文化底蕴而闻名? 开放时间07:30-21:00早晚免费入园?? 交通指南 自驾江浙沪地区的朋友2小时车程即可轻松抵达 高铁可在昆山南站或苏州园区站下车转乘公交或打车前往 停车推荐停在富贵园或东庄停车场免费且便捷?? 门票小贴士 成人票100元学生半价享优惠 小贴士提前一天购票可以享受20元优惠--?? 游玩路线1. 纸箱王创意园区充满创意的地方适合拍照打卡2. 周庄博物馆了解古镇的历史变迁3. 古戏台有时会有戏曲表演感受传统文化的魅力4. 双桥世德桥+永安桥周庄的标志性景点拍照超美5. 张厅和沈厅古代大户人家的宅邸建筑精美值得细品6. 富安桥和南湖秋月欣赏水乡的宁静与美丽--?? 必打卡景点1?? 太平桥寓意福寿绵长适合与长辈一同游览2?? 双桥钥匙桥的独特造型是周庄的经典名片3?? 富安桥沈万三的遗韵桥下流水悠悠充满诗意4?? 外婆桥电影摇啊摇的取景地乘摇橹船穿越时光5?? 沈厅张厅明代古风建筑沈万三故居聚宝盆前沾沾财气???? 摇橹船体验218元/船可坐6人早上人少体验感更佳--?? 美食推荐 万三蹄周庄的招牌美食肥而不腻 阿婆茶品尝当地茶点感受悠闲时光 海棠糕袜底酥传统小吃香甜可口 奥灶面一碗热乎乎的汤面开启美好的一天,9,"古镇原貌,水乡风貌,文化底蕴,免费入园,便捷交通,优惠门票,创意园区,历史博物馆,传统文化,标志性景点,精美建筑,宁静美丽,经典名片,诗意流水,摇橹船体验,招牌美食,当地茶点,传统小吃,热乎汤面",,,,,,,,,,,,,,,,,,,,,,,,,,,,,,,,,
让人惊艳的改造项目建筑师并未过多的堆砌传统元素而是巧妙地利用现代技术打造全新的江南特色是个很值得学习的案例?,9,"改造项目,建筑师,传统元素,现代技术,江南特色,学习,案例",,,,,,,,,,,,,,,,,,,,,,,,,,,,,,,,,
1. 早上7点半前进的景区景区服务中心连人都没有票都买不到只能逃票进了景区2. 进了景区里面除了本地人开的一些早餐店什么店都没开只能10块钱吃碗老阿婆煮的素面老阿婆还和我时间一直和我聊以前的事3. 随便逛逛景区除了我和一堆流浪猫半个游客都没拍的照片街上桥上都是空荡荡的一点人气都没有随便拍了几张就走了下次再也不来了附下我的攻略避免大家受骗? 必打卡景点1?? 双桥 ??明代石桥CP钥匙造型??get陈逸飞油画同款清晨人少时拍倒影绝美~2?? 沈厅 ??江南首富沈万三故居摸聚宝盆沾财气七进五门楼雕花楠木梁震撼3?? 张厅 ??轿从门前进船自家中过的水巷奇观明代官宅YYDS4?? 周庄博物馆 ??免费看宋代文物+水乡婚俗展瞬间穿越千年~---?? 游园路线太平桥逸飞之家双桥张厅沈厅南湖秋月富安桥澄虚道院迷楼周庄博物馆?? 吃货雷达?? 必吃店铺1?? 鑫震源爆汁生煎+虎皮鸡爪窗边位置秒出片2?? 万三食府清蒸白丝鱼鲜掉眉毛银鱼炒蛋嫩到心颤~3?? 孙福昌百年老字号海棠糕甜糯青团子艾草香超浓4?? 蟹伙计蟹黄面瀑布暴击醉虾带着淡淡酒香太上头~?? 特色美食万三蹄肥而不腻奥灶面汤头鲜炸阿婆菜腌菜配茶绝了袜底酥咸甜双拼yyds---?? 血泪经验贴1?? 7点半前景区免门票这时候街上人巨少随手一拍就是大片2?? 富贵园停车场???免费别被路边收费的坑3?? 门票3天有效登记后可无限次进出4?? 夜游必坐摇橹船???听船娘唱吴歌超治愈5?? 穿汉服/素色裙古桥边随手拍都像水墨画6?? 南湖秋月园光影秀??必看周末有实景演出7?? 景区猫猫巨多??记得带猫条投喂亲测橘白最亲人~图文原创转载需授权,1,,,,,,,,,,,,,,,,,,,,,,,,,,,,,,,,,,
今天推荐只此周庄Zhouzhuang theatre由猜一建筑(Practice on Earth)设计其立面基地处在敏感的涵构下保有青瓦坡屋顶白色山牆的当地传统历史建筑群围绕着剧院更新动作需要三思而后行才不显得过于张扬怪诞原建筑的入口是半月状的罗马剧场而加建的外立面屋顶灵感来自于一幕江南将剧场布帘形式隐喻地复盖着既有结构并将入口稍稍掀起透露着好戏在后头的语意双曲铝板屋顶下是50*100的格栅迴廊搭上了反曲出簷还能留下了宋代建筑语彙的韵味在多雨的气候下更能期待环境渲染其风貌形成那天青色下等烟雨的景象,7,,,,,,,,,,,,,,,,,,,,,,,,,,,,,,,,,,
[黑薯问号R]听说99%的人来了周庄都没玩明白[派对R]全网最全周庄古镇旅游攻略奉上[自拍R]本次视频分上下两期手把手带你玩懂这个中国第一水乡,8,古镇原貌,商业水平不高,童年的梦,,,,,,,,,,,,,,,,,,,,,,,,,,,,,,,
??狭窄水巷宛若历史脉络轻舟如梭悠然荡漾其间织就一幅幅流动的水墨丹青??在著名画家吴冠中眼中周庄是黑瓦白山墙流水绕人家杨柳垂阴鹅鸭相逐处处入画??沉醉于江南水乡的灵韵与风华体味东方温婉之极致将时光轻轻挽留,10,"狭窄水巷,历史脉络,轻舟,悠然荡漾,水墨丹青,黑瓦白山墙,流水绕人家,杨柳垂阴,鹅鸭相逐,江南水乡,灵韵,风华,东方温婉",,,,,,,,,,,,,,,,,,,,,,,,,,,,,,,,,
周庄古镇保姆级攻略来啦记得点赞收藏,6,,,,,,,,,,,,,,,,,,,,,,,,,,,,,,,,,,
如果觉得周庄人山人海太过拥挤那不妨到距离它不远的锦溪古镇走一走这是一个拥有两千多年历史的江南水乡还有中国民间博物馆之乡的美誉诸多名胜古迹人文景观和明清建筑特别是这里的36座古桥放眼整个江南都不多见-??锦溪古镇??适合自驾上海出发约1小时苏州城区出发约40分钟??高铁至昆山南站打车约25分钟或乘公交133路前往昆山汽车站可乘公交130路??古镇游览免费但是参观莲池禅院张省美术馆及各民间博物馆需门票-?锦溪古桥这里有36座桥72只窑的美誉每座古桥都有其独特造型和历史很具观赏性比如始建于南宋的十眼桥里和桥普庆桥节寿桥红木桥具庆桥等等-?民间博物馆古镇的民间博物馆非常多紫砂馆中原文化馆砖瓦馆古董馆名人馆张省美术馆等等-?莲池禅院始建于南宋临湖寺前还有一片荷塘夏日非常的漂亮秋冬也是别样的风景-?陈妃水冢在湖中央四面环水据说是南宋皇帝赵构的宠妃陈妃的墓地远望别有一种神秘而宁静的美-?文昌阁临水而建也是古镇的文化地标-??锦溪古镇的特色美食很多奥灶面袜底酥海棠糕锦溪鱼干等等,1,,,,,,,,,,,,,,,,,,,,,,,,,,,,,,,,,,
君到姑苏见人家尽枕河周庄古镇向每个游人展示了江南水乡的姿态同时也完美阐释了这句诗词周庄是江南水乡的代名词来苏州玩一定记得去看看这个古镇??周庄古镇?营业时间730-2100??门票100休闲年卡可免费进需要提前预约???有多个停车场正门停车场会比较挤建议停江泽公交首末站对面的停车场从聚宝桥进景区??步行路线通秀桥??花香雨巷??福洪桥??周庄博物馆??古镇照壁??双桥??古戏台??张厅??沈厅??南湖秋月园??叶楚伧故居??迷楼??古镇游船周庄的摇橹船6个人一船票价200可以找其他人一起拼船如果还要去锦溪古镇玩的话建议去锦溪游船价格更实惠一些130一船??古镇美食周庄的特色美食是万三蹄袜底酥奥灶面吃饭切忌不做攻略景区内很容易踩雷可以查查网上的评价后选好评多的去我们晚饭选的沐澜餐厅口味不错??古镇夜游周庄的夜晚也很值得一逛亮灯后的古镇别有一番风味花巷雨巷&鱼池岸奇幻灯光秀遍布几条小巷可以边走边看南湖秋月园也有灯光秀1900和1930各有一场每场5分钟左右??如果在周庄不赶时间也可以选一间民宿住一晚清晨出来逛逛避开大部队的游客更能体验江南水乡的静谧之气,9,"江南水乡,古镇原貌,摇橹船,特色美食,万三蹄,袜底酥,奥灶面,沐澜餐厅,夜游,灯光秀,民宿,静谧之气",,,,,,,,,,,,,,,,,,,,,,,,,,,,,,,,,
周庄是我这个上海人小时候去过的第一个古镇了在江南古镇越来越卷的现在周庄发展的怎么样了呢今天就来逛一下周庄比我想象的要稍微大一点标配的小桥流水石板路小吃豆腐万三蹄今天的人流量也还好随意逛逛就还挺舒服的这里有很多家汉服店和很多拍汉服的小姐姐摇橹船确实和网上说的一样会一边摇一边唱曲儿但我看到实物后突然没啥想坐的欲望了真的是一天世界景点去了个最著名的沈厅是沈万三的故居摸摸聚宝盆前后有七进啊宅子很大啊在鑫震源吃了晚饭点了个推荐的蛋黄烧麦一般红豆鸡头米粥还挺好喝的小馄饨无敌好吃里面应该是鲜虾和鱼籽三拼的生煎不太行还是小杨生煎更好吃还点了一壶桃花酿喝了老半天餐厅放的背景音乐我很是喜欢吴侬软语婉转悠扬吃完晚饭又莫名其妙的逛到了一个景点里面有兔子和猫和一些杂乱的竹林走出去有一座很长的桥有点好看准备去看只此周庄的演出啦280的演出到底会不会有惊喜请关注我下一篇啦,1,,,,,,,,,,,,,,,,,,,,,,,,,,,,,,,,,,
在江南众多的古镇中周庄是独一份的存在在国家公布的中国历史文化名镇名单中周庄也是最早公布排名最靠前的江南水乡古镇被称为江南第一水乡实不为过周庄旅游最适合在大批游客到来之前的早晨整个古镇在清晨初升的太阳和薄雾中醒来这时古镇几乎没有游客也不用买门票随意在古桥古巷走走就有很好的体验,9,"江南,水乡,早晨,太阳,薄雾,古镇,古桥,古巷,体验",,,,,,,,,,,,,,,,,,,,,,,,,,,,,,,,,
??狭窄水巷宛若历史脉络轻舟如梭悠然荡漾其间织就一幅幅流动的水墨丹青??在著名画家吴冠中眼中周庄是黑瓦白山墙流水绕人家杨柳垂阴鹅鸭相逐处处入画??沉醉于江南水乡的灵韵与风华体味东方温婉之极致将时光轻轻挽留去过大大小小的古镇每次的感受都是 建筑美 景也美但是人太多 把欣赏美景的兴致都消磨光了没想到这一次去周庄给我那么大的惊喜 游客意外的很少细想一下可能是没做什么推广 游客都被别的古镇吸引走了正是如此 我刚好可以安静的欣赏 太喜欢这份闲适和宁静了??游玩攻略?摇橹船 建议傍晚时分去坐河两岸的灯光亮起照在古建筑上更有故事感一路上船家还会唱歌听着吴侬软语的曲调好像在江南旧时光里畅游了一番?周庄博物馆 在古建筑的宅院里听当地的民俗讲解全方面了解周庄的历史文化故事和美食仿佛走进了过去的时间?沈厅&张厅 分别是清代和明代的民居喜欢看旧时的住宅的很值得一去我就很喜欢哈哈?四季周庄 实景演出展现江南风土人情?灯光秀 灯光加上水幕和音乐真的很绝??拍照点?双桥 拍摄周庄的最佳位置码头就在桥边很适合拍船也是周庄最古老的桥?富安桥?花巷?古牌楼?古戏台?书香府邸?,9,"狭窄水巷,轻舟,水墨丹青,黑瓦白山墙,流水绕人家,杨柳垂阴,鹅鸭相逐,江南水乡,灵韵,风华,建筑美,景美,闲适,宁静,摇橹船,故事感,吴侬软语,周庄博物馆,历史文化,沈厅,张厅,四季周庄,实景演出,江南风土人情,灯光秀,双桥,富安桥,花巷,古牌楼,古戏台,书香府邸",,,,,,,,,,,,,,,,,,,,,,,,,,,,,,,,,
这条视频带给你~超完整攻略请查收~,7,,,,,,,,,,,,,,,,,,,,,,,,,,,,,,,,,,
"不愧是中国第一水乡这里四面环山因河成镇傍水而街名副其实的""君到姑苏见人家尽枕河""游客也比乌镇多更适合慢游",9,"中国第一水乡,四面环山,因河成镇,傍水而街,君到姑苏见人家尽枕河,更适合慢游",,,,,,,,,,,,,,,,,,,,,,,,,,,,,,,,,
Tips:入场门票80景区附近有免费大型停车场,5,,,,,,,,,,,,,,,,,,,,,,,,,,,,,,,,,,
2025年1月27日前春节前凭到达站为苏州南或昆山南的火车票可以免费进入周庄古镇平时门票为100元?,5,,,,,,,,,,,,,,,,,,,,,,,,,,,,,,,,,,
.如果泉州人挤人那这个上海0.5h车程的宝藏小城真的值得去那就是昆山?闽南特色建筑?千年古镇?.这里既有闽南风格的建筑又有苏州的韵味古镇周庄的江南水乡的名气不用说还有锦溪古镇千灯古镇我在昆山呆了几天探索了一些小众宝藏好去处.我的2??天1??超详细攻略往下看.??游玩路线Day1.歇马桥-宝岛又一村-慧聚寺Day2.周庄-锦溪古镇-千灯古镇.??关于景点1??慧聚寺华东规模Z大的妈祖庙免费参观里面真的金碧辉煌繁复精美仿佛来到了福建2??宝岛又一村就在慧聚寺隔壁很少见的台湾特色的街区人不多有各种特色场景拍照很出片3??歇马桥一个村落改造的文艺水乡地方不大很多咖啡馆导航对印茶局拍照很出片4??周庄&千灯古镇&锦溪古镇周庄作为江南第一水乡值得来逛一逛早上7点前可以免费进千灯古镇-锦溪古镇这两个古镇都是免费的比较质朴和当地居民区融合在一起充满人间烟火气息.,1,,,,,,,,,,,,,,,,,,,,,,,,,,,,,,,,,,
.水声潺潺橹声悠悠凌霄花古镇河道乌篷船还有那些荡漾在水面的云彩...春天的江南水乡诗情画意每一处都是风景??这可能会我一辈子都逛不完的好地方哇.山塘街桨声灯影晚霞红透了运河拙政园山水萦绕庭院错落苏州博物馆粉墙为纸石竹为绘光影为景平江路水路并行河街相邻周庄君到姑苏见人家尽枕河琵琶语评弹馆吴侬软语的旧时江南金鸡湖日落傍晚时分的城市朦胧如画卷虎丘过姑苏不游虎丘憾事也留园白墙黛瓦疏影横斜一步一景移步异景.,10,"水声潺潺,橹声悠悠,凌霄花,古镇河道,乌篷船,水面的云彩,春天,江南水乡,诗情画意,风景,一辈子逛不完,山塘街,桨声灯影,晚霞,运河,拙政园,山水萦绕,庭院错落,苏州博物馆,粉墙为纸,石竹为绘,光影为景,平江路,水路并行,河街相邻,周庄,人家尽枕河,琵琶语,评弹馆,吴侬软语,旧时江南,金鸡湖,日落傍晚,城市朦胧,画卷,虎丘,过姑苏不游虎丘憾事也,留园,白墙黛瓦,疏影横斜,一步一景,移步异景",,,,,,,,,,,,,,,,,,,,,,,,,,,,,,,,,
周庄古镇夜游免门票了五点后大小门票全免直接免费畅玩再推荐车停富贵园停车场免费停车场停车费门票都省了省下的钱冲美食收费的周庄你觉得坑免费的周庄是真香 ,9,"免门票,免费停车场,省下钱,冲美食,真香",,,,,,,,,,,,,,,,,,,,,,,,,,,,,,,,,
河面上横跨着多座造型各异的古石桥船只在桥下穿梭船夫摇着橹打破了水乡的宁静也为这幅水墨画卷增添了灵动的气息,9,"古石桥,船只,船夫,水乡,水墨画卷,灵动",,,,,,,,,,,,,,,,,,,,,,,,,,,,,,,,,
3-4月份长沙畅游攻略新鲜出炉懒人专属行程规划计划踏上长沙之旅的你这份攻略定要珍藏-?出行准备??证件:身份证 学生证或其他优惠证件等??电器:手机 充电器 耳机 充电宝 照相机等??生活用品:洗漱用品 补水 化妆品 等-??去周庄的交通1?苏州站北广场汽车站出发乘坐直达周庄景区的直通车票价50r全程1小时2?苏州站乘坐地铁??4号线到同里站转公交725或758路全程1.5小时3?乘坐地铁??1号线到葑门站换成K515路公交直达 4?周庄景区需要门票100r可提前购买-,7,,,,,,,,,,,,,,,,,,,,,,,,,,,,,,,,,,
今天推荐只此周庄Zhouzhuang theatre由猜一建筑(Practice on Earth)设计其立面基地处在敏感的涵构下保有青瓦坡屋顶白色山牆的当地传统历史建筑群围绕着剧院更新动作需要三思而后行才不显得过于张扬怪诞原建筑的入口是半月状的罗马剧场而加建的外立面屋顶灵感来自于一幕江南将剧场布帘形式隐喻地复盖着既有结构并将入口稍稍掀起透露着好戏在后头的语意双曲铝板屋顶下是50*100的格栅迴廊搭上了反曲出簷还能留下了宋代建筑语彙的韵味在多雨的气候下更能期待环境渲染其风貌形成那天青色下等烟雨的景象,9,古镇原貌,商业水平不高,童年的梦,传统历史建筑群,更新动作,三思而后行,青瓦坡屋顶,白色山墙,罗马剧场,江南剧场布帘,双曲铝板屋顶,格栅迴廊,宋代建筑语汇,多雨气候,环境渲染,天青色,烟雨景象,,,,,,,,,,,,,,,,,
这条视频带给你~超完整攻略请查收~,7,,,,,,,,,,,,,,,,,,,,,,,,,,,,,,,,,,
"""江南水韵天花板白墙黛瓦间的千年时光机""-? 开放时间07:30-21:00??早7:30前&??晚9点后 免费入园夜猫子&早起党狂喜-?? 交通指南??自驾江浙沪2h直达定位富贵园/东庄停车场免费不坑游客??高铁昆山南站打车30min/苏州园区站??公交C10直达-?? 门票薅羊毛攻略??成人100元学生半价50元???必码提前1天订票减20元当天买哭晕在双桥-?? 暴走路线拿好游客中心地图???不迷路??经典打卡线古牌楼??古镇照壁??箱子王??双桥周庄C位??逸飞之家??古戏台??沈万三水冢????张厅??富安桥??沈厅土豪沈家大院??南湖秋月园??迷楼??三毛茶楼??猫的天空之城??阮仪三工作站??舟书店??周庄博物馆-?? 摇橹船体验??万三水上财道??280/船6人拼更划算??古镇水巷游??220/船船夫边摇边唱""吴侬软语+水乡小调""-?? 隐藏玩法1??穿汉服坐手摇船穿越感MAX2??三毛茶楼寄明信片盖周庄专属邮戳3??猫空书店写未来信把江南烟雨寄给明年的自己-??冷知识周庄60%人家姓沈遇到""沈万三后人""别惊讶??-? 昼夜攻略??清晨无人古巷+青石板水汽=雨巷现实版??夜晚灯笼亮起??坐船看两岸灯火美到失语",1,,,,,,,,,,,,,,,,,,,,,,,,,,,,,,,,,,
Tips:入场门票80景区附近有免费大型停车场,5,,,,,,,,,,,,,,,,,,,,,,,,,,,,,,,,,,
江南六大古镇之一周庄古镇游玩攻略来啦[飞吻R]看看沈万三的聚宝盆陈逸飞笔下的双桥张艺谋相机里的外婆桥吧[喝奶茶R][喝奶茶R][喝奶茶R]这里是所有中国人水乡梦的起点是炙手可热的水乡也是此心安处的故乡,9,古镇原貌,商业水平不高,童年的梦,水乡梦,聚宝盆,双桥,外婆桥,此心安处,故乡,,,,,,,,,,,,,,,,,,,,,,,,,
周庄古镇是中国江苏省苏州市昆山市境内的一个古镇也是江南水乡的代表之一1. 历史背景? 周庄的历史可以追溯到公元前6世纪左右距今已有2500多年的历史? 周庄在春秋时期?是吴国的都城所在地后来发展成为一个繁荣的商业城镇? 北宋元祐元年1086年周迪公郎在此经农设庄??舍宅庵捐田地建称泉福的寺庙百姓感谢周迪公郎的恩德??改称贞丰里为周庄2. 地理位置? 周庄位于苏州市昆山市境内距离上海市约100??公里地处太湖流域四面环水是一个典型的江南???水乡古镇3. 文化特色? 周庄是中国文化??和艺术??的重要发源地之一拥有丰富的文化遗产和艺术??特色古镇内有明清时期的民居??庙宇园林等古建筑和文物? 周庄还是中国传统手工艺品的重要产地之一如刺绣??剪纸陶瓷??等4. 主要景点? 周庄古镇的主要景点包括沈厅张厅双桥周庄博物馆等? 双桥由世德桥和永安桥组成建于明代是周庄的地标? 沈厅原名敬业堂是沈万三后代所建??整个建筑坐东朝西七进五门楼每一门楼都有精细??的砖雕装饰5. 旅游信息? 周庄古镇为国家5A级旅游景区? 门票信息进入古镇即收门票100元包括古镇内沈厅张厅等15个景点门票三天有效? 交通信息??周庄距离苏南硕放国际机场约130公里驾车约1小时?30分钟乘坐高铁??至苏州站或苏州北站然后转乘公交??或地铁??到达周庄周庄古镇以其独特的江南水乡景观和丰富的历史??文化内涵被誉为中国第一水乡成为了中外游客??热门??的旅游目的地?,7,,,,,,,,,,,,,,,,,,,,,,,,,,,,,,,,,,
?? 项目位于江苏昆山市周庄镇全功路改造后作为周庄镇政府与中国东方演艺集团共同打造的行浸式演出只此周庄剧场空间项目由中国美术学院风景建筑设计研究总院负责EPC设计总包余丁宗工作室承担项目总设计而本团队则负责立面的设计与深化工作? 场地与千年古镇的入口仅一步之遥原是建于2003年后空置的庞大建筑群曾以酒店与商业综合体为主其体量形式与周边民居的差异成为了本次立面改造时需要处理的首要问题因项目启动之初便已明确功能在设计创作时与导演组运营方密切的沟通配合亦为必然不仅需要在立面外化其文化主旨更需将入场动线设备进出等实操因素纳入新立面构成的考量?? 周庄古镇被称为中国第一水乡是国内开发最早也是最为成功的水乡风景区之一粉墙黛瓦与小桥流水等词汇在此并不停留于文化意向而是真实扎根的材质与图像剧场主入口的原貌几乎是一个弧形的罗马剧场文过饰非般地堆砌传统元素并不能解决其尺度上的痼疾若能以简洁的方式顺应其造型从而完成新的历史使命反而可能是与古为新的从容??来源谷德网,7,,,,,,,,,,,,,,,,,,,,,,,,,,,,,,,,,,
"不愧是中国第一水乡这里四面环山因河成镇傍水而街名副其实的""君到姑苏见人家尽枕河""游客也比乌镇多更适合慢游",9,"中国第一水乡,四面环山,因河成镇,傍水而街,君到姑苏见人家尽枕河,更适合慢游",,,,,,,,,,,,,,,,,,,,,,,,,,,,,,,,,
???周庄旅游攻略水乡古镇的慢时光1??周庄简介??周庄位于江苏省苏州市昆山市是中国首批历史文化名镇之一被誉为中国第一水乡古镇四面环水因河成镇依水成街以街为市完整保存着水乡古镇的风貌和格局粉墙黛瓦小桥流水深宅大院处处散发着江南水乡的韵味2??最佳旅行时间??春秋两季3-5月9-11月 气候宜人景色秀丽是游览周庄的最佳时节??夏季6-8月 天气炎热但可以体验水乡的清凉注意防晒??冬季12-2月 游客较少可以享受宁静的古镇氛围但部分景点可能关闭3??交通方式??飞机 最近的机场是上海虹桥国际机场和浦东国际机场抵达后可乘坐高铁或大巴前往周庄??高铁 乘坐高铁至昆山南站然后换乘公交或出租车前往周庄??大巴 上海苏州杭州等城市均有直达周庄的大巴??自驾 导航至周庄古镇即可景区有停车场4??必游景点??双桥世德桥永安桥 周庄的标志性景点两桥相连造型独特??沈厅 江南富豪沈万三的故居规模宏大雕刻精美??张厅 明代建筑保存完好展现了江南水乡大户人家的生活场景??富安桥 周庄最古老的桥桥楼合璧别具一格??迷楼 曾是南社文人聚会的地方现为茶馆可品茶赏景??周庄博物馆 了解周庄的历史文化??南湖秋月园 欣赏南湖美景感受水乡的宁静5??特色体验??乘船游古镇 乘坐摇橹船穿梭于水巷之中感受水乡的独特魅力??听评弹 在茶馆里听一曲苏州评弹感受江南文化的韵味??品尝美食 万三蹄阿婆茶袜底酥三味圆等特色小吃不容错过??夜游周庄 夜晚的周庄灯火阑珊别有一番风味6??住宿推荐??古镇内 选择临水的客栈体验水乡的夜晚??古镇外 价格相对便宜选择更多7??美食推荐??万三蹄 周庄最著名的美食肉质酥烂肥而不腻??阿婆茶 周庄的特色茶点搭配各种小吃惬意十足??袜底酥 形似袜底香脆可口??三味圆 汤圆的一种馅料丰富,9,古镇原貌,商业水平不高,童年的梦,水乡,慢时光,历史,文化,风貌,格局,江南,韵味,最佳旅行时间,气候宜人,景色秀丽,交通方式,必游景点,双桥,沈厅,张厅,富安桥,迷楼,周庄博物馆,南湖秋月园,特色体验,乘船游古镇,听评弹,品尝美食,夜游周庄,住宿推荐,美食推荐,万三蹄,阿婆茶,袜底酥,三味圆
凭到达站??为昆山南站/苏州南站的车票免费游玩周庄古镇周六从上海南出发到苏州南全程28分钟抵达打车可以定位在苏州南进站口打20??不到十几分钟就可以抵达景区[加油R]景区现在一定要本人身份证+12306已出站信息午饭??烟雨人家直播间138的双人餐5个菜一共2个小女孩吃的饱饱的有非常出名的万三蹄膀很好吃??景区游玩用时接近3小时很经典的江南景色遇到了很多很多只????爱猫人狂喜都超级亲人免门票值得一去,9,"免门票,江南景色,猫,万三蹄膀,烟雨人家,双人餐",,,,,,,,,,,,,,,,,,,,,,,,,,,,,,,,,
在周庄时光是摇橹船荡开的涟漪这里适合放下城市的喧嚣静静的感受江南古镇的韵味想要免费畅游周庄没问题?????早晨7点前?趁着晨光微露古镇还未完全苏醒避开人流???下午5点后?夕阳西下不仅免票还能欣赏到别样的风景??从?2025年4月7日?起只要购买一次原价100元的门票再持本人有效身份证在指定地点办理实名登记就能?无限次免费入园?打折时间??工作日去周庄玩还能享受票价5折优惠周末及法定节假日除外?成人票?原价100元现在只要50元?儿童票/老人票?原价50元现在只要25元两日游攻略??Day 1: 漫步古镇品味美食???上午?趁着免费时段进入古镇先逛逛?双桥??沈厅??张厅?等著名景点感受古色古香的氛围?中午?在古镇内品尝?万三蹄?这可是周庄的招牌美食油润红亮肥而不腻酥而不烂一定要去饭店尝尝现煮的?下午?继续探索古镇的每一个角落可以乘坐?手摇船?在水上漂荡享受那份悠闲与惬意?晚上?入住古镇内的民宿可以在古镇内闲逛感受夜晚的宁静与美丽Day 2: 深度体验享受悠闲???上午?早起后可以去?富安桥?看日出感受古镇的宁静与美好然后前往?周庄博物馆?了解古镇的历史与文化?中午?在古镇内品尝?奥灶面?这是一道地道的苏州面食鲜美可口值得一试?下午?可以前往?全福寺?祈福或者去?南湖?散步享受那份宁静与悠闲(对汉服感兴趣的也可以尝试)[偷笑R]?晚上?结束两日游的行程在古镇内选购一些特色手信启程回家?吃?除了万三蹄和奥灶面古镇内还有很多特色小吃如阿婆茶袜底酥等?住?古镇内的民宿众多价格亲民是体验古镇风情的最佳选择?行?推荐自驾富贵园停车场车位多距离景区仅200米还免费哦,9,"周庄, 江南古镇, 古镇韵味, 城市喧嚣, 晨光微露, 避开人流, 夕阳西下, 免票, 别样风景, 无限次免费入园, 折扣, 票价优惠, 双桥, 沈厅, 张厅, 古色古香, 万三蹄, 手摇船, 宁静美丽, 富安桥, 日出, 周庄博物馆, 全福寺, 南湖, 悠闲, 汉服体验, 特色手信, 阿婆茶, 袜底酥, 民宿, 自驾, 停车场",,,,,,,,,,,,,,,,,,,,,,,,,,,,,,,,,
2025年1月27日前春节前凭到达站为苏州南或昆山南的火车票可以免费进入周庄古镇平时门票为100元?,1,,,,,,,,,,,,,,,,,,,,,,,,,,,,,,,,,,
周庄这个历史悠久的江南小镇始终以其优雅的水乡风光独树一帜的人文景观和纯朴的民俗风情闪耀着东方文化的璀璨光芒成为了江南水乡的典范有人说上有天堂下有苏杭中间有个周庄这句话不仅描绘了周庄的地理之美更深刻地反映了它在人们心中的位置现在请跟随我的文字踏上青石板铺就的小径漫步在周庄古镇感受烟雨江南的别样风情位于江苏省苏州市的周庄古镇旧名为贞丰里它承载着无数的历史文化记忆是吴地文化的摇篮在北宋元佑元年1086年周迪功郎在此开疆拓土创建了庄园更以无私之心捐出自己的宅院和土地修建了泉福寺庙当地人民为感念他的恩德将此地命名为周庄历史上许多文人墨客如西晋的文学家张翰唐代的诗人刘禹锡陆龟蒙等都在此留下了他们的足迹近代周庄以其独特的水乡风光成为了旅游胜地吸引了无数游客前来感受其别样的魅力周庄桥梁每一座都有其独特的韵味如双桥富安桥通秀桥梯云桥报恩桥太平桥全功桥福洪桥被称为八大名桥其中最著名的当属双桥这座桥梁诞生于明朝万历年间承载着深厚的历史底蕴其设计巧妙至极两桥交叉相扣桥面布局巧妙一横一竖恰似两条精致的丝带相互交织1984年画家陈逸飞的油画故乡的回忆让双桥名扬四海尽管画家的故乡并非周庄但画中的双桥却唤起了人们对故乡的深深怀念这幅画后来成为中美友谊的象征被赠送给邓小平同志并于1985年成为联合国首日封的图案从此名声大噪周庄古镇的魅力不仅体现在其宜人的自然风光更彰显在其博大精深的文化底蕴中沈厅张厅迷楼叶楚伧故居以及全福讲寺等众多古迹如同历史的瑰宝静静地诉说着过往的辉煌沈厅即沈万三故居是必游之地这里的每一砖每一瓦都承载着沈氏家族曾经的辉煌仿佛在耳边低语让人感受到历史的分量张厅以其古韵盎然的建筑和细腻的雕刻散发着古典之美迷楼则以其巧夺天工的建筑构造和迷宫般的布局让人沉醉于历史的长河中在周庄的明清建筑群中有一处名为怪楼的景点以其独特的风格吸引了无数游客怪楼的乌墙乌瓦门环上的青铜怪兽以及那横不平竖不直的怪字营造出一种神秘而恐怖的氛围周庄古镇充满着浓郁的生活气息而且这种气息无处不在或许在河畔洗菜的妇女身上或许在悠扬的昆曲声中周庄是一首永远也唱不完的歌是一幅永远也画不完的画,10,"历史悠久,水乡风光,人文景观,民俗风情,东方文化,地理之美,青石板,小径,烟雨江南,历史文化记忆,吴地文化,摇篮,文人墨客,足迹,旅游胜地,独特韵味,双桥,富安桥,通秀桥,梯云桥,报恩桥,太平桥,全功桥,福洪桥,八大名桥,明朝万历年间,历史底蕴,巧妙设计,陈逸飞,油画,故乡的回忆,中美友谊,联合国首日封,沈厅,张厅,迷楼,叶楚伧故居,全福讲寺,古迹,沈万三故居,辉煌,古韵盎然,细腻雕刻,古典之美,巧夺天工,建筑构造,迷宫布局,明清建筑群,怪楼,乌墙乌瓦,青铜怪兽,怪字,神秘恐怖,生活气息,河畔洗菜,妇女,悠扬昆曲",,,,,,,,,,,,,,,,,,,,,,,,,,,,,,,,,
早上6点默默起床今天的目标很明确要花一上午的时间把附近几个被水韵卡囊括的古镇都逛一遍首先是大名鼎鼎的周庄古镇周庄在我国的古镇序列里是名次靠前的存在首批5A景区江南水乡的代表有中国第一水乡的美誉来得早工作人员还没上班也就不用检票了早上游客少方便拍照要说周庄跟别的古镇比起来有什么特别的好像也没有他就是地地道道的江南水乡该有的样子不施粉黛没有过多乌七八糟的装饰是一说起江南水乡四个字就能浮现在脑海里的那个地方清晨的周庄商铺未开唯一的热闹处是那个卖鱼鲜的四角亭仿佛时间在这里停滞了沈厅是周庄为数不多可以单独拿出来说的景点沈万三后人所建然后是锦溪古镇锦溪古镇没有门票从周庄开车过来不到半个小时但是感觉游客比周庄还要多到处都是上海口音的大爷大妈锦溪古镇主要的游览路线就是从停车场沿着小河一路走到莲池禅寺到了莲池禅寺绕一圈再往回走比较简单一路上倒有不少地方还在施工也有几个收费景点可以参观不过都没什么吸引力锦溪说起来是更具生活气息的古镇确实也是见到不少当地老人坐在路边聊天晒太阳下一个是甪直古镇甪直古镇也没有门票日上三竿游客已经熙熙攘攘起来甪直古镇最吸引我的是这里有第一批全国文保的保圣寺罗汉塑像于是一进景区就直奔保圣寺刷水韵卡进入景点然而看到罗汉塑像那一刻是比较失望的这几具落满灰尘残破不堪的罗汉像虽说历经一千多年还能保存至今已是万分难得不过保存状态还是让我感到遗憾保圣寺景点里还有叶圣陶墓其他就没什么太多好逛的了游客一多古镇的商业味道就开始溢出匆匆溜达一圈就走了开车回同里姑娘们还在酒店老婆说酒店的早餐很丰富给我打包了一碗面条虽然冷了味道还不错退房离开同里先打卡了周边的几座古桥然后往市区方向开博物馆两个小姑娘都不太想去我说那就去盘门景区看看吧刚进老城小姑娘喊肚子饿就把车停在商场出去找吃的吃完东西再到景区时间到了下午4点一刻景区还开着门但是水韵卡不能用说4点系统就关了哈还有这种操作呢那就算了吧我说水韵卡里还能坐船夜游古运河小姑娘说要坐那必须满足出来一趟她也没玩到啥不过夜游的船要晚上6点开始就在候船室里等到6点游船上除了有导游讲解沿途景点还有人表演苏州评弹回到码头下了船开车回南京到家9点多还好不算太晚,1,,,,,,,,,,,,,,,,,,,,,,,,,,,,,,,,,,
??狭窄水巷宛若历史脉络轻舟如梭悠然荡漾其间织就一幅幅流动的水墨丹青??在著名画家吴冠中眼中周庄是黑瓦白山墙流水绕人家杨柳垂阴鹅鸭相逐处处入画??沉醉于江南水乡的灵韵与风华体味东方温婉之极致将时光轻轻挽留去过大大小小的古镇每次的感受都是 建筑美 景也美但是人太多 把欣赏美景的兴致都消磨光了没想到这一次去周庄给我那么大的惊喜 游客意外的很少细想一下可能是没做什么推广 游客都被别的古镇吸引走了正是如此 我刚好可以安静的欣赏 太喜欢这份闲适和宁静了??游玩攻略?摇橹船 建议傍晚时分去坐河两岸的灯光亮起照在古建筑上更有故事感一路上船家还会唱歌听着吴侬软语的曲调好像在江南旧时光里畅游了一番?周庄博物馆 在古建筑的宅院里听当地的民俗讲解全方面了解周庄的历史文化故事和美食仿佛走进了过去的时间?沈厅&张厅 分别是清代和明代的民居喜欢看旧时的住宅的很值得一去我就很喜欢哈哈?四季周庄 实景演出展现江南风土人情?灯光秀 灯光加上水幕和音乐真的很绝??拍照点?双桥 拍摄周庄的最佳位置码头就在桥边很适合拍船也是周庄最古老的桥?富安桥?花巷?古牌楼?古戏台?书香府邸?,1,,,,,,,,,,,,,,,,,,,,,,,,,,,,,,,,,,
对你没看错即日起到2025年1月27日凭高铁票(目的站为苏州南站或昆山南站)在检票口核验就可享受免费入园自驾的朋友可以选择早上七点前或晚上九点后也是免票周庄不管是白天还是夜景都很好逛所以最好是住一个晚上反向旅行悠闲的感受江南水乡的韵味游玩攻略??????白天重点打卡地外婆桥双桥沈厅张厅古街小巷??晚上建议夜幕时分后乘坐摇橹船水乡欣赏两岸风光氛围很好十分惬意??住宿可以选择古镇里面近期淡季性价比很高清晨或者傍晚在古镇漫步可以感受当地原住民的烟火气??特色小吃万三蹄白丝鱼阿婆菜袜底酥奥灶面,1,,,,,,,,,,,,,,,,,,,,,,,,,,,,,,,,,,
没花门票??????免费游了趟周庄古镇?????周庄古镇收门票??时间是7:30到20:00我们是第一天中午到的办理完酒店入住之后叫车??到达锦溪古镇锦溪古镇没有门票溜达一下午之后返回酒店休息晚上7点多步行到古镇门口大概7:50左右工作人员就会下班这时候就可以进入古镇欣赏夜景了第二天早上7点从酒店出发又可以免费??进古镇这样不花钱就可以白天跟晚上的周庄都逛遍?我个人比较喜欢早上的周庄特别的安静没有商户开门没有旅行团的到来漫步古镇体验小桥流水人家的感觉等到商户开了就去尝尝三万昌家的碧螺春奶茶??跟碧螺春桃酥真的好好吃?? 古镇还里??我爱吃的鑫震源建议选个二楼靠窗的位置可以边欣赏美景边品尝美食它家的大虾??生煎跟牛肉粉丝汤我真的爱了爱了???最后交换一下你手机里周庄的照片吧??,1,,,,,,,,,,,,,,,,,,,,,,,,,,,,,,,,,,
作为江南六大古镇之一的周庄古镇??以其独特的地理风貌深厚的文化底蕴??和淳朴的民风民俗成为了中外游客??热门的旅游目的地吸引着无数旅人前来-??位置江苏省苏州市昆山市周庄镇?营业时间7:30-21:00-?历史悠久周庄古镇始建于北宋时期距今已有900多年的历史是中国江南六大古镇之一??也是中国首??批历史文化名镇??水乡特色周庄四面环水湖???河联络形成了典型的江南小桥流水人家的风貌古镇???的井字型河道上完好保存着14座建于元明清各代的古石桥见证了古镇的繁荣?与历史??的变迁??建筑风格周庄古镇的水巷之间驳岸拱桥粉墙黛瓦??保存完整呈现出一种古老而又充满生活气息??的景象60%以上的民居依旧保留着明清时期的建筑风貌????文化遗产丰富周庄人文荟萃诞生了明朝首富沈万三近代画家陈逸飞等名人??民俗活动周庄民俗活动丰富多彩??如周庄国际旅游节和阿婆茶文化节或是在传统手工艺坊亲手制作纸扇??蓝印花布??感受江南文化的独特韵味??古镇美食??万三蹄周庄内非常有名的猪蹄是古时候江南富人拿来招待贵客的菜??奥灶面中国十大面条之一的奥灶面一定要试试??万三面也是传说中的首富面口感和奥灶面类似??其余小吃桂花糕海棠糕袜底酥等等也是特色?,10,"江南六大古镇,独特地理风貌,深厚文化底蕴,淳朴民风民俗,热门旅游目的地,900多年历史,历史文化名镇,水乡特色,四面环水,小桥流水人家,14座古石桥,井字型河道,元明清建筑,粉墙黛瓦,60%以上明清民居,丰富文化遗产,明朝首富沈万三,近代画家陈逸飞,丰富多彩民俗活动,国际旅游节,阿婆茶文化节,传统手工艺坊,纸扇制作,蓝印花布,江南文化韵味,古镇美食,万三蹄,奥灶面,万三面,桂花糕,海棠糕,袜底酥",,,,,,,,,,,,,,,,,,,,,,,,,,,,,,,,,
这次来苏州很想感受下江南的古镇苏州附近有同里古镇和周庄古镇我们这次选择了同里古镇比周庄宽商业气息也没周庄重周庄路窄店铺也小也多作为中国十大历史文化名镇之一江南六大古镇之一简直是被低估的宝藏??距苏州城区不远这里既有园林般的水乡景致又有东方威尼斯的人文情调小桥流水明清古建筑老街巷弄一切都如同时间静止了一般原汁原味的明清园林建筑随手一拍就是古装大片背景人少安静逛累了可以找家小茶馆品一壶茶看小船悠悠划过风景与人文双绝每一处细节都透露出江南水乡的精致与诗意不管是园林老宅还是桥上风光都让人心旷神怡????游玩路线推荐??退思园?崇本堂?珍珠塔景园?耕乐堂?嘉荫堂?罗星洲??游玩贴士提前一天通过官方渠道购票80元/人现场购票100元/人早8点前和晚上5点半后进入古镇不收费但部分景点会关闭??门票是古镇8个景点的联票退思园珍珠塔松石悟园太湖水利展示馆崇本堂嘉荫堂耕乐堂罗星洲??有当地人声称50元带入但只包入镇不含各园门票?核心景点解析?? 退思园作为晚清园林的代表之作退思园名字取自左传进思尽忠退思补过建于清代罢官归乡的任兰生之手亭台楼阁环绕水面景致精致却不失大气这里曾是还珠格格和庭院深深的取景地?? 珍珠塔景园东宅西园的格局尽显苏州官员昔日的富贵生活外宅朴素内院奢华刘姥姥进了大观园的既视感水榭阁楼曲水流觞一砖一瓦都写满了江南的优雅?? 嘉荫堂民国初年的典型江南民居保存完好的雕梁画栋彰显当时富人家的底蕴仿佛可以一窥百年前的水乡生活?? 崇本堂作为明朝风格的江南宅邸这里陈列着丰富的历史文物和传统工艺品这里还展示了古代江南的婚俗文化?? 三桥长庆桥吉利桥太平桥同里三桥是古镇文化的象征也被列为非遗民俗文化据说走过这三桥人生的坎坷也会被带走无论白天还是夜晚三桥的景致都别具一番韵味??关于美食状元蹄酒坛子饭桶家的招牌菜酥烂入味是必试的经典退思饼适合作伴手礼赤豆糕传统小吃甜而不腻是江南的老味道小伙伴们去过周庄和同里的更喜欢哪一个呢,1,,,,,,,,,,,,,,,,,,,,,,,,,,,,,,,,,,
"""江南水韵天花板白墙黛瓦间的千年时光机""-? 开放时间07:30-21:00??早7:30前&??晚9点后 免费入园夜猫子&早起党狂喜-?? 交通指南??自驾江浙沪2h直达定位富贵园/东庄停车场免费不坑游客??高铁昆山南站打车30min/苏州园区站??公交C10直达-?? 门票薅羊毛攻略??成人100元学生半价50元???必码提前1天订票减20元当天买哭晕在双桥-?? 暴走路线拿好游客中心地图???不迷路??经典打卡线古牌楼??古镇照壁??箱子王??双桥周庄C位??逸飞之家??古戏台??沈万三水冢????张厅??富安桥??沈厅土豪沈家大院??南湖秋月园??迷楼??三毛茶楼??猫的天空之城??阮仪三工作站??舟书店??周庄博物馆-?? 摇橹船体验??万三水上财道??280/船6人拼更划算??古镇水巷游??220/船船夫边摇边唱""吴侬软语+水乡小调""-?? 隐藏玩法1??穿汉服坐手摇船穿越感MAX2??三毛茶楼寄明信片盖周庄专属邮戳3??猫空书店写未来信把江南烟雨寄给明年的自己-??冷知识周庄60%人家姓沈遇到""沈万三后人""别惊讶??-? 昼夜攻略??清晨无人古巷+青石板水汽=雨巷现实版??夜晚灯笼亮起??坐船看两岸灯火美到失语",1,,,,,,,,,,,,,,,,,,,,,,,,,,,,,,,,,,
[派对R]全网最全面周庄古镇旅游攻略来啦[偷笑R]本期跟您一起探秘周庄容易错过的小众景点[飞吻R]按照这两期逛完才算是逛了一个完整版周庄,8,"派对,偷笑,飞吻,探秘,小众景点,完整版周庄",,,,,,,,,,,,,,,,,,,,,,,,,,,,,,,,,
凭到达站??为昆山南站/苏州南站的车票免费游玩周庄古镇周六从上海南出发到苏州南全程28分钟抵达打车可以定位在苏州南进站口打20??不到十几分钟就可以抵达景区[加油R]景区现在一定要本人身份证+12306已出站信息午饭??烟雨人家直播间138的双人餐5个菜一共2个小女孩吃的饱饱的有非常出名的万三蹄膀很好吃??景区游玩用时接近3小时很经典的江南景色遇到了很多很多只????爱猫人狂喜都超级亲人免门票值得一去,1,,,,,,,,,,,,,,,,,,,,,,,,,,,,,,,,,,
3-4月正是去周庄的时候打卡一波水乡之美遇到节假日免门票不亏??交通方式1??上海站-昆山南-??133路-周庄客运站乘坐任意抵达周庄新牌楼站的公交即可耗时2h左右方式2??上海南/虹桥-苏州南-打车??-周庄古镇耗时1h左右??关于门票??100/人[打卡R]70岁以上6岁以下免票[打卡R]60岁以上学生证半价??开放时间07:30-20:00个人觉得随便从哪个门进??节假日景区??不是很方便自驾停车场???收费价格一般??特别提示陈逸飞故居近期修缮不开放[黄金薯R]关于景区玉兰花迎春花锦鲤必看景区的猫??很多狗狗也不少有e有i记得去沈厅摸一把聚宝盆??小桥流水边吃个便饭也相当惬意价格跟景区外差不多书店有很多出片位需要耐心探索哦小巷子里的周庄和歌词墙记得打卡??古牌楼起点游玩顺序+免费章0??游客中心2枚1??纸箱王1枚2??古戏台1枚3??张厅1枚4??沈厅1枚5??南湖秋月园6??叶楚伧故居1枚7??迷楼没找到8??澄虚道院9??周庄博物馆1枚这几个是大景点穿插还有很多小园和文创书店以下也有免费章??三毛茶楼??阿婆茶点??微笑小屋????的天空城买1??卡就能盖5-6个??鑫震源生煎要自己找??关于美食周庄遍地都是万三蹄??25-35不等随机选一家就行建议挑当天制作现场塑封的正餐我们选了dp靠前的餐厅饭后老板送了一袋鞋底饼让我们带回家还有挂件小礼物情绪价值给超足,8,"水乡之美,免门票,交通方式,耗时短,门票优惠,开放时间长,玉兰花,迎春花,锦鲤,景区的猫,狗狗,沈厅聚宝盆,小桥流水,便饭价格合理,书店出片位,小巷子,周庄和歌词墙,古牌楼起点游玩顺序,免费章,游客中心,纸箱王,古戏台,张厅,沈厅,南湖秋月园,叶楚伧故居,迷楼,澄虚道院,周庄博物馆,文创书店,三毛茶楼,阿婆茶点,微笑小屋,天空城,鑫震源生煎,万三蹄,鞋底饼,挂件小礼物,情绪价值",,,,,,,,,,,,,,,,,,,,,,,,,,,,,,,,,
君到姑苏见人家尽枕河-中国第一水乡苏州周庄江南六大古镇之最美水乡一场烟雨会满足你对江南的所有幻想如果你要下江南一定要去周庄周庄相关介绍如下基本概况- 地理位置位于江苏省苏州市昆山市西南处于江苏上海交界处昆山吴江青浦三区之间- 面积与人口境域面积38.96平方千米其中水域面积18.16平方千米截至2023年全镇人口3万余人其中本地户籍人口2.2万余人- 历史渊源春秋时为吴王少子摇的封地名为贞丰里北宋元祐元年1086年因邑人周迪功郎捐地修全福寺而更名周庄康熙初年更名为周庄镇自然风貌- 地形地貌地处太湖流域冲击平原东部属于太湖水网中的湖荡平原陆地多呈岛状或半岛状水域面积占比约46.61%湖荡相连河港交叉- 气候特征属亚热带季风气候全年无霜期长温和湿润雨水充沛适中四季分明建筑特色- 古桥存有14座各具特色的古桥如著名的双桥由世德桥和永安桥组成造型独特一横一竖桥洞一方一圆被称为钥匙桥是周庄的标志性建筑- 民居全镇60%以上的民居为明清建筑有近百座古典宅院和60多个砖雕门楼以沈厅张厅为代表多为多进院落式建筑前河设水墙门和沿街店铺后河设船坞文化与景点- 文化底蕴历史名人众多张翰刘禹锡陆龟蒙沈万三叶楚伧等曾在此居住拥有丰富的非物质文化遗产如昆曲阿婆茶等- 主要景点沈厅由沈万三后裔所建七进五门楼规模宏大张厅历经数百年沧桑厅内保存着完好的明代建筑风格富安桥是江南仅存的立体型桥楼合璧建筑还有周庄博物馆展示了周庄的历史文化和民俗风情美食推荐- 万三蹄周庄的招牌美食浓油赤酱肉质软糯入口即化- 阿婆茶周庄的传统茶饮当地阿婆们用自家腌制的酱菜等搭配绿茶冲泡味道浓郁- 其他小吃还有青团袜底酥撑腰糕白蚬子等特色小吃,8,"君到姑苏见,人家尽枕河,中国第一水乡,苏州周庄,江南六大古镇,最美水乡,烟雨,江南,幻想,下江南,吴王少子摇,贞丰里,周迪功郎,全福寺,湖荡平原,岛状,半岛状,亚热带季风气候,无霜期长,温和湿润,雨水充沛,适中,四季分明,古桥,双桥,世德桥,永安桥,钥匙桥,明清建筑,古典宅院,砖雕门楼,沈厅,张厅,多进院落式建筑,水墙门,沿街店铺,船坞,历史名人,张翰,刘禹锡,陆龟蒙,沈万三,叶楚伧,非物质文化遗产,昆曲,阿婆茶,沈万三后裔,七进五门楼,规模宏大,明代建筑风格,富安桥,立体型桥楼合璧建筑,周庄博物馆,历史文化和民俗风情,万三蹄,浓油赤酱,肉质软糯,入口即化,阿婆茶,传统茶饮,酱菜,绿茶,青团,袜底酥,撑腰糕,白蚬子,特色小吃",,,,,,,,,,,,,,,,,,,,,,,,,,,,,,,,,
作为人间天堂的苏州既有江南园林的诗意也有现代都市的摩登这篇攻略帮你避开人潮玩转经典与小众景点?.1. 拙政园江南园林天花板?? 门票80元淡季70元?? 亮点中国四大名园之一山水萦绕的布局堪称园林艺术之峰?? 注意旺季人挤人建议8点前入园穿汉服拍照更出片园内租赁约100元/小时.2. 虎丘吴中胜景?? 门票60元?? 亮点苏轼说到苏州不游虎丘乃憾事打卡东方比萨斜塔云岩寺塔?? 注意山脚有电瓶车20元/人但步行更有趣避开节假日否则连拍照都排队.3. 周庄中国水乡?? 门票100元含15个景点?? 亮点小桥流水摇橹船沈万三故居双桥必打卡夜景超美灯笼倒映水面如画卷?? 注意早7点前/晚8点后免票但部分景点关闭船票220元/船限6人拼船更划算.4. 平江路历史街区老苏州缩影?? 门票免费?? 亮点沿河而建的古街茶馆评弹声声入耳都挺好取景地?? 注意周末人流量大建议工作日早晨来.5. 寒山寺千年古刹祈福?? 门票20元?? 亮点因枫桥夜泊闻名除夕敲钟仪式超震撼?? 注意素斋面15元一碗味道清淡.6. 苏州博物馆贝聿铭封笔之作?? 门票免费需提前预约?? 亮点现代建筑与园林的结合光影透过玻璃美到窒息?? 注意周一闭馆预约选上午人少.7. 沙溪古镇冷门宝藏原生态?? 门票免费?? 亮点1300年历史的古镇居民淳朴馄饨5元一碗仿佛穿越回明清?? 注意交通较偏建议自驾或打车晚上店铺关门早下午4点前逛完.8. 金鸡湖摩登苏州夜景?? 门票免费?? 亮点湖西看音乐喷泉湖东打卡大裤衩东方之门月光码头酒吧超chill?? 注意喷泉每周五六晚7:30开始.9. 狮子林假山迷宫探险?? 门票40元?? 亮点乾隆六下江南必来?? 注意假山陡峭老人小孩需搀扶避开雨天石板路易滑,8,古镇原貌,商业水平不高,童年的梦,历史,居民淳朴,馄饨,穿越回明清,,,,,,,,,,,,,,,,,,,,,,,,,,,
现在的江南古镇都是一个模版复刻出来的吗,3,,,,,,,,,,,,,,,,,,,,,,,,,,,,,,,,,,
?古韵新岁我在周庄数字梦工厂梦回水墨江南???新年的第一缕阳光洒落我悄然踏入周庄数字梦工厂影视拍摄基地仿佛穿越了时空跌入了一场绝美梦境?????江南的水轻柔如诗还原了一座古色古香的汴京城朱墙黛瓦翘角飞檐每一砖一瓦都诉说着千年的故事勾勒出水乡独有的风骨与韵味????轻轻推开一扇古门阳光与旧时光交织沉睡的记忆瞬间被唤醒这里就像是清明上河图的现代续章一幅立体的活着的江南画卷回响着宋时的余韵??????在这里每一寸空间都是清明上河图的延伸时间仿佛不再是线性的流逝而是化作了循环的梦境你既是画中人也是观画者共同编织着这场跨越时空的绮梦????风带着旧时文人墨客的低吟浅唱穿梭在楼宇之间红绸飘扬如同年轻的心跳热烈而鲜活????油纸伞下是江南独有的浪漫桥边游船是江南的流动画卷每一处秘境都藏着古远的传说等待着你来探寻????门内有门景中有景一扇门虽框不住江南的绝美风景却能框住千年的风华绝代在这里梦里的水墨江南不再是遥远的憧憬而是触手可及的现实????? ,10,"古韵,新岁,周庄,数字梦工厂,水墨江南,新年,阳光,影视拍摄基地,时空,梦境,江南水,古色古香,汴京城,朱墙黛瓦,翘角飞檐,千年的故事,水乡风骨,韵味,古门,旧时光,清明上河图,现代续章,江南画卷,宋时余韵,画中人,观画者,时空绮梦,文人墨客,低吟浅唱,红绸,油纸伞,江南浪漫,桥边游船,流动画卷,秘境,古远传说,门内有门,景中有景,江南风景,风华绝代,水墨江南,触手可及,现实",,,,,,,,,,,,,,,,,,,,,,,,,,,,,,,,,
"总要去趟周庄吧附攻略周庄被誉为中国第一水乡古典优雅整个古镇保留了非常完善的明清时期古建筑古镇依河成街过街骑楼白墙黑瓦特别美??门票100/人提前一天购票88晚上九点后免门票??交通江浙沪推荐自驾导航至昆山市周庄古镇??tpis1??停车自驾的不要停在周庄古镇游客中心停车场离古镇好远好远我们停在了富贵园停车场离古镇入口很近哦2??千万别相信花一半门票钱带小路进去的人3??摇船一次260能坐4-6人可以拼船??白天推荐游玩景点1??周庄博物馆古香古色宅院里有当地民俗讲解可全面了解周庄历史文化故事民俗趣事地方美食等沈厅周庄保存较好的清代民居传说中""聚宝盆""不要错过哇2??张厅建于明代典型官宅可以参观看看哦3??双桥这是拍摄江南水乡的最佳位置非常出片也是周庄最古老的桥4??纸箱王主题创意园区景区大门入口处店内饰品摆件是纸壳制成的大开眼界5??花巷雨巷相对于主干道的人山人海更建议大家往小巷子里走走会有意外的美景和静谧??晚上推荐游玩景点周庄夜景黄昏和夜晚的周庄有着另一种美时间充裕的朋友可以等看完夜景再走在河边的石凳上吹着风看着灯光点点一扫疲惫1??摇橹船可在入夜时分乘坐两边花灯刚刚打开抬头月明星稀两岸灯影浮动特别美??船票白天150 / 艘夜间180/ 艘坐6人全程30分钟左右2??四季周庄实景演出大型原生态水乡实景演出万三传奇故事水乡传统婚礼江南风土民情感受江南的水韵之美3??光影秀周庄夜晚最热闹的地方莫过于南湖秋月园了万众期待的最忆南湖光影秀灯光水幕音响效果非常震撼人心??美食推荐1??万三蹄周庄特色猪蹄2??奥灶面味道不错汤底不油腻3??阿婆茶推荐三毛茶馆临窗而坐听听三毛的故事4??袜底酥又脆又酥10r一包15r两包可以带一些回家5??苏帮菜 ?烟雨人家在景区入口外离富贵园停车场很近",9,"古镇原貌,明清时期古建筑,白墙黑瓦,周庄博物馆,沈厅,张厅,双桥,纸箱王主题创意园区,花巷雨巷,周庄夜景,摇橹船,四季周庄实景演出,光影秀,万三蹄,奥灶面,阿婆茶,袜底酥,苏帮菜",,,,,,,,,,,,,,,,,,,,,,,,,,,,,,,,,
-周庄古镇最新实况新年氛围已经拉满了??真心建议15:00之后再来古镇不仅可以拍到日落时分的浮光跃金?还能看到亮灯后古镇的绝美景象晚上还有很多歌舞表演感受满满的年味??-过年来周庄记住这条游玩打卡路线?????-??经典机位拍照??太平桥双桥古戏台张厅沈厅周庄博物馆-猫的天空之城太平桥上可以感受江南小桥流水的韵味看摇橹船从身边经过仿佛时间都慢了下来古牌楼的灯光装置也很有年味儿-??新年表演??将军巡街比武擂台传统相声财神大巡游灯舞宋华快闪秀非遗民俗水乡财运趣味新潮周庄的非遗春节将传统文化与当下流行结合感受到了不一样的新年趣味??晚上的灯舞宋华快闪秀千万不要错过华美灯光下演员与观众互动沉浸感十足,1,,,,,,,,,,,,,,,,,,,,,,,,,,,,,,,,,,
**梦里水乡醉美周庄**江南水乡最是周庄这座坐落于江苏昆山的千年古镇被誉为中国第一水乡以水墨丹青般的景致勾勒出江南最诗意的模样漫步周庄恍若穿越时空纵横交错的河道上14座古桥串联起两岸的粉墙黛瓦双桥世德桥永安桥的钥匙造型倒映碧波成就了陈逸飞画中的经典沿青石板路徐行沈厅与张厅的雕梁画栋诉说着明清商贾的繁华旧梦全福寺的钟声悠远为喧嚣中的心灵寻一方宁静若说白日的周庄是水墨画卷入夜后则化作璀璨星河橹声欸乃乘一艘摇橹船穿行灯影摇曳的水巷两岸红灯笼次第点亮吴侬软语的评弹随风飘来时光在此刻悄然停驻舌尖上的周庄亦是一场盛宴肥而不腻的万三蹄糯香清甜的贞丰青团配一盏阿婆茶便是水乡最地道的滋味街角的手艺人捏着糖人茶楼里飘出蒸糕的香气每一口都是江南的温柔在这里无需匆忙择一临水客栈小住晨观薄雾轻笼暮赏渔火点点方知人间烟火最抚人心周庄不止是风景更是一场关于诗意生活的邀约**Tips**- 最佳季节春秋两季气候宜人避开暑期人流高峰- 必体验夜游周庄穿汉服打卡古桥品尝万三蹄周庄待你执笔续写属于你的江南故事,10,"古镇原貌,商业水平不高,童年的梦,梦里水乡,醉美周庄,江南水乡,水墨丹青,诗意,时空穿越,古桥,粉墙黛瓦,双桥,钥匙造型,陈逸飞,沈厅,张厅,雕梁画栋,明清商贾,繁华旧梦,全福寺,钟声,宁静,白日,水墨画卷,入夜,璀璨星河,摇橹船,灯影摇曳,红灯笼,吴侬软语,评弹,舌尖,万三蹄,贞丰青团,阿婆茶,地道滋味,手艺人,糖人,茶楼,蒸糕,香气,江南温柔,临水客栈,薄雾轻笼,渔火点点,人间烟火,诗意生活",,,,,,,,,,,,,,,,,,,,,,,,,,,,,,,,,
穿越千年梦回周庄  一场说走就走的江南水乡之旅??走进周庄就像翻开了一本泛黄的书卷每一页都散发着江南水乡的独特韵味??没成想这次遇上了自己梦中的江南水乡周庄太适合反向过年了人少景美??关于交通??高铁??到昆山南转133路到周庄客运站后步行??地铁??上海11号线到花桥换游7路直达??自驾??周边??停车场???价格一天20??左右??关于门票定价1003天有效??反复进出??每天早上730之前晚上2100之后免费????步行线路不走回头路太平桥??逸飞之家??双桥??张厅??沈厅??富安桥??澄虚道院??迷楼??全福讲寺??周庄博物馆??必玩景点?双桥建于明万历年间一道石梁桥一道石拱桥一大一小一横一竖一方一圆两桥优雅的跨过河道又交织的一起这就是陈逸飞画中的双桥?张厅典型明代官宅七进院落真是庭院深深深几许轿从门前进船自家中过来张厅可以直接把船划到家中来张厅后花园有小河箸径直通南湖花园中还有水池是用来给船只掉头?沈厅大名鼎鼎的沈万三的后人修建的宅邸九进沿街河边是敞开的厅堂有时间一定要上二楼走马楼逛逛?富安桥旧集市的中心很小的桥两头却有四座两层桥楼一层门在街上二层门在桥上螺丝壳里做道场可见昔日的繁华也是赏景好去处狭长河道灰瓦白墙小船摇橹??其他体验活动??摇橹船??万三财道游船和古镇水巷两种??昆曲表演古戏台全天有演出1030开始20分钟一场??只此周庄剧场此次游周庄最大的惊喜就是看了这场演出现在周庄不止有枕河人家更有行进式多维空间剧只此周庄80分钟演出呈现了900年的周庄历史文化提着小鱼灯随着演员进入不同空间入画宋式美学穿越到宋朝的江南水乡通过四个篇章见证周庄旧友们各自的追寻体会家国情怀舞美设计服化道都是天花板级别这真是2024看过最好的演出了??周庄镇全福路66号只此周庄剧场,1,,,,,,,,,,,,,,,,,,,,,,,,,,,,,,,,,,
眼里的徽州梦里的江南如同画中走出来的世外桃源,10,"徽州, 江南, 世外桃源",,,,,,,,,,,,,,,,,,,,,,,,,,,,,,,,,
小时候读文化苦旅对里面周庄的描写印象深刻江南古镇去过很多唯独周庄迟迟未去可能这就是白月光的杀伤力吧??十几年后终于来到书中的江南小镇慢悠悠地闲逛大半天忽略那些略显商业化的场景仿佛又看到了记忆中故乡的模样??周庄古镇中国第水乡因为旅美画家陈逸飞以周庄双桥为素材创作的故乡的回忆而蜚声国际?古镇整体呈井字布局不做攻略很容易绕路跟着本j人这条路线能轻松打卡几乎所有景点??????懒人不回头路线详见P2古牌楼?纸箱王?双桥?逸飞之家?张厅?沈厅?南湖秋月园?全福讲寺? 叶楚伧故居?澄虚道院?三毛茶楼?迷楼?周庄博物馆??也可以从古牌楼进景区后先去周庄博物馆参观后再去双桥??推荐打卡?双桥逸飞之家打卡双桥经典机位??逸飞之家目前在改造不开放?沈厅张厅江南首富沈万三宅邸摸聚宝盆沾财气??逛张厅后花园看船自家中过的水乡特色? 澄虚道院四月正是道院里琼花盛开的时候还有只看门傲娇狸花猫???三毛茶楼三毛书店或三毛茶楼找个临窗位置喝茶?? 探寻三毛与周庄的往事?只此周庄剧场行浸式多维空间剧是继舞蹈诗剧只此青绿后只此系列的文旅融合演出??需单独购票目前在改造提升预计5月重启??交通??苏州南站开通后去周庄方便多了下高铁后打车约20分钟自驾的话可以停蚬江湾停车场??古镇里有游船有280r/船和220r/船两条线一条船6个人可以拼船夫唱歌是要加钱的??门票近期大调整优惠很多全价100r工作日半价7点前17点后进古镇无需门票但无法进小景点??2025年4月7日起购买一次原价票即可终身无限次免费入园??美食??万三蹄偏甜口软烂入味按大小价格不同景区外会便宜些没吃过的可以买??鑫震源苏州的网红生煎连锁了周庄这家专卖大虾生煎鱼籽小馄饨也很不错还有青团袜底酥阿婆茶等特色小吃??没有比江南小镇更足以成为一种淡泊而安定的生活表征的了春色正好何不下江南,9,"江南古镇,周庄,白月光,记忆中故乡的模样,水乡,旅美画家,陈逸飞,故乡的回忆,井字布局,懒人不回头路线,古牌楼,纸箱王,双桥,逸飞之家,张厅,沈厅,南湖秋月园,全福讲寺,叶楚伧故居,澄虚道院,三毛茶楼,迷楼,周庄博物馆,经典机位,江南首富沈万三宅邸,聚宝盆,财气,水乡特色,琼花,傲娇狸花猫,临窗位置,喝茶,三毛与周庄的往事,只此周庄剧场,行浸式多维空间剧,舞蹈诗剧只此青绿,文旅融合,苏州南站,蚬江湾停车场,游船,拼船,船夫唱歌,万三蹄,甜口,软烂入味,鑫震源,生煎连锁,大虾生煎,鱼籽小馄饨,青团,袜底酥,阿婆茶,淡泊而安定的生活表征",,,,,,,,,,,,,,,,,,,,,,,,,,,,,,,,,
江南最美的八大古镇,10,"江南,最美,八大古镇",,,,,,,,,,,,,,,,,,,,,,,,,,,,,,,,,
乌镇  周庄  南浔古镇  怎么选不想要商业气息浓的想安安静静走走[蹲后续H],5,,,,,,,,,,,,,,,,,,,,,,,,,,,,,,,,,,
页数共计20页编号44周庄古镇位于苏州城东南昆山吴江上海三地交界处是世界文化遗产预选地首批国家5A级旅游景区古镇四面环水因河成镇依水成街以街为市主要景点有富安桥双桥沈厅等井字型河道上完好保存着14座建于元明清各代的古石桥800多户原住民枕河而居60%以上的民居依旧保存着明清时期的建筑风貌注原创作品不可二传不可倒卖不可搬运仅供交流学习的哦创作不易感谢支持哒,7,,,,,,,,,,,,,,,,,,,,,,,,,,,,,,,,,,
本人男摄器材佳能rp配720长焦最近喜欢干净清透的风格有想约拍的可以看过来周庄跟拍 一小时40张底片,7,,,,,,,,,,,,,,,,,,,,,,,,,,,,,,,,,,
最近来体验下周庄古镇跟东方演艺集团最新推出的行浸式多维空间剧只此周庄这台演出是继舞蹈诗剧只此青绿后只此系列文旅融合演出的创新之作该剧通过宋人周和的梦与人生现代青年周和的一夜奇梦带领观众从看戏人到入戏者见证两位周和在周庄找到心灵之光感受不负我心只此周庄演艺还原了鼓吹十二案宫廷宴飨首次应用了3D环形巨幕透明光子晶体膜成像和3D数字成像技术构筑起一个前所未有的先锋艺术现场整体演出质量很高舞美灯光特效都是如此推荐大家可以一试[蹲后续H][蹲后续H][蹲后续H]其他攻略??演出门票只此周庄演出+周庄古镇联票280??演出地点周庄全福路66号只此周庄剧场[蹲R]演出时长全场约80分钟演出时间为10:30/15:30/18:00/20:00[飞机R]交通方式建议自驾市区到周庄大概一个小时左右??近期福利2024年中考学生高考学生凭准考证或录取通知书提前在周庄旅游官方渠道预约预约成功后免费观看演出限量预约数量每场50人,3,,,,,,,,,,,,,,,,,,,,,,,,,,,,,,,,,,
?古韵新岁我在周庄数字梦工厂梦回水墨江南???新年的第一缕阳光洒落我悄然踏入周庄数字梦工厂影视拍摄基地仿佛穿越了时空跌入了一场绝美梦境?????江南的水轻柔如诗还原了一座古色古香的汴京城朱墙黛瓦翘角飞檐每一砖一瓦都诉说着千年的故事勾勒出水乡独有的风骨与韵味????轻轻推开一扇古门阳光与旧时光交织沉睡的记忆瞬间被唤醒这里就像是清明上河图的现代续章一幅立体的活着的江南画卷回响着宋时的余韵??????在这里每一寸空间都是清明上河图的延伸时间仿佛不再是线性的流逝而是化作了循环的梦境你既是画中人也是观画者共同编织着这场跨越时空的绮梦????风带着旧时文人墨客的低吟浅唱穿梭在楼宇之间红绸飘扬如同年轻的心跳热烈而鲜活????油纸伞下是江南独有的浪漫桥边游船是江南的流动画卷每一处秘境都藏着古远的传说等待着你来探寻????门内有门景中有景一扇门虽框不住江南的绝美风景却能框住千年的风华绝代在这里梦里的水墨江南不再是遥远的憧憬而是触手可及的现实????? ,10,"古韵, 新岁, 周庄, 数字梦工厂, 水墨江南, 新年, 第一缕阳光, 影视拍摄基地, 时空, 绝美梦境, 江南的水, 轻柔如诗, 古色古香, 汴京城, 朱墙黛瓦, 翘角飞檐, 千年的故事, 水乡, 风骨与韵味, 古门, 阳光, 旧时光, 沉睡的记忆, 清明上河图, 现代续章, 江南画卷, 宋时的余韵, 时间, 循环的梦境, 画中人, 观画者, 旧时文人墨客, 楼宇, 红绸, 年轻的心跳, 油纸伞, 江南的浪漫, 桥边游船, 流动画卷, 秘境, 古远的传说, 门内有门, 景中有景, 江南的绝美风景, 千年的风华绝代, 梦里的水墨江南, 触手可及, 现实",,,,,,,,,,,,,,,,,,,,,,,,,,,,,,,,,
周庄沈厅的千功床 庆幸自己花了30元买了沈厅走马楼的门票 这个床是我至今看了那么多博物馆和民居中 最精美的床 细节雕刻  虽然只是一张床 确透露出一种壮观 非常值得一去,9,"周庄, 沈厅, 千功床, 走马楼, 票价, 细节雕刻, 观赏价值",,,,,,,,,,,,,,,,,,,,,,,,,,,,,,,,,
第一次去周庄古镇真的有好多要注意的地方呢以下我的真实体验请看完再去哦??-1周庄古镇作为江南6大古镇之一保留的江南明清建筑风貌蕞完善对得起中国di一水乡的美誉确实值得来??门票100但早7:00之前晚21:00之后可免费进入哦-2周庄古镇因发展旅游较早所以有些街巷较商业偶会遇到小摊贩揽客行为不感兴趣的不理会就好啦~-??3游览路线可参考我的古牌楼 - 纸箱王 - 古镇照壁 - 太平桥 - 双桥 - 张厅 - 富安桥 - 沈厅 - 南湖秋月园 - 澄虚道馆 - 三毛茶楼 - 迷楼 - 福洪桥 - 舟书店 - 周庄博物馆-??4来周庄怎么玩附拍照点??双桥周庄蕞好看的机位也是陈逸飞著名油画故乡的回忆原型人站在对岸拍古桥+凌霄花+窗景真的绝美??-??古戏台下午13:30 - 1530可免费聆听四场昆曲表演每场20分钟进门处的凌霄花框景戏台旁牡丹园门很出片哦??-??沈厅沈万三后裔沈本仁于清乾隆七年公元1742年建成的可赏水墙门河埠风光回字形走马楼~第五进中有沈万三的聚宝盆~??-??张厅是周庄保存比较完整的明代建筑厅旁箬泾河穿屋而过所谓轿自前门进船从家中过??-??周庄博物馆主要展示了周庄的历史古镇文化民俗文化等可深入了解周庄古镇-??其他赏江南古韵的古桥福洪桥富安桥-??茶楼品茶游逛之余可选家茶馆喝茶听评弹或去三毛书店探寻三毛的只言片语~??-??摇橹船220一船6人可和其他游客拼船哦??-??朦胧夜景晚21:00后可免费游周庄看花巷雨巷福洪桥的光影秀?-5古镇小吃万三蹄奥灶面海棠糕袜底酥等也可去鑫震源二楼吃生煎馄饨赏沿河风光??-6关于交通停车自驾或者像我一样通过苏汽直通车前往景区的宝子们别导航周庄古镇游客中心因为游客中心距离景区还有2公里呢还好苏汽直通车的司机小哥经验充足记住导航富贵园停车场少走1公里可真香??-,9,"江南明清建筑风貌,古镇照壁,双桥,张厅,沈厅,南湖秋月园,澄虚道馆,三毛茶楼,迷楼,福洪桥,舟书店,周庄博物馆,古桥,古戏台,昆曲表演,凌霄花框景,牡丹园门,水墙门,河埠风光,走马楼,聚宝盆,明代建筑,箬泾河,古镇文化,民俗文化,茶馆,评弹,三毛书店,摇橹船,夜景,光影秀,万三蹄,奥灶面,海棠糕,袜底酥,生煎馄饨,沿河风光,苏汽直通车,富贵园停车场",,,,,,,,,,,,,,,,,,,,,,,,,,,,,,,,,
船是春风的逗号桥是水波的韵脚周庄橹声私语船娘轻点长篙日与夜在橹声中流转风情白日里古桥是水墨长卷的筋骨入夜后灯影为河面铺就星汉银河且随古镇水巷游共赏周庄的双面叙事???日游篇涟漪荡开水面上桥的倒影每一座古桥都藏着一段与舟楫共生的故事??船行至富安桥下抬头可见桥身四角的飞檐挑起听闻沈万三的商船满载白银皆从这桥洞穿行铜钱纹石阶沾过富贵气??摇啊摇摇到了梦里呢喃的外婆桥船桨推开碧波船身缓缓穿过低矮桥洞青石板在头顶投下斑驳光影仿佛回到了儿时与家人共度的闲暇午后??在船上拍双桥是最完美的角度小船经过柳树刚刚抽条的枝丫从世德桥的圆拱穿出又滑入永安桥的方孔陈逸飞画故乡的回忆时便是乘船于此徘徊终日你看那桥影入水可像一把钥匙??夜游篇夕阳西斜夜航船悄悄推开月光桨声灯影里一片夜泊星河好景象??飞檐挑起琉璃灯双桥在夜色中愈发温润船娘哼唱吴歌圆拱桥影裹着灯晕浮沉桥影灯影共织琉璃梦境??南北市河后港街的灯光柔美宁静?船行过处两岸灯笼轻晃水波揉碎灯火随手一拍皆是缱绻的江南剪影??忽见船头跃起一尾红鲤原是远处的投影飘进了河面树影婆娑间花巷雨巷鱼池岸的光影秀在古镇的各个角落流动真正的周庄不在岸上而在船与水的缝隙里谁说春困难消且来周庄枕一船橹声让富安桥的茶香替你扫尽倦意让双桥的月影替你写完春天的诗????航线指南??220元/船1-6人?约20分钟?营业时间8:00-20:00??上船地点古镇水巷游码头沈厅对岸??日游线古镇水巷游码头通秀桥北码头??夜游线古镇水巷码头博物馆码头,10,"古镇原貌,商业水平不高,童年的梦,古桥,水墨长卷,星汉银河,富安桥,沈万三,铜钱纹石阶,外婆桥,双桥,吴歌,灯影,琉璃梦境,后港街,江南剪影,光影秀,橹声,茶香,月影",,,,,,,,,,,,,,,,,,,,,,,,,,,,,,,,,
谁懂啊在江南水乡过春天太治愈了摇橹船满满划过生机怏然的古镇风光穿汉服漫游古镇配上青团和春茶更是水乡下午茶的标配不管是乌镇还是周庄都非常适合清明节一日游路线参考????周庄(1日游)上午:穿汉服逛双桥沈厅 张厅(明清古宅打卡)下午:香村油菜花田放风筝贞丰街看非遗手工艺晚上:南湖湾放河灯听评弹吃万三蹄乌镇(1日游)上午:西栅游船昭明书院木心美术馆(文艺拍照)下午:龙形田油菜花海乌镇香市(看蚕花仙子巡游)晚上:运河市集逛吃水剧场看夜景穿搭建议??1.汉服/新中式:周庄古桥多汉服拍照超出片!2.浅色系+薄外套:清明早晚凉浅色连衣裙+针织开衫适配水乡背景3.舒适平底鞋:石板路多选帆布鞋/小白鞋暴走不累脚,10,"江南水乡,春天,摇橹船,古镇风光,穿汉服,青团,春茶,水乡下午茶,乌镇,周庄,清明节,一日游,双桥,沈厅,张厅,明清古宅,香村油菜花田,放风筝,贞丰街,非遗手工艺,南湖湾,河灯,评弹,万三蹄,西栅,昭明书院,木心美术馆,龙形田,油菜花海,乌镇香市,蚕花仙子巡游,运河市集,夜景,汉服拍照,浅色系,薄外套,针织开衫,舒适平底鞋,帆布鞋,小白鞋,石板路",,,,,,,,,,,,,,,,,,,,,,,,,,,,,,,,,
伙伴们如果你们跟我一样被周庄的人山人海劝退那我一定要安利你们一个宝藏古镇锦溪离周庄不远但人少景美关键还免费????锦溪古镇?? 自驾超方便上海出发1小时苏州城区40分钟就能到如果坐高铁到昆山南站打车25分钟或者坐公交133路也能直达昆山汽车站还有130路公交可以到哦?? 古镇随便逛不花钱不花钱张省美术馆紫砂馆和一些私人大宅院要门票10元一位看个人兴趣啦有苏州休闲卡的全免费一分钱不收?? 锦溪古桥这里可是有36座桥72只窑的传说每座桥都有自己的故事和造型真的超有味道比如南宋的十眼桥里和桥还有普庆桥节寿桥红木桥具庆桥等等随手一拍都是大片???? 民间博物馆锦溪被称为中国民间博物馆之乡真的名不虚传紫砂馆中原文化馆砖瓦馆古董馆名人馆张省美术馆逛到腿软学到脑袋爆炸???? 莲池禅院这座禅院可是南宋的老古董了临湖而建寺前还有一片荷塘夏天荷花盛开美到窒息秋冬也别有一番风味简直是拍照圣地?????? 陈妃水冢在湖中央的小岛上四面环水传说是南宋皇帝赵构的宠妃陈妃的墓地远远望去神秘又宁静感觉穿越回了古代???? 文昌阁临水而建的文昌阁是古镇的文化地标喜欢历史文化的小伙伴们一定不要错过?? 美食推荐锦溪的美食也超多奥灶面袜底酥海棠糕锦溪鱼干每一样都让人回味无穷吃货们冲就完事了??总之锦溪真的是个宝藏古镇人少景美还免费小伙伴们赶紧安排上??,9,"锦溪古镇,人少景美,免费,古桥,民间博物馆,莲池禅院,陈妃水冢,文昌阁,美食",,,,,,,,,,,,,,,,,,,,,,,,,,,,,,,,,
没啥好玩要淳朴不淳朴要商业化又不商业化和乌镇比差太多了就应该聚焦做一个点让大家了解周庄古镇的文化了解沈万三的历史但是并没把这个点做好总之旅游景点要不就收高价点有赚钱了才能投入钱运营否则就不要收钱留下不好名声和不好的产品,3,,,,,,,,,,,,,,,,,,,,,,,,,,,,,,,,,,
??宝子们??今天一定要给你们种草一个超美的地方  周庄古镇????当你踏入周庄就仿佛走进了一幅绝美的江南水乡画卷???古老的石桥横跨在潺潺流水之上河水清澈见底能看到鱼儿欢快地游来游去????坐着小船慢悠悠地穿梭在河道中船夫轻轻摇着橹那感觉简直绝了??岸边是白墙黑瓦的古建筑古色古香充满了历史的韵味?????这里还有各种美食万三蹄??糯糯的入口即化阿婆茶??香气四溢让人回味无穷??夜晚的周庄更是别有一番风味灯光亮起整个古镇如梦如幻?仿佛穿越回了古代??周庄古镇真的是一个来了就不想走的地方??快来这里感受江南水乡的魅力吧????,10,"古镇原貌,商业水平不高,童年的梦,江南水乡画卷,古老石桥,潺潺流水,清澈河水,欢快鱼儿,小船穿梭,船夫摇橹,白墙黑瓦,古建筑,历史韵味,万三蹄,糯糯口感,阿婆茶,香气四溢,美食回味,夜晚灯光,如梦如幻,穿越古代,不想离开,水乡魅力",,,,,,,,,,,,,,,,,,,,,,,,,,,,,,,,,
有一种生活叫做周庄这个古镇真的绝绝子古装拍照打卡巨出片也能让你沉下心来享受生活,10,"周庄,古镇,古装拍照,打卡,出片,享受生活",,,,,,,,,,,,,,,,,,,,,,,,,,,,,,,,,
江南六大古镇碧玉周庄富土同里风情甪直梦里西塘水阁乌镇富甲南浔你最喜欢哪一个?南浔古镇位于浙江湖州文化底蕴深厚被称为鱼米之乡丝绸之府白墙黑瓦小桥流水人家?乌镇位于浙江嘉兴是一座拥有7000多年历史和1300多年建镇史的古镇它被誉为中国最后的枕水人家更是鱼米之乡丝绸之府的代表字形的内河水系将全镇划分为东栅南栅西栅北栅四个区块?西塘古镇位于浙江嘉兴最具生活气息被誉为生活着的千年古镇快来打卡周杰伦MV同款机位阿汤哥碟中谍3取景地?甪直古镇位于江苏苏州人少景美且充满烟火气它有着独特的水乡特色和历史文化底蕴?同理古镇位于江苏苏州始建于宋代古镇内河道纵横古桥众多众多古建筑保存完好是体验江南水乡风情的绝佳之地?周庄古镇位于江苏昆山周庄是江南水乡的代名词作为开发蕞早的古镇也许有商业化的喧嚣但并不掩没它青瓦白墙的清淡本色,9,"江南,古镇,原貌,文化底蕴,鱼米之乡,丝绸之府,白墙黑瓦,小桥流水,水系,生活气息,千年古镇,烟火气,水乡特色,历史文化底蕴,河道,古桥,古建筑,江南水乡风情,青瓦白墙,清淡本色",,,,,,,,,,,,,,,,,,,,,,,,,,,,,,,,,
一眼王维笔下描绘的清风绿柳一船春天送来的花枝作渡资周庄观察手记花信篇??清风拂绿柳白水映红桃四月初的周庄乘船行于碧波之上春意扑面而来如久违的老友向旅人递来一树春笺花信??驻足青石板上伸手一捋垂下的绿丝江南的风充满暖意鸽子翩然煽动翅膀随着摇橹船穿柳而过浸没在吴侬软语里??亲爱的旅人周庄的春意刚刚绽放乘一艘摇橹船从富安桥出发穿过座座石桥看尽春日花开桨声尽头有穿竹石栏的新柳正蘸着涟漪写你的名字???春日漫游打卡路线??入口照壁|与多彩鲁冰花合影?纸箱王创意园|打卡纸做的世界?青龙桥|看花影入河成水墨?周庄博物馆|转角遇海棠扑帘?乘船过双桥|感受柳丝的色彩???拍摄指南??????????浅色棉麻长衫与青石板最相宜汉服油纸伞更添古韵备薄外套应对水乡晨暮凉意??花卉特写F1.8-2.8大光圈虚化古建背景??水乡全景ISO200-400配合偏振镜压暗水面反光呈现水乡全貌?定格夕阳?15:00-17:00时段顺光穿透双桥花帘,10,"清风,绿柳,春意,碧波,老友,春笺,花信,青石板,绿丝,暖意,鸽子,摇橹船,吴侬软语,新柳,涟漪,鲁冰花,纸箱王创意园,青龙桥,周庄博物馆,双桥,汉服,油纸伞,花卉特写,古建背景,水乡全景,夕阳",,,,,,,,,,,,,,,,,,,,,,,,,,,,,,,,,
乌镇  周庄  南浔古镇  怎么选不想要商业气息浓的想安安静静走走[蹲后续H],6,,,,,,,,,,,,,,,,,,,,,,,,,,,,,,,,,,
??宝子们??今天一定要给你们种草一个超美的地方  周庄古镇????当你踏入周庄就仿佛走进了一幅绝美的江南水乡画卷???古老的石桥横跨在潺潺流水之上河水清澈见底能看到鱼儿欢快地游来游去????坐着小船慢悠悠地穿梭在河道中船夫轻轻摇着橹那感觉简直绝了??岸边是白墙黑瓦的古建筑古色古香充满了历史的韵味?????这里还有各种美食万三蹄??糯糯的入口即化阿婆茶??香气四溢让人回味无穷??夜晚的周庄更是别有一番风味灯光亮起整个古镇如梦如幻?仿佛穿越回了古代??周庄古镇真的是一个来了就不想走的地方??快来这里感受江南水乡的魅力吧????,10,"古镇原貌,江南水乡,石桥,流水,鱼儿,小船,河道,船夫,白墙黑瓦,古建筑,历史韵味,美食,万三蹄,阿婆茶,夜晚,灯光,如梦如幻,穿越感",,,,,,,,,,,,,,,,,,,,,,,,,,,,,,,,,
作为江南六大古镇之一的周庄古镇??以其独特的地理风貌深厚的文化底蕴??和淳朴的民风民俗成为了中外游客??热门的旅游目的地吸引着无数旅人前来-??位置江苏省苏州市昆山市周庄镇?营业时间7:30-21:00-?历史悠久周庄古镇始建于北宋时期距今已有900多年的历史是中国江南六大古镇之一??也是中国首??批历史文化名镇??水乡特色周庄四面环水湖???河联络形成了典型的江南小桥流水人家的风貌古镇???的井字型河道上完好保存着14座建于元明清各代的古石桥见证了古镇的繁荣?与历史??的变迁??建筑风格周庄古镇的水巷之间驳岸拱桥粉墙黛瓦??保存完整呈现出一种古老而又充满生活气息??的景象60%以上的民居依旧保留着明清时期的建筑风貌????文化遗产丰富周庄人文荟萃诞生了明朝首富沈万三近代画家陈逸飞等名人??民俗活动周庄民俗活动丰富多彩??如周庄国际旅游节和阿婆茶文化节或是在传统手工艺坊亲手制作纸扇??蓝印花布??感受江南文化的独特韵味??古镇美食??万三蹄周庄内非常有名的猪蹄是古时候江南富人拿来招待贵客的菜??奥灶面中国十大面条之一的奥灶面一定要试试??万三面也是传说中的首富面口感和奥灶面类似??其余小吃桂花糕海棠糕袜底酥等等也是特色?,1,,,,,,,,,,,,,,,,,,,,,,,,,,,,,,,,,,
冬去春来??青石巷的皱褶里便落满江南的韵脚??玉兰在飞檐翘角上书写春的韵味??海棠??将胭脂研进留园的晨雾???连拙政园的漏窗都筛出满园香雪??我数着桃瓣上的运河??涟漪游人的油纸伞刚点破山塘街的烟雨???转身又跌进一片绣球花的云霭里???美哉原来这就是姑苏城的春和景明??.1??白玉兰??开花期2下旬-3月??观赏地拙政园 留园 虎丘 沧浪亭 网师园2??梅花??开花期2月中下旬??观赏地秋香园 狮子林 怡园 沧浪亭 林屋洞梅园 香雪海 上方山 黄桥梅花园 消夏湾 可园3??樱花??开花期3下旬-4月??观赏地上方山国家森林公园 谭东村 有轨电车秀岸站  尼盛尚品汇门口 铜观音寺晚樱4??二月兰??开花期2-4月??观赏地东园 虎丘湿地公园 虎丘山风景区5??郁金香??开花期3-4月??观赏地上方山 白马涧 苏州公园6??紫藤??开花期4月上旬??观赏地苏州市立一中 太平老街 网师园 狮子林 留园 拙政园7??木绣球??开花期4月下旬??观赏地莲池湖公园 留园 沧浪亭8??蔷薇??开花期4月??观赏地独墅湖教堂 苏州大公园 艺圃 太平老街 金鸡湖欧月园9??油菜花??开花期3中下旬-4月??观赏地阳澄湖半岛绿汀桥美人际莲花岛同里北联村周庄古镇西山植里古道横泾临湖沿东山大道两旁@薯队长@薯条小助手@生活薯@摄影薯@日常薯@城市情报官 @本地薯,10,"青石巷,江南,玉兰,飞檐翘角,海棠,留园,拙政园,漏窗,桃瓣,运河,油纸伞,山塘街,绣球花,姑苏城,白玉兰,梅花,樱花,二月兰,郁金香,紫藤,木绣球,蔷薇,油菜花,春和景明",,,,,,,,,,,,,,,,,,,,,,,,,,,,,,,,,
"总要去趟周庄吧附攻略周庄被誉为中国第一水乡古典优雅整个古镇保留了非常完善的明清时期古建筑古镇依河成街过街骑楼白墙黑瓦特别美??门票100/人提前一天购票88晚上九点后免门票??交通江浙沪推荐自驾导航至昆山市周庄古镇??tpis1??停车自驾的不要停在周庄古镇游客中心停车场离古镇好远好远我们停在了富贵园停车场离古镇入口很近哦2??千万别相信花一半门票钱带小路进去的人3??摇船一次260能坐4-6人可以拼船??白天推荐游玩景点1??周庄博物馆古香古色宅院里有当地民俗讲解可全面了解周庄历史文化故事民俗趣事地方美食等沈厅周庄保存较好的清代民居传说中""聚宝盆""不要错过哇2??张厅建于明代典型官宅可以参观看看哦3??双桥这是拍摄江南水乡的最佳位置非常出片也是周庄最古老的桥4??纸箱王主题创意园区景区大门入口处店内饰品摆件是纸壳制成的大开眼界5??花巷雨巷相对于主干道的人山人海更建议大家往小巷子里走走会有意外的美景和静谧??晚上推荐游玩景点周庄夜景黄昏和夜晚的周庄有着另一种美时间充裕的朋友可以等看完夜景再走在河边的石凳上吹着风看着灯光点点一扫疲惫1??摇橹船可在入夜时分乘坐两边花灯刚刚打开抬头月明星稀两岸灯影浮动特别美??船票白天150 / 艘夜间180/ 艘坐6人全程30分钟左右2??四季周庄实景演出大型原生态水乡实景演出万三传奇故事水乡传统婚礼江南风土民情感受江南的水韵之美3??光影秀周庄夜晚最热闹的地方莫过于南湖秋月园了万众期待的最忆南湖光影秀灯光水幕音响效果非常震撼人心??美食推荐1??万三蹄周庄特色猪蹄2??奥灶面味道不错汤底不油腻3??阿婆茶推荐三毛茶馆临窗而坐听听三毛的故事4??袜底酥又脆又酥10r一包15r两包可以带一些回家5??苏帮菜 ?烟雨人家在景区入口外离富贵园停车场很近",1,,,,,,,,,,,,,,,,,,,,,,,,,,,,,,,,,,
只此周庄再也不来苏州旅游黑幕重重第一: 报了当地旅游团耳麦竟然要单独收费去过全国这么多旅游景区第一次听说说什么可以不租耳麦跟紧导游人挤人怎么可能不租耳麦第二: 导游私自改变旅游路线忽悠进店消费而不是按照既定路线走欺骗游客说按既定路线需要2个小时没法看演出第三苏州网约车不开经济模式只开优享就是为了多收费5路线收费30多但是提供的服务是一样的和网约车司机闲聊的时候司机表示只要爆单网约车就会关掉经济模式多收3倍的车费第四周庄人挤人就是一个商业街拍照都没时间也没空间竟然还收古镇门票这点真的要向杭州西湖学习苏州和周庄仗着过来旅游的人多苏州和周庄这么搞迟早要被乌镇干掉,2,,,,,,,,,,,,,,,,,,,,,,,,,,,,,,,,,,
带父母出游微风细雨当然要去江南水乡转转啦南通??出发一个半小时[大笑R]??交通方式??推荐自驾周庄在江苏昆山但是距离车站距离都比较远??苏州北广场/上海人民广场/上海虹桥长途客运西站均有直达周庄古镇的大巴??高铁至昆山南站转公交??门票100元/人有效期三天每日7:30-21:30其余时间??提前定门票或者问当地民宿老板价格会便宜一些哦??住宿周庄民宿很多很多新建的环境都非常好不一定要住在周庄景区内???车停在民宿民宿会安排专门的车接送至景区省去停车烦恼[耶R]富贵园停车场免费??但不太好停收费停车场基本10元4小时[种草R]游玩路线Day1下午抵达周庄-入住民宿-吃晚饭周庄银子浜检票口入口处必吃万三蹄-夜游周庄-周府张厅-随处看看光影秀-摇橹船-周庄博物馆Day2景区内鑫震源吃早午饭生煎??-沈厅-南湖秋月园-全福讲寺-纸箱王主题创意园-返程??提示[一R]南湖秋月园19点和19点半有灯光秀[哭惹R]第二天白天才发现的我错过了[二R]检票口很多不一定要在正大门人多[三R]摇橹船一定要坐建议傍晚去夜晚灯光亮起微风习习很有故事感??220元一条船可坐6人按船计价门口可以拼一下[四R]沈厅记得摸摸聚宝盆??沾沾财气??[五R]古戏台下午13.30到1530可以免费聆听昆曲表演20分钟[六R]景区大门入口附近纸箱王主题创意园很多东西都是纸制成的很有意思带小朋友必去[七R]美食必吃万三蹄袜底酥@吃货薯 ,9,"古镇原貌,商业水平不高,童年的梦,微风细雨,江南水乡,自驾,大巴,高铁,门票优惠,民宿,免费停车场,接送服务,万三蹄,夜游,光影秀,摇橹船,博物馆,生煎,沈厅,南湖秋月园,全福讲寺,纸箱王主题创意园,灯光秀,古戏台,昆曲表演,聚宝盆,袜底酥",,,,,,,,,,,,,,,,,,,,,,,,,,,,,,,,,
好喜欢我拍的周庄呀忍不住发出来让大家看看1月底的周庄人很少有一种静谧的惬意感太适合来度假放松了赶上了好时候去的那几天天气很好景区里很多的小猫小狗都在慵懒地晒太阳游客不多的周庄我真的很爱好想自己的老家就在这里对了我们住在周庄的民宿老板人很好无广我们晚上到的还热心地带我们浅浅逛了一下周庄有一种到朋友亲戚家做客的暖心,1,,,,,,,,,,,,,,,,,,,,,,,,,,,,,,,,,,
唐风孑遗宋水依依烟雨江南碧玉周庄周庄一个有着九百多年历史的江南水乡古镇有近百座古宅院第和六十多座砖雕门楼过街骑楼和水墙门随处可见堪称江南水乡的经典今日周庄townwalk一起来打卡古建吧走马楼真能走马环坏绕绕复道行空串联起百年一梦??沈厅沈厅原名敬业堂清末改为松茂堂由江南巨富沈万三的后裔沈本仁于清乾隆七年公元1742年建成沈厅的整个厅堂是典型的前厅后堂建筑格局前后楼屋之间均由过街楼和过道阁连接形成一个环通的走马楼它通过楼道将第六进小堂楼一直到第二进门厅的楼间全部连接环通周长200米为同类建筑中所少见开船来我家后院?兜兜转转暗藏玄机铺散开一池莲蓬??张厅张厅原名为怡顺堂为明代中山王徐达之弟徐逵后裔于明正统年间所建是周庄镇仅存的少量明代建筑之一张厅最惊艳的在于后花园暗藏的河道从园南入水乘小舟穿屋而过水池驳岸上嵌有各式各样的缆船石池水与外界相通确是一派轿从门前进船自家中过的水乡奇景钥匙桥打开新门?层层叠叠方圆能周虽是异道也相安??双桥双桥建于明代万历年间拱桥叫世德桥平桥唤作永安桥两者呈十字交错沟通南北东西连在一起的石桥一长一短桥面一横一竖桥洞一方一圆极像古时开木锁的丁字形钥匙因而当地人习惯称它钥匙桥1983年春画家陈逸飞来到周庄创作了以双桥为原型的画作故乡的回忆周庄双桥引起世人瞩目这把钥匙同样打开了周庄的大门周庄从此走向了世界周庄环境幽静坐在船上游览穿桥过洞颇有情趣建筑古朴极具江南水乡建筑之美随便的一块砖一片瓦捡拾起来都刻着一段精彩的故事,1,,,,,,,,,,,,,,,,,,,,,,,,,,,,,,,,,,
Hi大家好我是Jason上海新场古镇真的太好逛啦一踏入古镇悠悠的江南水乡气息扑面而来这里既有烟火气息的商业老街又有文艺小众的古镇风情从街头到巷尾步步皆是美味诱惑古宅古院古桥青石板路江南水乡氛围感拉满攻略图见??图1718带上攻略赶紧出发吧??打卡攻略?古镇小吃美食主要集中在??牌楼西路以北图18打卡点1游客较多?古镇人文景点主要集中在??牌楼西路以南图18打卡点23游客较少适合拍照?特色美食下沙笋肉烧卖王记海棠糕鸡汤豆腐花草头塌饼臭豆腐汤圆?必打卡点三世二品坊Diyi楼茶园洪福桥千秋桥新场历史文化陈列馆周一闭馆南山寺康家宅沿河长廊烟雨长廊新场水桥?特色地点1??一期一会书吧临河咖啡馆拍ins风窗景2??四库书房淘伴手礼拍新中式风3??竹编坊买小众纪念品看手艺表演4??江南Diyi楼茶园体验老上海茶文化拍复古风5??奚家厅药斑布坊DIY体验感受非遗文化6??缶+文创空间拍ins风淘设计师小物7??康家班土布馆定制复古服饰拍怀旧风8??小半有光杂货铺淘治愈系小物拍小清新??出行交通??定位上海浦东新区新场古镇??交通导航到海泉街停车场6R/H)??交通地铁16号线至新场站下车打车10分钟或乘公交628路直达古镇??Tips??有疑问或希望我去哪里打卡欢迎留言??关注点赞Jason带你去看更多魔都攻略,9,"古镇原貌,江南水乡,烟火气息,文艺小众,美味诱惑,古宅,古院,古桥,青石板路,氛围感,人文景点,特色美食,笋肉烧卖,海棠糕,鸡汤豆腐花,草头塌饼,臭豆腐,汤圆,三世二品坊,Diyi楼茶园,洪福桥,千秋桥,新场历史文化陈列馆,南山寺,康家宅,沿河长廊,烟雨长廊,新场水桥,一期一会书吧,临河咖啡馆,四库书房,竹编坊,江南Diyi楼茶园,奚家厅药斑布坊,缶+文创空间,康家班土布馆,小半有光杂货铺",,,,,,,,,,,,,,,,,,,,,,,,,,,,,,,,,
君到姑苏见人家尽枕河作为江南水乡的代表周庄商业开发程度是比较成熟的古镇里那些商铺也都大同小异不同的是我们可以去寻找著名画家陈逸飞和吴冠中笔下的真实周庄究竟是什么样子的~??门票正常买票100R水韵江苏卡免费早上七之前和晚上9点之后也是不收门票的工作人员没上班就不收费?????停车??一定要注意这里面有好几个停车场我们当时就是导航到游客中心结果是最远的停车场还是收费的到景区大门居然还有2公里看别的网友说停在富贵园停车场那里是免费的离的还近~??游玩路线鼓楼牌纸箱王周庄博物馆逸飞之家双桥古戏台张厅苏式生活人居典范沈厅江南名居之最富安桥古镇水巷游迷楼叶楚伧故居不一定要按照顺序边走边逛就好啦~??看表演?10:30-11:3013:30-15:30戏台那里可以免费听昆曲间歇性演出每场20分钟 演出三点半就结束了大家注意时间??坐游船古镇水巷游220/船可坐6人?8:30-21:00万三水上财道280/船可坐6人?8:30-16:30??美食鑫震源是连锁的跟苏州的味道一样随便点都好吃去万三捞卤吃万三蹄和卤味都不错我都替你们尝过了放心吃全程逛下来大概要三四个小时足够可以不用住宿想住宿的也话可以住这里的民宿感受下夜景~,1,,,,,,,,,,,,,,,,,,,,,,,,,,,,,,,,,,
当日落染上橘色的天空古镇的青石板泛起光芒看窗外的小桥流水乌篷船悠悠荡荡河岸边的老茶馆里老人们闲聊着家常这一幕仿佛美卷如画[仙女R][仙女R]如果你也想来看看江南的水乡那这6个值得N刷的古镇你一定不要错过[露营灯R][露营灯R]乌镇氤氲的清晨你可以坐在在水边吃着早茶欣赏日出下午在茶馆里喝茶听老人家们闲聊着家常夕阳西下坐着摇橹船乌篷船悠悠荡荡穿梭在古镇的河道间[仙女R]打卡景点木心美术馆草木本色染坊月老庙水上集市矛盾纪念馆[哇R]美食推荐乌镇酱鸭白水鱼定胜糕羊肉面[露营灯R][露营灯R]周庄小桥流水古巷深深漫步在石板路上感受着历史的沉淀在这里你可以漫步古巷在小巷街道感受古镇的历史诉说[仙女R]打卡景点双桥卡沈万三故居周庄博物馆全福寺南湖春晓[哇R]美食推荐万三面周庄大闸蟹青团子万三蹄袜底酥[露营灯R]南浔古镇有湖州一个城不及南浔半个镇的说法南浔一个充满故事的地方既有江南水乡的柔情又有西方建筑的雄伟漫步在古镇感受着两种文化的交融仿佛能触摸到历史的脉络[仙女R]打卡景点小莲庄嘉业藏书楼张佑民旧宅百间楼张静江故居[哇R]美食推荐双交面千张包浔蹄风枵旁皮鱼[露营灯R][露营灯R]西塘古镇我本无意入江南奈何江南入我心烟雨蒙蒙长廊如梦这里是周杰伦歌曲中的红尘客栈白天可以在这里沿着河道漫步感受古镇的静谧烟火逛完古镇去烟雨长廊走走看看歌曲里的山水墨染[仙女R]打卡景点烟雨长廊古弄堂迎秀桥石皮弄西园[哇R]美食推荐叫花鸡桂花糕老马粉蒸肉...[露营灯R][露营灯R]同里古镇这里保留很多小镇的生活片段没有那么商业化小桥流水白墙戴瓦散步小巷三桥品尝烟火美食喝茶听曲体验园林静谧真的很惬意[仙女R]打卡景点退思园崇本堂三桥松石悟园珍珠塔[哇R]美食推荐太湖三白海棠糕状元蹄退思饼赤豆糕[露营灯R][露营灯R]甪直古镇甪直寓意着甪端能一直蹲守在这个风水宝地保护这一放的人民带来吉祥好运小桥流水古巷深深漫步在甪直古镇的石板路上在这里和村民聊天看这里的烟火人气仿佛回到了小时候的时光[仙女R]打卡景点保圣寺万盛米行沈宅萧宅[哇R]美食推荐秋香海棠糕梅农咖啡,10,"古镇原貌,青石板,小桥流水,乌篷船,老茶馆,历史沉淀,文化交融,烟火气息,园林静谧,村民互动,烟火人气",,,,,,,,,,,,,,,,,,,,,,,,,,,,,,,,,
你的一句春不晚我就到了真江南这个梗出自苏轼的惠崇春江晚景因为喜欢江南水乡的温婉定居在了苏州一直以为苏州的美没有那座江南城市可以超过直到我来了绍兴突然觉得还是有可以跟苏州媲美的江南水乡的.想把这座小城很真诚地推荐给大家但也怕这里被嘈杂的声音所扰动不管怎样带你看看我眼中的绍兴吧.??绍兴3??天2??夜游玩攻略Day1???苏州自驾出发抵达???东湖 ??十里荷塘????犭央(ang)犭茶(sang)湖????西小路历史街区?????入住绍兴市区Day2???仓桥直街????书圣故里????八字桥????鲁迅故里????兰亭 ???入住安昌古镇Day3??安昌古镇??柯桥古镇??苏州.??推荐必打卡的地方.1??犭央犭茶 湖ang sang建于明代的避风石塘古纤道小众到不能再小众的地方工作日来的话基本没人.2??东湖以崖壁岩洞石桥湖面巧妙结合也是绍兴的一大园林来此乘船进入岩洞仿若进入了桃花源记的世界.3??西小路藏在闹市里的江南水乡建筑层峦叠嶂好像现实版的江南百景图.4??环山路这里阴天晴天都别有一番韵味而且游人稀少街边的绿树配上粉墙黛瓦非常江南.5??兰亭这里有日本琉璃光院的同款天章之寺也有王羲之的真迹还有应景的大白鹅.6??安昌古镇这是非常小众的一个古镇里面有着老绍兴人的回忆不妨来此小住一日吧.7??柯桥古镇傍晚的柯桥古镇随着科技的光影这里成了江南的另一种画面.8??镜湖十里荷塘接天莲叶无穷碧映日荷花别样红在这里得以具像化.9??鲁迅故里做先生书迷访先生故里读了那么多年先生的书总要来次他的家乡吧.??仓桥直街江南烟火气最抚凡人心来这里感受绍兴人的慢生活.??注意现在小红书上线了100天运动打卡挑战活动可以参与领取背包挂件等哦跟我一样带着可爱的包挂一起旅行环游世界吧,9,"江南水乡,温婉,东湖,十里荷塘,犭央犭茶湖,西小路历史街区,仓桥直街,书圣故里,八字桥,鲁迅故里,兰亭,安昌古镇,柯桥古镇,避风石塘,古纤道,崖壁岩洞,石桥湖面,园林,桃花源记,层峦叠嶂,江南百景图,粉墙黛瓦,天章之寺,王羲之真迹,大白鹅,老绍兴人回忆,科技光影,十里荷塘,接天莲叶,映日荷花,鲁迅故里,江南烟火气,慢生活",,,,,,,,,,,,,,,,,,,,,,,,,,,,,,,,,
??周庄古镇位于苏州市昆山市是江南六大古镇之一兴盛于北宋四面环水依水成街桥街相连井字型河道上完好保存着富安桥双桥太平桥等14座建于元明清各代的古石桥800多户原住民枕河而居60%以上的民居依旧保存着明清时期的建筑风貌??主要景点步行线路太平桥逸飞之家双桥古戏台张厅沈厅富安桥澄虚道院迷楼全福讲寺周庄博物馆??双桥建于明万历年间由一座石拱桥世德桥和一座石梁桥永安桥组成桥面一横一竖桥洞一方一圆样子很像是古时候人们使用的钥匙当地人便称之为钥匙桥??张厅是周庄镇仅存的少量明代建筑之一原名怡顺堂相传为明代中山王徐达之弟徐逵后裔于明正统年间所建清初卖给张姓人家改名玉燕堂俗称张厅张厅前后七进正厅玉燕堂有幅对联轿从门前进船自家中过来张厅可以直接把船划到家中来张厅后花园有小河箸径直通南湖花园中还有水池是用来给船只掉头的??沈厅原名敬业堂清末改为松茂堂由沈万三后裔沈本仁于清乾隆七年(公元1742年)建成共有七进五门楼由三部分组成前部是水墙门河埠供停靠船只洗涤之用中部是墙门楼茶厅正厅为接送宾客办理婚丧大事及议事之处后部是大堂楼小堂楼后厅为生活起居之处其有大小一百多间房屋是典型的前厅后堂的建筑格局沈厅的第五进中安放着江南豪富沈万三的坐像他的面前有金光闪闪的聚宝盆走进沈厅的每一个人都会对沈万三这个传奇人物产生浓厚的兴趣??富安桥旧集市的中心桥系花岗石质地单孔拱桥拱券分节并列砌置是江南水乡仅存的立体型桥楼合壁建筑??门票1003天内自由进出??? 开放时间全年全天早上730之前晚上2100之后免费??地址江苏省苏州市昆山市周庄镇??交通昆山南站到周庄古镇约36公里55分钟?,7,,,,,,,,,,,,,,,,,,,,,,,,,,,,,,,,,,
周庄建筑的局部特写那白墙灰瓦完美诠释着江南水乡的典雅与婉约古色古香的明清院落建筑和砖雕门楼错落有致地分布在沿岸高耸的檐角倒映在河中宛如一幅绝美的水墨画卷在这里时光仿佛悠悠停滞一切都显得那么静谧与恬美你可以悠然漫步在古老的街道上深深感受着历史的厚重沉淀也可以乘船缓缓游览静静欣赏着两岸如诗如画的美景周庄这座千年古镇犹如一颗璀璨明珠散发着独特的魅力等待着你来揭开它那神秘迷人的面纱??宝子们快来点赞关注呀??,10,"白墙灰瓦,江南水乡,古色古香,明清院落,砖雕门楼,檐角,水墨画卷,时光停滞,静谧,恬美,古老街道,历史厚重,沉淀,乘船游览,两岸美景,千年古镇,璀璨明珠,独特魅力,神秘迷人",,,,,,,,,,,,,,,,,,,,,,,,,,,,,,,,,
苏州虽然有不少旅游景点但不是每个景点都是值得去的来看看苏州本地人对苏州景点的印象???仅个人观点一定要仔细看??全是干货??真的不允许还有姐妹来苏州不知道怎么玩???????行程分享DAY1 拙政园苏州博物馆狮子林平江路观前街七里山塘DAY2 留园西园寺虎丘七里山塘DAY3 网师园十全街双塔市集东方之门金鸡湖??美食清单??李百蟹他家的蟹全宴堪称一绝将蟹身上的蟹黄蟹膏蟹肉蟹腿等不同部位精心处理后分别呈上可以尽情享受蟹的各种美味还有甜品糯叽叽也很好吃??晚园苏式火锅晚园的苏式火锅极具特色与常见的川式火锅不同它多了一份江南水乡的温婉感店内的南园贡菜牛肉丸口感鲜美牛肉丸的弹性与贡菜的爽脆交织在一起给味蕾带来盛宴甜品糯叽叽也很好吃??探花意境江南菜他们家的松鼠桂鱼油爆虾苏银鱼炒蛋东坡肉等都很好吃招牌花酒值得一试??姑苏船宴 山塘河景 苏帮菜姑苏船宴 平江河景 苏帮菜一种极具江南水乡特色的用餐体验将美食与游船相结合让游客在欣赏苏州美景的同时品尝到地道的苏帮菜推荐他们家的红烧肉东坡肉甜品糯叽叽很好吃?,9,"古镇原貌,商业水平不高,童年的梦,苏州景点,拙政园,苏州博物馆,狮子林,平江路,观前街,七里山塘,留园,西园寺,虎丘,网师园,十全街,双塔市集,东方之门,金鸡湖,李百蟹,蟹全宴,晚园苏式火锅,江南水乡,探花意境江南菜,松鼠桂鱼,油爆虾,苏银鱼炒蛋,东坡肉,姑苏船宴,山塘河景,苏帮菜,平江河景,红烧肉,甜品糯叽叽",,,,,,,,,,,,,,,,,,,,,,,,,,,,,,,,,
周庄建筑的局部特写那白墙灰瓦完美诠释着江南水乡的典雅与婉约古色古香的明清院落建筑和砖雕门楼错落有致地分布在沿岸高耸的檐角倒映在河中宛如一幅绝美的水墨画卷在这里时光仿佛悠悠停滞一切都显得那么静谧与恬美你可以悠然漫步在古老的街道上深深感受着历史的厚重沉淀也可以乘船缓缓游览静静欣赏着两岸如诗如画的美景周庄这座千年古镇犹如一颗璀璨明珠散发着独特的魅力等待着你来揭开它那神秘迷人的面纱??宝子们快来点赞关注呀??,10,"白墙灰瓦,江南水乡,典雅,婉约,古色古香,明清院落建筑,砖雕门楼,檐角,水墨画卷,静谧,恬美,古老街道,历史,厚重沉淀,如诗如画,美景,千年古镇,独特魅力,神秘迷人",,,,,,,,,,,,,,,,,,,,,,,,,,,,,,,,,
君到姑苏见人家尽枕河如果说苏州园林是江南缠绵的一面那么山塘街的人间烟火更像是一杯浓郁的美酒令人回味无穷每当夜幕降临街巷的盏盏红灯亮起仿佛穿越到盛唐我想周杰伦歌曲中的红尘客栈也许就是这里?山塘街被誉为姑苏第一名街唐代大诗人白居易曾在此任职距今已有千年历史街巷不长10分钟就能步行完白墙青瓦小桥流水这里保留了水乡的传统风貌让你不用去周庄乌镇也能感受到真江南??地点??苏州七里山塘景区交通??地铁2号线山塘街站拍摄机位????新民桥通贵桥两个最出片的地方从地铁站3号口出来步行200米就能看到TIPS?亮灯??冬季下午5点左右开灯此时配上夕阳西下和天空的蓝调满满的氛围感?游船?早8点至晚9点运营票价50元/人晚上山塘街两岸的夜景很美?周边游玩??虎丘留园艺圃拙政园西园寺都隔的不远,10,"山塘街,人间烟火,红灯,盛唐,红尘客栈,千年历史,白墙青瓦,小桥流水,水乡传统风貌,真江南,新民桥,通贵桥,亮灯,夕阳西下,蓝调氛围,游船,夜景,虎丘,留园,艺圃,拙政园,西园寺",,,,,,,,,,,,,,,,,,,,,,,,,,,,,,,,,
??周庄古镇位于苏州市昆山市是江南六大古镇之一兴盛于北宋四面环水依水成街桥街相连井字型河道上完好保存着富安桥双桥太平桥等14座建于元明清各代的古石桥800多户原住民枕河而居60%以上的民居依旧保存着明清时期的建筑风貌??主要景点步行线路太平桥逸飞之家双桥古戏台张厅沈厅富安桥澄虚道院迷楼全福讲寺周庄博物馆??双桥建于明万历年间由一座石拱桥世德桥和一座石梁桥永安桥组成桥面一横一竖桥洞一方一圆样子很像是古时候人们使用的钥匙当地人便称之为钥匙桥??张厅是周庄镇仅存的少量明代建筑之一原名怡顺堂相传为明代中山王徐达之弟徐逵后裔于明正统年间所建清初卖给张姓人家改名玉燕堂俗称张厅张厅前后七进正厅玉燕堂有幅对联轿从门前进船自家中过来张厅可以直接把船划到家中来张厅后花园有小河箸径直通南湖花园中还有水池是用来给船只掉头的??沈厅原名敬业堂清末改为松茂堂由沈万三后裔沈本仁于清乾隆七年(公元1742年)建成共有七进五门楼由三部分组成前部是水墙门河埠供停靠船只洗涤之用中部是墙门楼茶厅正厅为接送宾客办理婚丧大事及议事之处后部是大堂楼小堂楼后厅为生活起居之处其有大小一百多间房屋是典型的前厅后堂的建筑格局沈厅的第五进中安放着江南豪富沈万三的坐像他的面前有金光闪闪的聚宝盆走进沈厅的每一个人都会对沈万三这个传奇人物产生浓厚的兴趣??富安桥旧集市的中心桥系花岗石质地单孔拱桥拱券分节并列砌置是江南水乡仅存的立体型桥楼合壁建筑??门票1003天内自由进出??? 开放时间全年全天早上730之前晚上2100之后免费??地址江苏省苏州市昆山市周庄镇??交通昆山南站到周庄古镇约36公里55分钟?,1,,,,,,,,,,,,,,,,,,,,,,,,,,,,,,,,,,
当日落染上橘色的天空古镇的青石板泛起光芒看窗外的小桥流水乌篷船悠悠荡荡河岸边的老茶馆里老人们闲聊着家常这一幕仿佛美卷如画[仙女R][仙女R]如果你也想来看看江南的水乡那这6个值得N刷的古镇你一定不要错过[露营灯R][露营灯R]乌镇氤氲的清晨你可以坐在在水边吃着早茶欣赏日出下午在茶馆里喝茶听老人家们闲聊着家常夕阳西下坐着摇橹船乌篷船悠悠荡荡穿梭在古镇的河道间[仙女R]打卡景点木心美术馆草木本色染坊月老庙水上集市矛盾纪念馆[哇R]美食推荐乌镇酱鸭白水鱼定胜糕羊肉面[露营灯R][露营灯R]周庄小桥流水古巷深深漫步在石板路上感受着历史的沉淀在这里你可以漫步古巷在小巷街道感受古镇的历史诉说[仙女R]打卡景点双桥卡沈万三故居周庄博物馆全福寺南湖春晓[哇R]美食推荐万三面周庄大闸蟹青团子万三蹄袜底酥[露营灯R]南浔古镇有湖州一个城不及南浔半个镇的说法南浔一个充满故事的地方既有江南水乡的柔情又有西方建筑的雄伟漫步在古镇感受着两种文化的交融仿佛能触摸到历史的脉络[仙女R]打卡景点小莲庄嘉业藏书楼张佑民旧宅百间楼张静江故居[哇R]美食推荐双交面千张包浔蹄风枵旁皮鱼[露营灯R][露营灯R]西塘古镇我本无意入江南奈何江南入我心烟雨蒙蒙长廊如梦这里是周杰伦歌曲中的红尘客栈白天可以在这里沿着河道漫步感受古镇的静谧烟火逛完古镇去烟雨长廊走走看看歌曲里的山水墨染[仙女R]打卡景点烟雨长廊古弄堂迎秀桥石皮弄西园[哇R]美食推荐叫花鸡桂花糕老马粉蒸肉...[露营灯R][露营灯R]同里古镇这里保留很多小镇的生活片段没有那么商业化小桥流水白墙戴瓦散步小巷三桥品尝烟火美食喝茶听曲体验园林静谧真的很惬意[仙女R]打卡景点退思园崇本堂三桥松石悟园珍珠塔[哇R]美食推荐太湖三白海棠糕状元蹄退思饼赤豆糕[露营灯R][露营灯R]甪直古镇甪直寓意着甪端能一直蹲守在这个风水宝地保护这一放的人民带来吉祥好运小桥流水古巷深深漫步在甪直古镇的石板路上在这里和村民聊天看这里的烟火人气仿佛回到了小时候的时光[仙女R]打卡景点保圣寺万盛米行沈宅萧宅[哇R]美食推荐秋香海棠糕梅农咖啡,10,"古镇原貌,商业水平不高,童年的梦,小桥流水,乌篷船,老茶馆,历史沉淀,文化交融,烟火人气,静谧烟火,园林静谧",,,,,,,,,,,,,,,,,,,,,,,,,,,,,,,,,
你一句春不晚我就到了真江南江南古镇??中国第一水乡周庄游玩拍照攻略??江南水乡琉璃瓦绿墙倚上凌霄花??水乡小巷多人家尽枕河??听过无数描写江南古镇的诗句便会忍不住想去看看它的真实模样???乌镇商业西塘文艺安昌烟火?周庄更多了一丝婉转的温柔?明清老建筑依河而建船桨吱呀?划桨女唱着苏州小调充满诗情画意?石板路古桥都超级适合写生拍照??基本信息??景区苏州周庄古镇??门票88r老人儿童50??交通建议自驾或大巴车可到周庄??酒店住宿景区内有很多酒店民宿基本200r左右也挺干净住景区里面就很方便??周庄玩法攻略??漫步古镇白天到达后可以在古镇闲逛景点沈万三故居富安桥双桥怪楼等或去毛茶楼上份茶点看窗外摇橹船慢悠悠驶过十分惬意??下午茶周庄的悠闲让人只想享受这里的慢时光出门的时候在行李箱里放了一包芝士酥摆盘沏茶在民宿的庭院内就能享受古镇的美好独立包装干净卫生口感柔软淡淡的奶香沙沙的蛋黄颗粒??古镇拍照这里好适合汉服与旗袍写真走在清石小巷黛瓦白墙极具东方的美古镇内有汉服租赁??古镇游船黄昏的时候去坐一坐摇橹船晚风轻轻吹拂两岸的灯光亮起水面飘起雾气在一座座石桥下穿过你在看风景你也是别人的风景,1,,,,,,,,,,,,,,,,,,,,,,,,,,,,,,,,,,
你的一句春不晚我就到了真江南这个梗出自苏轼的惠崇春江晚景因为喜欢江南水乡的温婉定居在了苏州一直以为苏州的美没有那座江南城市可以超过直到我来了绍兴突然觉得还是有可以跟苏州媲美的江南水乡的.想把这座小城很真诚地推荐给大家但也怕这里被嘈杂的声音所扰动不管怎样带你看看我眼中的绍兴吧.??绍兴3??天2??夜游玩攻略Day1???苏州自驾出发抵达???东湖 ??十里荷塘????犭央(ang)犭茶(sang)湖????西小路历史街区?????入住绍兴市区Day2???仓桥直街????书圣故里????八字桥????鲁迅故里????兰亭 ???入住安昌古镇Day3??安昌古镇??柯桥古镇??苏州.??推荐必打卡的地方.1??犭央犭茶 湖ang sang建于明代的避风石塘古纤道小众到不能再小众的地方工作日来的话基本没人.2??东湖以崖壁岩洞石桥湖面巧妙结合也是绍兴的一大园林来此乘船进入岩洞仿若进入了桃花源记的世界.3??西小路藏在闹市里的江南水乡建筑层峦叠嶂好像现实版的江南百景图.4??环山路这里阴天晴天都别有一番韵味而且游人稀少街边的绿树配上粉墙黛瓦非常江南.5??兰亭这里有日本琉璃光院的同款天章之寺也有王羲之的真迹还有应景的大白鹅.6??安昌古镇这是非常小众的一个古镇里面有着老绍兴人的回忆不妨来此小住一日吧.7??柯桥古镇傍晚的柯桥古镇随着科技的光影这里成了江南的另一种画面.8??镜湖十里荷塘接天莲叶无穷碧映日荷花别样红在这里得以具像化.9??鲁迅故里做先生书迷访先生故里读了那么多年先生的书总要来次他的家乡吧.??仓桥直街江南烟火气最抚凡人心来这里感受绍兴人的慢生活.??注意现在小红书上线了100天运动打卡挑战活动可以参与领取背包挂件等哦跟我一样带着可爱的包挂一起旅行环游世界吧,9,"江南水乡,温婉,东湖,十里荷塘,犭央犭茶湖,西小路历史街区,仓桥直街,书圣故里,八字桥,鲁迅故里,兰亭,安昌古镇,柯桥古镇,镜湖,十里荷塘,鲁迅故里,江南烟火气,慢生活",,,,,,,,,,,,,,,,,,,,,,,,,,,,,,,,,
同里位于苏州太湖之畔古运河之东属于江苏省苏州市吴江区建于宋代至今已有1000多年历史同里古名富土唐初称铜里宋建镇改为同里同里镇有三多名人多明清建筑多水桥多同里镇为江南六大著名水乡古镇周庄同里甪直西塘乌镇南浔之一为五个湖泊所环抱川字形的15条小河将镇区分割成七个小岛而49座古桥又将其连成一体形成水巷小桥多人家尽枕河的独特景观是江南典型的小桥流水人家的水乡古镇2003年同里古镇被列入第一批中国历史文化名镇名单2010年被国家旅游局评定为5A级旅游景区同里是个文化古镇出过很多名人自宋代至清末先后出过状元1名进士42名文武举人93人深厚的文化底蕴自然造就了丰富的文物古迹单是保存完好的明清建筑就达6.5万平方米占古镇总建筑面积的61%在街道之间弄堂较多如尤家弄仓场弄西弄等镇中至今还保留着不少明清建筑如退思园崇本堂嘉荫堂耕乐堂环翠山庄三谢堂侍御第卧云庵城隍庙尚义堂等园林和古建筑同里最出名的景点当属一园两堂三桥一园指退思园两堂指嘉荫堂和崇本堂三桥指太平桥吉利桥和长庆桥除此之外另外还有全国重点文物保护单位耕乐堂等也值得一看其门洞西侧上方刻有得返自然四个大字正是对耕乐园最好的诠释退思园位于同里镇东溪街建于清光绪十一年至十三年园主任兰生退思园是一座私家花园取左传中进思尽忠退思补过之意全园以水为主贴水而筑全园简朴淡雅水面过半景色宜人退思园集清代园林建筑之长园内的每一处建筑既可独自成景又与另一景观相对应具有步移景异之妙堪称江南古典园林中的经典之作2000年联合国教科文组织世界遗产委员会将退思园作为苏州古典园林扩展项目列入了世界遗产名录同里镇内街巷逶迤河道纵横因而也就留下了众多建于宋以后各个朝代的古桥40多座其中著名的成品字形架设在河道上的三桥太平桥吉利桥长庆桥是昔时同里婚嫁花轿必经之桥象征着吉祥和幸福同里人家添丁婚嫁做寿都有走三桥的习俗祈求太平美满吉利据说镇上凡逢老人六十六岁生日午餐后必定也去走三桥以图吉利,5,,,,,,,,,,,,,,,,,,,,,,,,,,,,,,,,,,
唐风孑遗宋水依依烟雨江南碧玉周庄周庄一个有着九百多年历史的江南水乡古镇有近百座古宅院第和六十多座砖雕门楼过街骑楼和水墙门随处可见堪称江南水乡的经典今日周庄townwalk一起来打卡古建吧走马楼真能走马环坏绕绕复道行空串联起百年一梦??沈厅沈厅原名敬业堂清末改为松茂堂由江南巨富沈万三的后裔沈本仁于清乾隆七年公元1742年建成沈厅的整个厅堂是典型的前厅后堂建筑格局前后楼屋之间均由过街楼和过道阁连接形成一个环通的走马楼它通过楼道将第六进小堂楼一直到第二进门厅的楼间全部连接环通周长200米为同类建筑中所少见开船来我家后院?兜兜转转暗藏玄机铺散开一池莲蓬??张厅张厅原名为怡顺堂为明代中山王徐达之弟徐逵后裔于明正统年间所建是周庄镇仅存的少量明代建筑之一张厅最惊艳的在于后花园暗藏的河道从园南入水乘小舟穿屋而过水池驳岸上嵌有各式各样的缆船石池水与外界相通确是一派轿从门前进船自家中过的水乡奇景钥匙桥打开新门?层层叠叠方圆能周虽是异道也相安??双桥双桥建于明代万历年间拱桥叫世德桥平桥唤作永安桥两者呈十字交错沟通南北东西连在一起的石桥一长一短桥面一横一竖桥洞一方一圆极像古时开木锁的丁字形钥匙因而当地人习惯称它钥匙桥1983年春画家陈逸飞来到周庄创作了以双桥为原型的画作故乡的回忆周庄双桥引起世人瞩目这把钥匙同样打开了周庄的大门周庄从此走向了世界周庄环境幽静坐在船上游览穿桥过洞颇有情趣建筑古朴极具江南水乡建筑之美随便的一块砖一片瓦捡拾起来都刻着一段精彩的故事,1,,,,,,,,,,,,,,,,,,,,,,,,,,,,,,,,,,
傍晚夕阳的余晖为古镇镀上一层暖金波光粼粼的河面与岸边的古桥屋舍相互映衬美到让人失语这一刻仿佛能触摸到岁月的纹理古人小桥流水人家的闲适生活也不过如此吧 漫步其间时光都变得温柔缓慢每一处景致都藏着江南独有的韵味,10,"夕阳, 余晖, 古镇, 暖金, 波光粼粼, 河面, 古桥, 屋舍, 岁月, 纹理, 小桥流水人家, 闲适生活, 漫步, 时光, 温柔缓慢, 景致, 江南, 韵味",,,,,,,,,,,,,,,,,,,,,,,,,,,,,,,,,
慢品人间烟火闲观小桥流水,9,"慢品,人间烟火,闲观,小桥流水",,,,,,,,,,,,,,,,,,,,,,,,,,,,,,,,,
烟雨周庄青石板路被雨水浸润得发亮蜿蜒曲折的巷道不知通向多少尘封的故事漫步其间仿佛能听见历史的跫音在脚下回响雨滴顺着飞檐坠落在地面溅起细小的水花与远处传来的评弹声交织谱成一曲江南小调导航至富贵园停车场免费停车且靠近景区入口高铁到苏州或昆山再打车前往或乘坐去周庄的班车也可选择上海11号线花桥站换乘游7路可达周庄门票??: 50元 周末100元设备:索尼a7r3 适马24-70关于调色可看个人资料,1,,,,,,,,,,,,,,,,,,,,,,,,,,,,,,,,,,
华灯初上一明一灭周庄的夜晚如梦似幻如果说白天的周庄是烟火人间那么夜晚更像辛弃疾笔下的灯火阑珊处?Bryan第四次来江南这次从苏州开始难得的好天气让我拍到了周庄的绝美霞光拍摄地点??1?富安桥图1272?兴隆桥图3453?贞丰桥图64?双桥图2下5?贞丰街图8地点??苏州昆山周庄古镇门票??100元3天内自由进出21:30后07:30前可免票进入交通??苏州方向地铁4号线到同里站后转乘725公交抵达昆山方向公交坐到周庄新牌坊自驾更便捷游玩路线????古牌楼-青龙桥-双桥-富安桥-兴隆桥-贞丰桥-隆兴桥沈厅张厅周庄博物馆这些景点也值得逛逛??古镇不大2-3小时就可以逛完河道两边都是精华路线双桥富安桥兴隆桥附近拍照很出片TIPS?夜景拍摄指南??照片拍摄于晴天日落后的15-30分钟此时是蓝调时刻天空由橙到蓝的渐变很唯美再往后天就很黑了日落时间可以查看天气预报?由于交通不便周庄游客没有乌镇和西塘多工作日更是寥寥无几空镜随便拍@本地薯 @生活薯 @摄影薯,9,"华灯初上,周庄,夜晚,如梦似幻,烟火人间,灯火阑珊处,绝美霞光,富安桥,兴隆桥,贞丰桥,双桥,贞丰街,古镇,河道,精华路线,沈厅,张厅,周庄博物馆,夜景,蓝调时刻,渐变,出片,游客较少,空镜随便拍",,,,,,,,,,,,,,,,,,,,,,,,,,,,,,,,,
我本无意去江南奈何江南区我心??佳能R5+RF70-200 F2.8,5,,,,,,,,,,,,,,,,,,,,,,,,,,,,,,,,,,
接下来的苏州是一万次的春和景明12周庄古镇石榴花36网师园海棠花79上方山樱花1011耦园玉兰花1415狮子林玉兰花1618双塔玉兰花-苏州赏花期在35月来苏州赏花记得去吃苏雅兴?文人苏式面馆就在拙政园边上松鼠桂鱼焖肉等浇头都好正宗好吃??,9,"苏州,春和景明,周庄古镇,网师园,上方山,耦园,狮子林,双塔,苏雅兴,文人苏式面馆,拙政园,松鼠桂鱼,焖肉浇头,正宗好吃",,,,,,,,,,,,,,,,,,,,,,,,,,,,,,,,,
苏州虽然有不少旅游景点但不是每个景点都是值得去的来看看苏州本地人对苏州景点的印象???仅个人观点一定要仔细看??全是干货??真的不允许还有姐妹来苏州不知道怎么玩????????行程分享DAY1 拙政园苏州博物馆狮子林平江路观前街七里山塘DAY2 留园西园寺虎丘七里山塘DAY3 网师园十全街双塔市集东方之门金鸡湖??美食清单??李百蟹他家的蟹全宴堪称一绝将蟹身上的蟹黄蟹膏蟹肉蟹腿等不同部位精心处理后分别呈上可以尽情享受蟹的各种美味还有甜品糯叽叽也很好吃??晚园苏式火锅晚园的苏式火锅极具特色与常见的川式火锅不同它多了一份江南水乡的温婉感店内的南园贡菜牛肉丸口感鲜美牛肉丸的弹性与贡菜的爽脆交织在一起给味蕾带来盛宴甜品糯叽叽也很好吃??探花意境江南菜他们家的松鼠桂鱼油爆虾苏银鱼炒蛋东坡肉等都很好吃招牌花酒值得一试??姑苏船宴 山塘河景 苏帮菜姑苏船宴 平江河景 苏帮菜一种极具江南水乡特色的用餐体验将美食与游船相结合让游客在欣赏苏州美景的同时品尝到地道的苏帮菜推荐他们家的红烧肉东坡肉甜品糯叽叽很好吃?,9,"古镇原貌,商业水平不高,童年的梦,苏州景点,拙政园,苏州博物馆,狮子林,平江路,观前街,七里山塘,留园,西园寺,虎丘,网师园,十全街,双塔市集,东方之门,金鸡湖,李百蟹,蟹全宴,晚园苏式火锅,南园贡菜牛肉丸,探花意境江南菜,松鼠桂鱼,油爆虾,苏银鱼炒蛋,东坡肉,招牌花酒,姑苏船宴,山塘河景,平江河景,苏帮菜,红烧肉,糯叽叽",,,,,,,,,,,,,,,,,,,,,,,,,,,,,,,,,
世界上只有苏州才有的八大古镇你打卡过几个,6,,,,,,,,,,,,,,,,,,,,,,,,,,,,,,,,,,
叶方水彩马蒂尼布格罗八开中纹水彩本周庄,5,,,,,,,,,,,,,,,,,,,,,,,,,,,,,,,,,,
烟雨周庄青石板路被雨水浸润得发亮蜿蜒曲折的巷道不知通向多少尘封的故事漫步其间仿佛能听见历史的跫音在脚下回响雨滴顺着飞檐坠落在地面溅起细小的水花与远处传来的评弹声交织谱成一曲江南小调导航至富贵园停车场免费停车且靠近景区入口高铁到苏州或昆山再打车前往或乘坐去周庄的班车也可选择上海11号线花桥站换乘游7路可达周庄门票??: 50元 周末100元设备:索尼a7r3 适马24-70关于调色可看个人资料,9,"烟雨, 青石板路, 巷道, 尘封的故事, 历史的跫音, 评弹声, 江南小调, 免费停车, 靠近景区入口, 门票价格合理",,,,,,,,,,,,,,,,,,,,,,,,,,,,,,,,,
??周庄古镇景区简介周庄古镇位于苏州城东南昆山吴江上海三地交界处是世界文化遗产预选地首批国家5A级旅游景区周庄古镇四面环水因河成镇依水成街以街为市是一座江南小镇有中国第一水乡之美誉小镇内古桥居多且桥桥相望桥桥相连至今仍保存着建自元明清代的石桥坐在船上游览穿桥过洞颇有情趣???周庄古镇必去打卡点沈厅 ? 沈厅是江南富豪沈万三的祖宅是江南水乡保存规模最大的走马楼张厅 ? 典型明代官宅是当时殷富人家的宅第双桥 ? 建于明代两桥相连样子很像古代的钥匙又称钥匙桥周庄博物馆 ?被誉为一座活态的江南水乡古镇南湖秋月园 ? 南湖是周庄濒临的一片大湖望湖楼九曲桥等临池而筑纸箱王主题创意园区 ? 园内充满着精致的纸艺品有纸箱做的动物财神桌椅小火车等???周庄古镇游园路线太平桥逸飞之家双桥张厅沈厅富安桥澄虚道院迷楼周庄博物馆???周庄古镇必吃店铺??鑫震源古镇必去的一家店窗户位置很好必点招牌生煎老卤虎皮鸡爪???烟雨人家环境超好性价比很高的一家餐厅必点油爆虾豆豉鱼???蟹伙计周庄网红蟹黄面必点蟹黄面醉虾???沐澜餐厅必点鲍鱼烧鸡昂刺鱼烧凤爪响油鳝丝???万三食府环境宽敞舒适老板热情周到必点清蒸白丝鱼银鱼炒蛋万三蹄???孙福昌百年老店品种繁多都是当地特色小吃必点海棠糕青团子桂花糖藕???偶遇轩小吃本地人推荐的面馆必点奥灶面牛肉面???江南味道私房菜性价比拉满的淮扬菜馆必点白灼大头虾蟹炒年糕银鱼炒蛋???周庄古镇特色美食万三蹄奥灶面万三糕阿婆菜???周庄古镇特产/伴手礼袜底酥苏绣团扇万三肘子???游玩小 tips1.自驾的可以停富贵园停车场免费且距离古镇近不要相信收费的2.周庄日游门票可以无限次进出景区3天在检票口登记一下就行3周庄夜景很有特色可以在景区附近住一晚周边酒店性价比挺高的晚上有光影秀表演可以夜游周庄4周庄古镇的景点是环形分布的游览很方便游览顺序根据自己情况调整,9,"古镇原貌,水乡风情,古桥,石桥,沈厅,张厅,双桥,周庄博物馆,南湖秋月园,纸箱王主题创意园区,游园路线,太平桥,逸飞之家,富安桥,澄虚道院,迷楼,鑫震源,生煎,老卤虎皮鸡爪,烟雨人家,油爆虾,豆豉鱼,蟹伙计,蟹黄面,醉虾,沐澜餐厅,鲍鱼烧鸡,昂刺鱼烧凤爪,响油鳝丝,万三食府,清蒸白丝鱼,银鱼炒蛋,万三蹄,孙福昌,海棠糕,青团子,桂花糖藕,偶遇轩,奥灶面,牛肉面,江南味道私房菜,白灼大头虾,蟹炒年糕,银鱼炒蛋,万三蹄,奥灶面,万三糕,阿婆菜,袜底酥,苏绣团扇,万三肘子,夜景,光影秀表演",,,,,,,,,,,,,,,,,,,,,,,,,,,,,,,,,
Hi大家好我是Jason上海新场古镇真的太好逛啦一踏入古镇悠悠的江南水乡气息扑面而来这里既有烟火气息的商业老街又有文艺小众的古镇风情从街头到巷尾步步皆是美味诱惑古宅古院古桥青石板路江南水乡氛围感拉满攻略图见??图1718带上攻略赶紧出发吧??打卡攻略?古镇小吃美食主要集中在??牌楼西路以北图18打卡点1游客较多?古镇人文景点主要集中在??牌楼西路以南图18打卡点23游客较少适合拍照?特色美食下沙笋肉烧卖王记海棠糕鸡汤豆腐花草头塌饼臭豆腐汤圆?必打卡点三世二品坊Diyi楼茶园洪福桥千秋桥新场历史文化陈列馆周一闭馆南山寺康家宅沿河长廊烟雨长廊新场水桥?特色地点1??一期一会书吧临河咖啡馆拍ins风窗景2??四库书房淘伴手礼拍新中式风3??竹编坊买小众纪念品看手艺表演4??江南Diyi楼茶园体验老上海茶文化拍复古风5??奚家厅药斑布坊DIY体验感受非遗文化6??缶+文创空间拍ins风淘设计师小物7??康家班土布馆定制复古服饰拍怀旧风8??小半有光杂货铺淘治愈系小物拍小清新??出行交通??定位上海浦东新区新场古镇??交通导航到海泉街停车场6R/H)??交通地铁16号线至新场站下车打车10分钟或乘公交628路直达古镇??Tips??有疑问或希望我去哪里打卡欢迎留言??关注点赞Jason带你去看更多魔都攻略,9,"古镇原貌,江南水乡气息,烟火气息,商业老街,文艺小众,古镇风情,美味诱惑,古宅,古院,古桥,青石板路,江南水乡氛围,小吃美食,人文景点,特色美食,必打卡点,三世二品坊,Diyi楼茶园,洪福桥,千秋桥,新场历史文化陈列馆,南山寺,康家宅,沿河长廊,烟雨长廊,新场水桥,一期一会书吧,临河咖啡馆,四库书房,竹编坊,江南Diyi楼茶园,奚家厅药斑布坊,缶+文创空间,康家班土布馆,小半有光杂货铺",,,,,,,,,,,,,,,,,,,,,,,,,,,,,,,,,
?? 特别推荐景点??1?? 拙政园??- 中国四大名园之一四季变换美景如画- ?? 地址苏州市平江区东北街178号- ?? 开放时间7:30-17:30- ?? 门票旺季90元淡季70元2?? 虎丘???- 吴中第一山斜塔奇观古迹众多- ?? 地址苏州市虎丘山门内8号- ?? 开放时间7:30-17:00- ?? 门票旺季80元淡季60元3?? 平江路??- 历史文化街区古色古香小桥流水- ?? 地址苏州市平江区平江路- ?? 开放时间全天- ?? 门票免费4?? 苏州博物馆 ???- 贝聿铭封山之作现代与古典的完美结合- ?? 地址苏州市东北街204号- ?? 开放时间9:00-17:00周一闭馆- ?? 门票免费5?? 周庄/同里??- 江南水乡古镇感受最原汁原味的江南风情- ?? 地址苏州市昆山市周庄镇/苏州市吴江区同里镇- ?? 开放时间全天- ?? 门票周庄100元同里100元?? **避坑指南** ??1?? **谨防黑导游和黑车** ??- 选择正规旅行社或导游服务避免被带往购物点或高价景点2?? **理性消费谨防宰客** ??- 在景区内购买商品或用餐时注意查看价格避免被宰客3?? 注意天气变化?- 出行前关注天气预报准备好雨具和防晒用品?? 旅行小贴士 ??- 苏州的美食推荐品尝松鼠桂鱼碧螺虾仁奥灶面等特色美食- 苏州的夜景推荐夜游山塘街或金鸡湖感受不一样的苏州风情?? 苏州一座充满诗意的城市等待你来探索??,8,"古镇原貌,江南风情,历史文化,小桥流水,古色古香,四季变换,美景如画,贝聿铭设计,现代与古典结合,斜塔奇观,古迹众多",,,,,,,,,,,,,,,,,,,,,,,,,,,,,,,,,
船是春风的逗号桥是水波的韵脚周庄橹声私语船娘轻点长篙日与夜在橹声中流转风情白日里古桥是水墨长卷的筋骨入夜后灯影为河面铺就星汉银河且随古镇水巷游共赏周庄的双面叙事???日游篇涟漪荡开水面上桥的倒影每一座古桥都藏着一段与舟楫共生的故事??船行至富安桥下抬头可见桥身四角的飞檐挑起听闻沈万三的商船满载白银皆从这桥洞穿行铜钱纹石阶沾过富贵气??摇啊摇摇到了梦里呢喃的外婆桥船桨推开碧波船身缓缓穿过低矮桥洞青石板在头顶投下斑驳光影仿佛回到了儿时与家人共度的闲暇午后??在船上拍双桥是最完美的角度小船经过柳树刚刚抽条的枝丫从世德桥的圆拱穿出又滑入永安桥的方孔陈逸飞画故乡的回忆时便是乘船于此徘徊终日你看那桥影入水可像一把钥匙??夜游篇夕阳西斜夜航船悄悄推开月光桨声灯影里一片夜泊星河好景象??飞檐挑起琉璃灯双桥在夜色中愈发温润船娘哼唱吴歌圆拱桥影裹着灯晕浮沉桥影灯影共织琉璃梦境??南北市河后港街的灯光柔美宁静?船行过处两岸灯笼轻晃水波揉碎灯火随手一拍皆是缱绻的江南剪影??忽见船头跃起一尾红鲤原是远处的投影飘进了河面树影婆娑间花巷雨巷鱼池岸的光影秀在古镇的各个角落流动真正的周庄不在岸上而在船与水的缝隙里谁说春困难消且来周庄枕一船橹声让富安桥的茶香替你扫尽倦意让双桥的月影替你写完春天的诗????航线指南??220元/船1-6人?约20分钟?营业时间8:00-20:00??上船地点古镇水巷游码头沈厅对岸??日游线古镇水巷游码头通秀桥北码头??夜游线古镇水巷码头博物馆码头,10,"古镇原貌,商业水平不高,童年的梦,古桥,水墨长卷,星汉银河,富安桥,沈万三,外婆桥,双桥,橹声,灯影,吴歌,投影,光影秀,船与水,橹声,茶香,月影,春天的诗",,,,,,,,,,,,,,,,,,,,,,,,,,,,,,,,,
周庄确实是好出片江南的白墙需有斑驳的水痕青苔才像样不然哪哪儿都不对,7,,,,,,,,,,,,,,,,,,,,,,,,,,,,,,,,,,
漫步周庄古镇心情悠然而惬意古镇石街老店绿树绿水游船小桥流水人家古墙青瓦老店好一派江南水乡风光,10,"古镇,石街,老店,绿树,绿水,游船,小桥,流水,人家,古墙,青瓦,江南水乡风光",,,,,,,,,,,,,,,,,,,,,,,,,,,,,,,,,
为了看一场种草已久的江南水乡古镇实景演出只此周庄我特意去了趟苏州??????不愧是苏州必看演出呈现了900年的周庄历史文化穿越到宋朝的江南水乡一场梦境多个实景演绎了千年前宋朝的繁华实景真的太惊艳了,9,"江南水乡,古镇,实景演出,周庄,苏州,历史文化,宋朝,梦境,繁华,惊艳",,,,,,,,,,,,,,,,,,,,,,,,,,,,,,,,,
"震泽古镇烟雨天青色的江南秘境""我找到了周庄平替这个免费的天青色古镇美到失语""?? 超强攻略干货?? 交通定位苏州吴江区震泽镇自驾导航""震泽古镇停车场""上海出发1.5h直达?? 门票惊喜古镇免费开放慈云寺塔6元登顶俯瞰全景?? 出片王炸点1?? 禹迹桥倒影清晨7点独享水墨画场景2?? 頔塘河畔廊棚带油纸伞穿素色旗袍更绝3?? 师俭堂雕花窗光影魔术手下午3点开演4?? 宝塔街茶馆二楼窗边拍青瓦雨帘电影感?? 暗藏美食 仁昌顺定胜糕非遗手艺的粉色浪漫 老严卤鸭馆30年老灶台的琥珀蜜汁 四碗茶铺熏豆茶+水潽蛋的吴侬软语""总要下一趟江南吧在梅子黄时雨的清晨等禹迹桥漫起青雾看頔塘河揉碎慈云塔影穿行三百年宝塔街青石板敲响明朝的回音转角遇见木椽垂落的紫藤在颓圮马头墙上开出新的年轮坐在頔塘河廊棚下尝四碗茶的三重意境头碗水潽蛋漾着柴火香二碗熏豆茶浮沉人生况味三碗清茶倒映天光云影这里不是乌镇周庄是更鲜活的江南标本当所有古镇开始雷同震泽依然守着最本真的水乡作息""",10,古镇原貌,免费开放,慈云寺塔,禹迹桥倒影,頔塘河畔廊棚,油纸伞,师俭堂雕花窗,宝塔街茶馆,仁昌顺定胜糕,老严卤鸭馆,四碗茶铺熏豆茶,水潽蛋,吴侬软语,梅子黄时雨,青雾,慈云塔影,宝塔街青石板,木椽紫藤,马头墙,三重意境,水乡作息,,,,,,,,,,,,,
走在古老的石桥横跨在流水之上岸边的垂柳依依随风摇曳河水清澈见底波光粼粼让人陶醉其中,10,"石桥,流水,垂柳,河水,波光",,,,,,,,,,,,,,,,,,,,,,,,,,,,,,,,,
周庄旅游攻略江南水乡的慢生活一出行方式周庄位于江苏省昆山市交通便利适合从上海苏州杭州等地出发1. 高铁+公交/打车- 乘高铁至 **昆山南站转乘 **昆山133路** 公交或打车约40分钟到周庄- 或乘高铁至 **苏州站/苏州北站**再转乘 **苏州旅游专线** 打车约1小时二推荐景点周庄不大但处处是景建议安排 **1-2天** 游览1. 双桥世德桥+永安桥??- 周庄的标志形似钥匙陈逸飞名画故乡的回忆取景地清晨或傍晚拍照最美2. 沈厅沈万三故居- 江南富豪沈万三的宅邸七进五门雕梁画栋感受明清富豪的生活3.张厅玉燕堂- 明代建筑特色是轿从前门进船从家中过后院临河可体验水乡风情4. 富安桥- 周庄最古老的桥建于元代桥身藤蔓缠绕适合拍照5. 南湖秋月园- 夜景绝美灯光映衬下的周庄如诗如画适合晚上散步6. 周庄博物馆- 了解周庄历史展有古镇模型文物等适合文化爱好者三特色小吃必尝美食周庄的美食以江南风味为主推荐以下几样1. 万三蹄- 周庄头号名菜传说是沈万三家宴必备肉质酥烂甜咸适中2.奥灶面- 昆山特色汤头浓郁面条筋道推荐 **爆鱼面** 或 焖肉面3. 袜底酥- 形似袜底的酥饼咸甜两种口味香脆可口4. 青团** ??- 清明前后的时令小吃艾草香+豆沙馅软糯清香5. 阿婆茶** ?- 周庄特色茶饮配以蜜饯瓜子坐在河边品茶很惬意6. 三味圆汤圆** ??- 皮薄馅多有鲜肉豆沙芝麻三种口味**四游玩小贴士? 门票100元含大部分景点网购可能优惠? 最佳时间3-5月春景9-11月秋色避开节假日人潮? **住宿**建议住古镇内民宿感受清晨和夜晚的宁静? **游船**摇橹船150元/船可坐6人体验水乡风情? **穿搭**可租汉服拍照五总结周庄是一座适合慢游的古镇乘船喝茶感受江南水乡的悠闲一句话推荐来周庄做一天画中人享受水乡慢生活,9,"古镇原貌,商业水平不高,童年的梦,慢生活,交通便利,江南水乡,双桥,沈厅,张厅,富安桥,南湖秋月园,周庄博物馆,万三蹄,奥灶面,袜底酥,青团,阿婆茶,三味圆汤圆,民宿,摇橹船,汉服拍照",,,,,,,,,,,,,,,,,,,,,,,,,,,,,,,,,
沪苏湖高铁??开通乘坐高铁抵达苏州南站或者昆山南站到达景区通过核验车票电子凭证和身份证后可免费游览周庄古镇的福利将于1月27日结束这个周末又是难得的好天气赶紧买了班杭州西站出发一日往返的高铁周庄古镇作为江南六大古镇之首被国家地理评为江南第一水乡以其独特的水乡风貌和深厚的历史文化底蕴吸引了无数游客明代传奇富商沈万三就出生并发迹于此电视剧新白娘子传奇和聚宝盆也都在此取景???推荐打卡景点1??沈厅江南富商沈万三后裔所建七进五门楼房屋百余间游览时能感受到徽派建筑的大气和江南水乡的婉约经典的砖雕门楼值得驻足欣赏图案精美寓意深刻2??张厅历经数百年沧桑依然保留着水乡人家的古朴风貌宅内轿从门前进船自家中过的独特格局一定要看体会古代大户人家的生活意趣 3??双桥由世德桥和永安桥组成呈八字形陈逸飞画作让它声名远扬站在桥上碧水泱泱小船摇曳江南水乡的韵味尽收眼底和水乡建筑摇撸船一块人像合影磨绝佳点位4??富安桥桥身四侧有桥楼桥与楼相连独具特色这里人流相对较少能安静欣赏水乡风光感受那份宁静5??周庄博物馆原朱宅内设置周庄历史文化陈列水乡文化陈列南音戏曲艺术陈列周庄民俗艺术陈列等五个展馆??美食推荐1??万三蹄周庄招牌美食色泽红润肥而不腻入口即化很多店铺都有售卖建议选择老字号品质有保障2??奥灶面中国十大面条之一以红油爆鱼面和白汤卤鸭面最为著名口感鲜美3??袜底酥形如袜底酥脆香甜有多种口味可选刚出炉时香气扑鼻一定要趁热吃4??海棠糕外表呈海棠花形香甜软糯豆沙馅饱满咬上一口满满的都是甜蜜滋味 ,1,,,,,,,,,,,,,,,,,,,,,,,,,,,,,,,,,,
华灯初上一明一灭周庄的夜晚如梦似幻如果说白天的周庄是烟火人间那么夜晚更像辛弃疾笔下的灯火阑珊处?Bryan第四次来江南这次从苏州开始难得的好天气让我拍到了周庄的绝美霞光拍摄地点??1?富安桥图1272?兴隆桥图3453?贞丰桥图64?双桥图2下5?贞丰街图8地点??苏州昆山周庄古镇门票??100元3天内自由进出21:30后07:30前可免票进入交通??苏州方向地铁4号线到同里站后转乘725公交抵达昆山方向公交坐到周庄新牌坊自驾更便捷游玩路线????古牌楼-青龙桥-双桥-富安桥-兴隆桥-贞丰桥-隆兴桥沈厅张厅周庄博物馆这些景点也值得逛逛??古镇不大2-3小时就可以逛完河道两边都是精华路线双桥富安桥兴隆桥附近拍照很出片TIPS?夜景拍摄指南??照片拍摄于晴天日落后的15-30分钟此时是蓝调时刻天空由橙到蓝的渐变很唯美再往后天就很黑了日落时间可以查看天气预报?由于交通不便周庄游客没有乌镇和西塘多工作日更是寥寥无几空镜随便拍@本地薯 @生活薯 @摄影薯,1,,,,,,,,,,,,,,,,,,,,,,,,,,,,,,,,,,
Hello?大家?我是山海在浙江嘉兴距离乌镇30min车程的地方我找到了一个小众但出片的濮院时尚古镇这里是天下第一绸濮绸的故里是清明时期江南五大名镇之一也是如今GQ盛典的举办地萌探极限挑战的拍摄地??交通濮院时尚古镇位于嘉兴市濮院镇高铁直达桐乡站或者嘉兴南站也可自驾抵达????濮院怎么逛漫步古镇感受小桥流水的惬意感受古树古宅的历史沉淀也可以坐着摇橹船穿古桥赏两岸美景还可以登高望远一览濮院风光趁着这儿没火承包满目江南浪漫???游览路线入口-北更楼登高望远-蚬子滩-碧水桥-水上关王庙-濮商会馆-北横街教堂-关帝庙-祥云观-梅泾剧场-岳氏三进士第-漱芳禅园-濮驸马第-濮侍郎码头-福善寺/福善塔濮院最高点-寺湾街好吃好玩-出口?在濮院呆了两天看过濮院的落日黄昏见过濮院的水影斑驳赏过濮院的华灯初上感受水乡的温婉和建筑的时尚1??福善寺下午落日前这里的光影会很棒有棵800多年的古银杏?非常壮观??可以想象叶子黄时会有多壮观好看2??福善塔??是可以进塔参观的哦可以坐电梯上去仅停靠1/5/9层5楼看出去视野比较好3??寺湾街晚上灯亮起来超级漂亮蓝调时刻拍花灯和不远处的福善塔同框绝美还有许多穿汉服的NPC这条街又好吃又好玩4??漱芳禅园四面环水的茶园戏楼晚上灯亮起来也很好看5??北更楼登山楼顶可以一览古镇楼下的紫薇花开得热烈穿新中式/汉服/旗袍会更出片哦,9,"古镇原貌,小桥流水,古树古宅,摇橹船,古桥,两岸美景,登高望远,江南浪漫,落日黄昏,水影斑驳,华灯初上,水乡温婉,建筑时尚,福善寺光影,古银杏,福善塔视野,寺湾街夜景,花灯福善塔同框,汉服NPC,漱芳禅园夜景,北更楼览古镇,紫薇花,新中式/汉服/旗袍出片",,,,,,,,,,,,,,,,,,,,,,,,,,,,,,,,,
?? 交通指南??可以直接打顺风车会比较方便?? 门票预约??免费时段21:00后07:00前??非免费时间段需要??100r/人个人觉得不太值得所以强烈建议免费时段去游览??21:00之后坐摇橹船夜游更美哦??行程安排??周庄不大基本半天3-4h就能游览完??如果和同里古镇一起玩可以前一天晚上21:00夜游周庄第二天07:00-12:00游周庄下午游同里古镇同里17:00后免票??? 游览路线??周庄沈厅张厅古戏台双桥古镇照壁纸箱王全福桥福洪桥迷楼澄虚道院全福讲寺南湖秋月圆??同里退思园古戏台珍珠塔景园一崇本堂嘉荫堂一家三桥耕乐堂一南园茶社罗星洲??住宿建议??周庄基本都是民宿没有连锁酒店??古镇外交通方便设施相对新一些但需要注意免费进景区的时间这次我们住的禅意里民宿真的很推荐设施比较新房间很大而且装修风格真的很美??古镇内设施一般比较老旧车子不能直接进入有的民俗需要拖行李箱步行一段但是可以晚上21:00之后进入就不用门票啦?? 打卡景观??沈厅展馆介绍了沈万三的和朱元璋的渊源历史??张厅可以体验到轿从门前进船自家中过的独特布局??古戏台常有戏曲表演免费的??双桥周庄的标志性景点两桥相连??纸箱王个人觉得很一般??全福桥桥上可以俯瞰周庄的水乡风光??澄虚道院静谧道观比较小??全福讲寺额外收费??20元/人8:00-16:30开放??南湖秋月圆夜晚可以看到湖面倒映着月光?? 美食推荐??万三蹄卤猪蹄特别好吃推荐双桥猪蹄店??阿婆茶周庄的传统茶饮??渔市在沈厅附近有个小的市场阿婆在卖干货买了点太湖的虾米煲汤特别香??古戏台演出时间??昆曲10:00-11:00 ?14:00-15:00周一至周三周五至周日??锡剧10:45-11:30 ?12:45-15:30 周四?,1,,,,,,,,,,,,,,,,,,,,,,,,,,,,,,,,,,
之前一直纠结去周庄还是同里后来决定两个都去今天上午先是去了周庄下午去了同里周庄人群熙熙攘攘很影响游玩体验商业化程度高吃的全是万三蹄因为陈逸飞故乡的回忆双桥周庄作为江南水乡的代表走向世界有人说周庄从此失去了原有的静谧与古朴在沈万三后人修的沈厅中不得不感慨被流放到云南的沈万三居然还能继续做海外贸易后人再次致富我想起纳瓦尔宝典书中说到假设有一天我创业失败身无分文这时把我随意丢到任何一个说英语的国家的街道上我相信自己会在5年或10年内重新变得富有因为我已经掌握了赚钱这门技巧而这门技巧人人都能学会相比之下同里水质更干净走在青砖路上有种平静的感觉同里有一园两堂三桥原计划是夜游退思园但遗憾的是晚上没开可能是来的不是时候不过还是了解了退思园背后的故事园名退思取自左传林父之事君也进思尽忠退思补过园主任兰生曾是三品大官被弹劾罢官后回到同里老家拿着任上搜刮来的钱财盖了这座园林这件利己的事却让他留下了历史的印记而弹劾他获胜的官员却早已被人淡忘不少当地居民生活在古镇里听说当地人结婚和66岁时都要走三桥寓意着太平吉利长庆另外同里的交通更方便有智轨可以到地铁站和公交站回上海后又坐了市域线今天分别第一次体验了智轨和市域线智轨像是公交版的地铁市域线像是高铁版的地铁很先进新奇的体验,7,,,,,,,,,,,,,,,,,,,,,,,,,,,,,,,,,,
这是一部古镇的春日梦境每一帧都是我心中的诗篇每一处风景都勾起温柔的回忆让我们在花香弥漫的古镇中漫步让心灵在这充满回忆的温柔时光里沉醉重拾那份曾经的美好,10,"古镇,春日梦境,诗篇,风景,温柔回忆,花香,漫步,心灵,温柔时光,美好",,,,,,,,,,,,,,,,,,,,,,,,,,,,,,,,,
双桥周庄古镇??位置江苏省苏州市昆山市周庄镇全福路138号周庄古镇内从最近的出入口步行过来只要几分钟??历史双桥俗称钥匙桥双桥是指世德桥和永安桥两座石桥位于周庄中心一条分叉的河流叉口上始建于1573年至1619年??景色感觉景色没有特别吸引到我可能是我见过不少这样的桥也可能是游客较多观景时受到干扰所以没有更好的感受其魅力或者说双桥的魅力就在于它的隐秘和简朴??餐厅我清晨进入这个景区还没走到桥上就听见附近商家大声推销自家餐馆吆喝着让附近游客去用餐我想着正好没吃东西便选了一家吃早餐点了奥灶面25元)蟹黄包6个25元)桂花乌米饭8元)一共58元面里有肉虾青菜印象中肉不是很合胃口包子小小一个味道还行没什么馅乌米饭小小一份就尝个鲜位置很好风景还行但是味道偏一般??感受1??双桥是有特色的毕竟是两座桥连在一起不仔细看都不会意识到我当时因为这里人多商家吆喝频繁都没好好停下来观赏这个桥复盘时才发现两座桥连在一起2??附近餐厅多但是吐槽也多据说一些店是与旅行公司合作会有专门导游带去吃饭的所以是习惯于做一次性生意的那种价格口味都不尽如人意在附近吃饭要谨慎选择时间2025.1.14,1,,,,,,,,,,,,,,,,,,,,,,,,,,,,,,,,,,
摇啊摇摇到周庄水乡??君到姑苏见人家尽枕河在江南的温柔怀抱里周庄水乡小镇宛如一颗遗世独立的明珠藏着数不尽的诗意与浪漫? 撑一支长篙坐进乌篷船悠悠荡荡地穿梭在如镜的水面上船桨划开水波那潺潺的水声是水乡奏响的温柔乐章两岸白墙黛瓦的屋舍错落有致像是岁月精心排列的诗篇倒映在澄澈的水中随着水波轻轻摇曳如梦似幻顺着水路前行抬眼便是那一座座古朴的石桥它们横跨在河面之上像是连接着过去与现在的时光纽带每一块石头都镌刻着历史的痕迹见证了无数的故事与传奇站在桥上俯瞰着桥下的乌篷船来来往往远处的水乡风光尽收眼底那一刻仿佛时间都慢了下来从桥上下来走进幽深的小巷脚下是青石板路被岁月打磨得光滑而温润轻轻触碰斑驳的墙壁仿佛能感受到往昔的温度小巷里弥漫着淡淡的烟火气息偶尔还能听到居民们软糯的吴侬软语让人的心瞬间就安定了下来在这里水是灵动的眼眸倒映着水乡的四季更迭乌篷船是流动的音符谱写着生活的悠然旋律小巷是岁月的脉络藏着数不清的故事而桥则是连接着水乡灵魂的纽带周庄就像一幅徐徐展开的水墨画每一处笔触都饱含着深情每一抹色彩都晕染着诗意如果你也渴望一场逃离喧嚣的旅行不妨来周庄吧在这水乡小镇里寻回那份久违的宁静与美好??,10,"古镇原貌,水乡,诗意,浪漫,乌篷船,白墙黛瓦,石桥,历史痕迹,青石板路,烟火气息,吴侬软语,灵动,悠然旋律,岁月脉络,水墨画,宁静,美好",,,,,,,,,,,,,,,,,,,,,,,,,,,,,,,,,
如果觉得周庄人山人海太过拥挤那不妨到隔壁的甪直古镇走一走这座古镇跟苏州一样拥有2500多年的历史小学语文课本里的万盛米行就出自这里这里水多桥多有江南桥都的美誉古朴自然的水乡风貌和烟火气真的很迷人-??甪直古镇??适合自驾上海出发约1小时苏州市区出发约30分钟??高铁到昆山南站打车约30分钟或者昆山南站乘公交111到南港后换乘公交523到甪直??古镇免费游玩但是部分古宅寺庙等需要门票-?甪直古桥这里原有72座古桥现保存有41座古桥大多建于明清时期也有部分可追溯到宋元时期多孔的大石桥小孔的小石桥宽敞的拱形桥狭窄的平顶桥装饰性强的双桥左右相邻的姐妹桥等造型各异的古桥是古镇一道独特的风景线不可错过的有东大桥三元桥万安桥等等-?万盛米行小学语文课本里的江南繁华叶圣陶先生笔下的江南水乡-?叶圣陶纪念馆是叶圣陶当年任教的吴县第五高等小学旧址-?沈宅甪直古镇保存完好的豪华宅第甪直教育家沈柏寒先生的故居-?保圣寺千年古刹距今已有1500多年的历史寺内有一颗古银杏等到十一月底黄金灿灿非常漂亮,9,"古镇原貌,商业水平不高,童年的梦,水乡风貌,烟火气,古朴自然,江南桥都,万盛米行,叶圣陶纪念馆,沈宅,保圣寺,古桥,东大桥,三元桥,万安桥,双桥,姐妹桥,古银杏",,,,,,,,,,,,,,,,,,,,,,,,,,,,,,,,,
?No.744 ?? 21 页?图文均可编辑,744,古镇原貌,商业水平不高,童年的梦,,,,,,,,,,,,,,,,,,,,,,,,,,,,,,,
"古镇位于江苏昆山始建于北宋有""中国第一水乡""之誉镇内保留明清建筑60%以上14座古桥串联起""井""字水系双桥沈厅张厅为标志景点粉墙黛瓦临河而筑舟楫穿梭于千米水道完整保存江南水乡格局传统手工艺与万三蹄阿婆茶等美食延续至今展现独特人文风情被列入世界文化遗产预备名录",8,"古镇原貌,江南水乡,传统手工艺,美食,世界文化遗产预备名录",,,,,,,,,,,,,,,,,,,,,,,,,,,,,,,,,
因为五点之后免费遂骑电动车20分钟到达周庄真的是美得不可方物,9,"免费,骑电动车,20分钟,周庄,美得不可方物",,,,,,,,,,,,,,,,,,,,,,,,,,,,,,,,,
坐高铁至苏州南站免费游览周庄古镇在小红书上看到许多博主在分享这个消息我也说走就走买了上海南站出发的车票一站就到达了苏州南站上海南站也是一月5日升级了高铁站苏州南站也是上月新开的高铁站到达苏州南站后有许多公交车一时也没有找到相对应公交车就打了网约车20 元不到一点就到了周庄古镇到景点大门口出示高铁票没有用一定要查看手机12306 的行车记录周庄也是30 年前来过一次那个时候人山人海怎么现在都没有人了可能现在古镇多了这次去了逸飞之家陈逸飞对周庄古镇作了很大的贡献p14 15 中午景区外面吃了奥灶面P16景区外有个剧场演出只此周庄外观很漂亮p17 p18,1,,,,,,,,,,,,,,,,,,,,,,,,,,,,,,,,,,
富士和苏州古镇绝配氛围感满满[害羞R][害羞R],9,"富士,苏州古镇,氛围感",,,,,,,,,,,,,,,,,,,,,,,,,,,,,,,,,
春日的苏州不止园林和古镇避开人山人海的热门景点??这几个只有本地人才懂的小众宝藏地带你解锁诗意与烟火并存的姑苏春意---??隐世园林?艺圃的蔷薇花墙??艺圃是明代园林的典范春日里最惊艳的莫过于四月限定的蔷薇花海粉白交织的蔷薇爬满古墙搭配园内曲径通幽的山水布局随手一拍就是古风大片?耦园的荷池??与山茶花耦园因爱情故事闻名春水初生时荷池倒映着亭台楼阁适合情侣打卡园内还有小众盆景展人少清幽适合发呆放空?可园的山石庭院南宋遗韵的可园以精巧布局取胜春日园中兰草幽香山石错落仿佛穿越回古代文人雅集现场---??山野古道?穹窿山乾隆御道??苏州第一高山穹窿山藏着一条乾隆六次登临的御道徒步半小时登顶满山新绿与千年银杏交织山顶俯瞰太湖风光豁然开朗顺路探访山脚的宁邦寺感受禅意与春光的融合?白马涧龙池的樱花溪谷??避开鼋头渚的人潮白马涧的樱花沿溪盛开流水落花间宛如仙境这里还能偶遇野趣小鹿适合带娃家庭或喜欢森系风的朋友---??烟火老街?葑门横街的时令美味老苏州的菜场天花板春天必尝青团腌笃鲜马兰头街边还有现摘的草莓春见耙耙柑水果控别错过???周庄古镇的咖香花市清明期间4.4-4.30周庄推出青团艾草糕等限定茶点搭配非遗漆扇手工香囊市集傍晚沿河漫步还能免费领咖啡体验水乡慢生活  ???昆山戏曲咖啡市集在昆山戏曲百戏博物馆外喝咖啡看梨园纸鸢会??听评弹传统与现代碰撞的奇妙体验---??隐藏打卡地?吴趋坊的蔷薇花园藏在老巷深处的秘密花园四月蔷薇盛放时粉墙黛瓦被花海淹没?李公堤的湖光夜色金鸡湖中的长堤傍晚华灯初上现代建筑与湖景交融---??小贴士?交通地铁+共享单车最便捷小众景点多靠近地铁站?错峰指南热门园林如拙政园早晨7:30开门建议赶早或选择夜游部分园林夜间开放?花期预告4月蔷薇杜鹃5月芍药牡丹提前查好展览时间哦,9,"古镇原貌,商业水平不高,童年的梦,诗意,烟火,隐世园林,蔷薇花墙,明代园林,春意,荷池,爱情故事,山石庭院,南宋遗韵,乾隆御道,徒步,樱花溪谷,野趣小鹿,烟火老街,时令美味,菜场,青团,腌笃鲜,马兰头,草莓,春见耙耙柑,咖香花市,限定茶点,非遗漆扇,手工香囊,慢生活,戏曲咖啡市集,评弹,传统与现代碰撞,蔷薇花园,秘密花园,湖光夜色,现代建筑,湖景交融",,,,,,,,,,,,,,,,,,,,,,,,,,,,,,,,,
"川沙古镇位于上海市浦东新区是一座有着450多年历史的江南水乡古镇古镇保留了大量明清时期的古建筑老街巷和传统文化相比周庄乌镇等热门古镇川沙更加原生态游客较少适合喜欢安静探访历史的朋友??地址上海市浦东新区东城壕路8弄1号??古镇分4块区域:1??中市街古镇核心区保留了大量老建筑如老式茶馆布庄药铺等2??南市街以传统民居为主适合感受本地生活气息3??北市街商业氛围稍浓有一些特色小吃和手工艺品店4??古城墙公园川沙古城墙遗址可以登高俯瞰周边景色??游览路线古镇停车场川沙护城河川沙古城墙公园内史第黄炎培故居川沙营造馆宋庆龄文化展示中心川沙戏曲艺术展示中心川沙天主堂中市街川沙护城河古镇停车场川沙古镇川沙公园  1.6公里??主要打卡点?川沙古城墙公园是上海仅存的明代城墙?内史第黄炎培故居黄炎培宋庆龄家族曾居住于此?川沙营造馆了解川沙建筑工匠的历史?宋庆龄文化展示中心通过史料照片展现宋庆龄的成长经历家国情怀?川沙戏曲艺术展示中心展现川沙作为戏曲之乡的独特魅力?川沙天主堂百年历史中西合璧建筑实用信息川沙古城墙??门票免费?开放时间6:00~18:00内史第黄炎培故居??门票免费?开放时间9:00~17:00周一闭馆节假日除外??需要身份证登记方可进入川沙营造馆??门票免费?开放时间9:00~11:00,13:00~16:00周一闭馆节假日除外宋庆龄文化展示中心??门票免费?开放时间9:00~11:00,13:00~16:00周一闭馆节假日除外川沙戏曲艺术展示中心??门票免费?开放时间9:00~11:00,13:00~16:00周一闭馆节假日除外川沙公园??门票免费?开放时间全天开放???交通川沙古镇??公共交通地铁上海地铁2号线至川沙站换乘公交或打车公交浦东24路川沙3路???停车场导航川沙古镇新川路南/北停车场??停车费免费/首30分5r/30~60分超过60分2.5/30分川沙公园???停车场导航上海市浦东新区人民医院??停车费3r/2时超过2小时1r/2时??必尝美食马兰头蛋黄大肉粽汤圆下沙烧卖川沙肉皮汤海棠糕我是Seven??????你的旅行小助手",9,"古镇原貌,明清古建筑,老街巷,传统文化,原生态,游客较少,安静,历史,中市街,老式茶馆,布庄,药铺,南市街,传统民居,本地生活气息,北市街,特色小吃,手工艺品,古城墙公园,川沙古城墙遗址,登高俯瞰,周边景色,内史第,黄炎培故居,宋庆龄文化展示中心,川沙营造馆,川沙戏曲艺术展示中心,川沙天主堂,明代城墙,免费门票,公共交通,停车场,美食",,,,,,,,,,,,,,,,,,,,,,,,,,,,,,,,,
漫步周庄小桥流水绕人家船橹轻摇入梦来人们说这里是江南第一水乡是一幅宁静而古朴的水墨画卷人们还说来过便会念念不忘在周庄总有一种悠然的氛围穿行于古街古巷静赏时光流转水波潋滟能让你在喧嚣中找到内心的宁静赶早市是必不可少的在晨曦的微光中坐在河边吃上一顿地道的周庄早点感受周庄清晨的生机勃勃推荐小笼包豆腐花青团奥灶面袜底酥...中午点上份香气四溢的沈万三蹄髈盐水河虾清蒸白丝鱼阿婆菜尝尝下午可以躲在临河的茶馆喝茶待到傍晚坐上摇橹船缓缓飘荡岸上景水中影一水一舟皆成诗票价摇橹船220/船最多可乘6人也可选择在清晨在船上享用早餐想要拍照出彩的话双桥是必去之地桥下碧水悠悠桥上古韵悠悠人在桥上桥在景中随手一拍便是一幅江南画卷这里也是文艺爱好者的天堂古宅院落错落有致沈厅张厅等古建筑展示着历史的底蕴除了欣赏建筑之美还可以感受传统文化的魅力周庄门票100元/人开放时间07:30-21:00可根据游玩时间选择单独购票或购买联票想要领略江南风情总得去一趟周庄吧再会,10,"小桥流水,古街古巷,水波潋滟,宁静,古朴,水墨画卷,悠然,喧嚣中找到内心的宁静,生机勃勃,小笼包,豆腐花,青团,奥灶面,袜底酥,沈万三蹄髈,盐水河虾,清蒸白丝鱼,阿婆菜,临河茶馆,摇橹船,双桥,碧水悠悠,古韵悠悠,江南画卷,文艺爱好者的天堂,古宅院落,沈厅,张厅,历史底蕴,建筑之美,传统文化魅力,江南风情",,,,,,,,,,,,,,,,,,,,,,,,,,,,,,,,,
君君最近超上头AI[微笑R][向右R]快来rua一下你的屏幕感受软fufu??的快乐吧[一R]苏州博物馆贝聿铭??的设计加上毛茸茸的质感现代与古典的碰撞变成了一个超大号毛绒玩具??rua一下外墙手感细腻到爆炸[二R]苏州之眼摩天轮变成毛茸茸的摩天轮??像一只巨大的棉花糖转起来一定软fufu的好想抱上去蹭一蹭[三R]虎丘塔毛茸茸的虎丘塔??像一只巨大的毛绒玩具连蓝天白云??都显的格外调皮好想把它抱回家当抱枕[四R]拙政园园林里的亭台变成了毛茸茸??摸上去一定超级舒服让人真想把它搬回家每天rua一rua[五R]盘门景区古城墙变成了毛绒墙像童话里的魔法城堡??真想靠上去打个盹[六R]周庄古镇连小船都像裹了一层绒毛划船??的时候一定超级舒服rua一下水面真担心会弄湿,9,古镇原貌,商业水平不高,童年的梦,,,,,,,,,,,,,,,,,,,,,,,,,,,,,,,
"??重磅消息周庄景区最近推出??一次购票终身免票政策实名制绑定身份证 下次刷脸就能进本抠门旅行家立刻安排了2天1夜深度游??自驾攻略?上海出发1.5h直达?导航""周庄古镇蚬江湾停车场""停24小时才20元 比景区门口便宜一半?新能源车有充电桩????暴走2万步总结的路线DAY1古牌楼双桥张厅沈厅迷楼三毛茶楼下午4点后游客少 拍照超好看DAY2蚬江渔唱周庄博物馆纸箱王创意园清晨7点的水巷像水墨画????本地人带路的美食清单?万三蹄推荐""沈厅酒家"" 酥烂不腻?青团子""贞丰酥""现蒸的豆沙馅绝了?奥灶面""银珠老面馆""的爆鱼浇头必点?避雷景区中心的臭豆腐不正宗??隐藏玩法傍晚5点后坐摇橹船灯光初亮时最美 船娘还会唱小调?血泪经验?民宿选景区内的晚上9点后空无一人的周庄才是真江南这次发现了好多新开放的宅院拿着终身票已经开始计划秋天来看银杏了??",2,,,,,,,,,,,,,,,,,,,,,,,,,,,,,,,,,,
Hello?大家?我是山海在浙江嘉兴距离乌镇30min车程的地方我找到了一个小众但出片的濮院时尚古镇这里是天下第一绸濮绸的故里是清明时期江南五大名镇之一也是如今GQ盛典的举办地萌探极限挑战的拍摄地??交通濮院时尚古镇位于嘉兴市濮院镇高铁直达桐乡站或者嘉兴南站也可自驾抵达????濮院怎么逛漫步古镇感受小桥流水的惬意感受古树古宅的历史沉淀也可以坐着摇橹船穿古桥赏两岸美景还可以登高望远一览濮院风光趁着这儿没火承包满目江南浪漫???游览路线入口-北更楼登高望远-蚬子滩-碧水桥-水上关王庙-濮商会馆-北横街教堂-关帝庙-祥云观-梅泾剧场-岳氏三进士第-漱芳禅园-濮驸马第-濮侍郎码头-福善寺/福善塔濮院最高点-寺湾街好吃好玩-出口?在濮院呆了两天看过濮院的落日黄昏见过濮院的水影斑驳赏过濮院的华灯初上感受水乡的温婉和建筑的时尚1??福善寺下午落日前这里的光影会很棒有棵800多年的古银杏?非常壮观??可以想象叶子黄时会有多壮观好看2??福善塔??是可以进塔参观的哦可以坐电梯上去仅停靠1/5/9层5楼看出去视野比较好3??寺湾街晚上灯亮起来超级漂亮蓝调时刻拍花灯和不远处的福善塔同框绝美还有许多穿汉服的NPC这条街又好吃又好玩4??漱芳禅园四面环水的茶园戏楼晚上灯亮起来也很好看5??北更楼登山楼顶可以一览古镇楼下的紫薇花开得热烈穿新中式/汉服/旗袍会更出片哦,9,"古镇原貌,商业水平不高,童年的梦,小桥流水,古树古宅,摇橹船,古桥,两岸美景,登高望远,江南浪漫,落日黄昏,水影斑驳,华灯初上,水乡温婉,建筑时尚,福善寺光影,古银杏,福善塔视野,寺湾街花灯,汉服NPC,漱芳禅园夜景,北更楼览古镇",,,,,,,,,,,,,,,,,,,,,,,,,,,,,,,,,
不是万山蹄也不是红烧老鹅是平平无奇袜底酥进去景区随处可见的袜底酥不起眼在餐厅吃了之后爱上了后面在景区其他店里随意买了2包带回家也很好吃你永远可以相信油炸碳水味美又价廉[喝奶茶R]午饭在周庄两家名声比较大的餐厅--张厅酒家和沈厅酒家中选了沈厅听导游说沈家有沈财神我去沾沾财气[笑哭R][笑哭R][笑哭R]毫无根据的胡扯八道餐厅跟沈家应该没关系[偷笑R]万山猪蹄就是卤猪蹄不要有太高的期待味道很普通老鹅肉质有点韧虽然香但牙口不好慎点而且偏咸千万不要点奥灶面就是红汤面(酱油面)大冤种[失望R]另外忘记拍的两道青菜我们点的蒜泥青菜和韭菜炒鸡蛋说实话比肉好吃正所谓大道至简[偷笑R],1,,,,,,,,,,,,,,,,,,,,,,,,,,,,,,,,,,
刚从周庄赶回来匆匆忙忙地整理了这份攻略和测评让我们一起探究哪个古镇最值得一游吧??开发程度周庄>同里>木渎>甪直综合游览后发现周庄在各个方面都遥遥领先其他几个古镇景区内设施完善且方便周边文创也丰富商家实力雄厚同里稍显逊色但依然优秀木渎和甪直的开发程度较低更保留着古镇的原汁原味??便利程度木渎>周庄>同里=甪直木渎古镇位于苏州吴中区可以直接搭乘地铁抵达十分方便周庄设有往返苏州市区的旅游巴士从苏州火车站出发大约一个小时车程同里和甪直需要先搭乘地铁约一小时再换乘公交/智轨相对前两个古镇不太方便??最值得去同里>周庄>木渎>甪直同里的退思园令人惊叹夜游开放周末还有表演内有评弹珍珠塔发生地珍珠塔景区可一窥珍珠塔的神秘容颜周庄的沈厅张厅等也值得一看走马楼船从家中过感受江南水乡富豪的生活方式木渎的严家花园虹饮山房都值得慢慢品味悠闲一下午也不为过甪直更像是融入当地居民生活圈原汁原味的古镇没有过度开发的景点更具看点??游览时间周庄>同里>木渎>甪直周庄和同里适合花时间在古镇漫步体验不同时间段的美景而木渎和甪直更适合选一个悠闲午后游览??门票周庄100元3天内有效同里100元2天内有效木渎78元联票甪直45元联票??总结推荐程度同里退思园珍珠塔>周庄沈厅张厅>木渎严家花园>甪直古镇?本地游客推荐木渎外地游客推荐周庄?希望体验江南园林者木渎适合时间短同里适合时间足?寻找未商业化原始古镇体验推荐甪直,1,,,,,,,,,,,,,,,,,,,,,,,,,,,,,,,,,,
"大美昆曲大好昆山定向主题二等奖戏梦昆山曲韵之镇参赛者卢美冰学校东北师范大学设计说明昆山有三大古镇分别是千灯古镇周庄古镇和锦溪古镇这些古镇不仅展示了江南水乡的独特韵味还保留了丰富的历史文化遗产吸引了大量游客前来观光游览本次海报设计以插画风格为主画面便以昆山三大古镇一千灯古镇周庄古镇,以及锦溪古镇为主线展开设计突出古镇的古朴风情并将三部经典昆曲剧目牡丹琵琶记以及南柯梦与古镇的自然景观人文历史相结合将昆山三宝亭昆石琼花并蒂莲与千灯周庄以及锦溪的经典建筑融入其中既突出昆山特色又为游客打造一场难忘的文化盛宴让游客领略到江南水乡的秀美风光和浓郁的历史文化氛围让昆曲这一非物质文化遗产在新时代换发出更加璀璨的光芒",1,,,,,,,,,,,,,,,,,,,,,,,,,,,,,,,,,,
谁能想到第一次去周庄古镇我就遇到了自驾车停哪里距离周庄古镇步行蕞近的问题如果你也是第一次去周庄古镇以下我的真实体验请看完再去??1周庄古镇作为江南6大古镇之一保留的江南明清建筑风貌蕞完善对得起中国第1??水乡的美誉确实值得来门票100但早7:00之前晚21:00之后可免费进入??2周庄古镇因发展旅游较早所以有些街巷较商业偶会遇到小摊贩揽客行为不感兴趣的不理会就好~暑期周末亲测游客也没有很多~?3游览路线可参考我的古牌楼-古镇照壁-太平桥-双桥-张厅-富安桥-沈厅-南湖秋月园-澄虚道馆-三毛茶楼-迷楼-福洪桥-舟书店-周庄博物馆??4来周庄怎么玩附拍照点?双桥周庄蕞好看的机位也是陈逸飞著名油画故乡的回忆原型人站在对岸拍古桥+凌霄花+窗景真的绝美?古戏台下午1330-1530可免费聆听四场昆曲表演每场20分钟进门处的凌霄花框景戏台旁牡丹园门很出片?沈厅沈万三后裔沈本仁于清乾隆七年公元1742年建成的可赏水墙门河埠风光回字形走马楼~第五进中有沈万三的聚宝盆~?张厅是周庄保存比较完整的明代建筑厅旁箬泾河穿屋而过可赏轿自前门进船从家中过~?周庄博物馆主要展示了周庄的历史古镇文化民俗文化等可深入了解周庄古镇?其他赏江南古韵的古桥福洪桥富安桥拍照都好好看?茶楼品茶游逛之余可选家茶馆喝茶听评弹或去三毛书店探寻三毛的只言片语~?摇橹船220一船6人和其他游客拼醉h算?朦胧夜景晚21:00后可免费游周庄看花巷雨巷福洪桥的光影秀~??5古镇小吃万三蹄奥灶面海棠糕袜底酥等也可去鑫震源二楼吃生煎馄饨赏沿河风光??6关于交通停车一定要看自驾或者像我一样通过苏汽直通车前往景区的宝子们别导航周庄古镇游客中心因为游客中心距离景区还有2公里还好苏汽的司机小哥经验充足记住导航???富贵园停车场少走1公里可真香无锡出发可坐苏汽直通车直达周庄全程1.5小时提前管住苏汽直通车公主号按预定时间上车就好啦,8,"江南明清建筑风貌,水乡,门票价格合理,免费进入时间,商业水平不高,游客不多,游览路线清晰,双桥,古戏台,昆曲表演,沈厅,张厅,周庄博物馆,古镇文化,民俗文化,古桥,茶楼品茶,评弹,三毛书店,摇橹船,夜景,光影秀,古镇小吃,交通便利,停车方便",,,,,,,,,,,,,,,,,,,,,,,,,,,,,,,,,
Hello?大家?我是山海在浙江嘉兴距离乌镇30min车程的地方我找到了一个小众但出片的濮院时尚古镇这里是天下第一绸濮绸的故里是清明时期江南五大名镇之一也是如今GQ盛典的举办地萌探极限挑战的拍摄地??交通濮院时尚古镇位于嘉兴市濮院镇高铁直达桐乡站或者嘉兴南站也可自驾抵达????濮院怎么逛漫步古镇感受小桥流水的惬意感受古树古宅的历史沉淀也可以坐着摇橹船穿古桥赏两岸美景还可以登高望远一览濮院风光趁着这儿没火承包满目江南浪漫???游览路线入口-北更楼登高望远-蚬子滩-碧水桥-水上关王庙-濮商会馆-北横街教堂-关帝庙-祥云观-梅泾剧场-岳氏三进士第-漱芳禅园-濮驸马第-濮侍郎码头-福善寺/福善塔濮院最高点-寺湾街好吃好玩-出口?在濮院呆了两天看过濮院的落日黄昏见过濮院的水影斑驳赏过濮院的华灯初上感受水乡的温婉和建筑的时尚1??福善寺下午落日前这里的光影会很棒有棵800多年的古银杏?非常壮观??可以想象叶子黄时会有多壮观好看2??福善塔??是可以进塔参观的哦可以坐电梯上去仅停靠1/5/9层5楼看出去视野比较好3??寺湾街晚上灯亮起来超级漂亮蓝调时刻拍花灯和不远处的福善塔同框绝美还有许多穿汉服的NPC这条街又好吃又好玩4??漱芳禅园四面环水的茶园戏楼晚上灯亮起来也很好看5??北更楼登山楼顶可以一览古镇楼下的紫薇花开得热烈穿新中式/汉服/旗袍会更出片哦,9,"古镇原貌,小桥流水,古树古宅,摇橹船,古桥,两岸美景,登高望远,江南浪漫,落日黄昏,水影斑驳,华灯初上,水乡温婉,建筑时尚,福善寺光影,古银杏,福善塔视野,寺湾街花灯,汉服NPC,漱芳禅园夜景,北更楼览古镇,紫薇花,新中式/汉服/旗袍出片",,,,,,,,,,,,,,,,,,,,,,,,,,,,,,,,,
2025年4月7日被誉为中国第一水乡的周庄古镇正式推出购一次原价门票享终身无限次免费入园政策在旅游市场引发了广泛关注此举是国内景区首次将终身免费概念引入古镇类景区政策推出后景区商户称客流明显回升江南古镇的旅游热潮被充分地激活了起来周庄古镇四面环水水巷纵横交错呈井字形分布依河成街河道上完好保存着14座建于元明清各代的古石桥60%以上的民居依旧保存着明清时期的建筑风貌尽显小桥流水人家的江南风情一直以来周庄古镇凭借其独特的水乡风光和深厚的文化底蕴吸引着来自五湖四海的游客然而随着各地古镇旅游的蓬勃发展市场竞争日益激烈周庄古镇也面临着新的挑战2025年初汉服体验店经营者小张发布视频称连续三天零营业额引发网友共鸣直指周庄100元门票性价比低导致客流流严重数据显示周庄近两年客流下降约20%此次的优惠政策也是为了改变周庄人气下滑商户营收减少的困境根据周庄旅游官方公告自2025年4月7日起购买一次古镇景区原价门票的游客持本人有效身份证前往慧游周庄服务中心等售票窗口办理实名登记即可无限次免费入园同时工作日非周末及节假日门票实施5折优惠下午5点后免费入园的临时政策仍保留周庄还推出咖啡自由计划联合景区内只此周庄文创店邮局咖啡等特色店铺限量送出免费咖啡除了丰富的游玩活动周庄的街头巷尾也热闹非凡昆山艺匠的吉他弹唱与架子鼓表演点燃古镇青春活力全福南路偶遇周庄情景剧生动演绎古今文化在此碰撞生辉这无疑是周庄古镇在文旅市场竞争中的一次大胆创新将一次性游客转化为深度文化消费者在这里游客可以随心安排行程不再受限于单次游览四时好景皆能与君相伴周庄古镇此次的举措是对旅游市场需求变化的积极回应也是推动文旅产业高质量发展的有益探索通过创新门票政策和丰富旅游体验周庄古镇有望吸引更多游客同时也为其他景区在旅游服务优化方面提供了借鉴未来随着各项活动的持续推进周庄古镇必将在文旅融合的道路上绽放更加绚烂的光彩成为游客心目中向往的旅游胜地大家有心动吗想不想去体验一下呢仅供课程作业使用部分资料来源周庄旅游,1,,,,,,,,,,,,,,,,,,,,,,,,,,,,,,,,,,
感谢关注?,1,,,,,,,,,,,,,,,,,,,,,,,,,,,,,,,,,,
[一R]终于还是来了周庄免费了慢着仔细一看里边还有点文章原文先购买一张门票后享受无限次入园这就好玩了那就是说我还是要买门票去一次然后后面的次数才会享有免费大家细品[二R]周庄绝对是苏州水乡古镇的代表应该没有争议周庄古镇位于苏州昆山市地处昆山吴江上海三地交界处是GJ级的旅游景区[三R]我个人觉得周庄完全可以针对大景区门票出台免费的政策南浔古镇已经给出很好的答案有时候务实低头妥协才是较好的解决办法而不是一而再的试探旅行者的反应,1,,,,,,,,,,,,,,,,,,,,,,,,,,,,,,,,,,
我觉得一百值而且买的是联票还有一份面非常棒????,9,"联票,面",,,,,,,,,,,,,,,,,,,,,,,,,,,,,,,,,
周庄位于苏州昆山市是江南六大古镇之一因陈逸飞画作广为人知被誉为中国第一水乡现在很多人批评周庄浮躁其实只要找到合适的玩法就能发现水乡古镇之美?门票100元3天有效早上7点半前和晚上9点后免票这两个时间段进古镇可省门票钱而且体验很好?看点双桥富安桥等古桥双桥是陈逸飞画作中的经典周庄博物馆可以了解周庄古镇的前世今生沈厅张厅周庄现存的明清古建筑非常气派迷楼南湖秋月全福寺澄虚道院等自然人文景观?美食万三蹄万三糕蟹黄面大虾生煎等,8,"古镇原貌,商业水平不高,童年的梦,水乡之美,古桥,双桥,富安桥,周庄博物馆,明清古建筑,沈厅,张厅,自然人文景观,迷楼,南湖秋月,全福寺,澄虚道院,万三蹄,万三糕,蟹黄面,大虾生煎",,,,,,,,,,,,,,,,,,,,,,,,,,,,,,,,,
周庄一座名气很大的江南古镇古镇商业化程度也比较高这里晚上五点之后是免费的古镇的夜景更加美丽周庄距离苏州市区约30公里自驾约50分钟景区停车场很多收费也不算高富贵园停车场是免费的不过车位数量有限,1,,,,,,,,,,,,,,,,,,,,,,,,,,,,,,,,,,
一眼比较特别哈[偷笑R]期待下次再去实地体验,9,"特别, 期待, 实地体验",,,,,,,,,,,,,,,,,,,,,,,,,,,,,,,,,
清明踏青少了点漫游的乐趣周庄这个古镇除了路上桥上都是人外河里的船也都快排排坐了要拍一张么有船入镜的照片间隙时间只有几秒亦或是容不下船只的小河道,3,,,,,,,,,,,,,,,,,,,,,,,,,,,,,,,,,,
页数共计20页编号44周庄古镇位于苏州城东南昆山吴江上海三地交界处是世界文化遗产预选地首批国家5A级旅游景区古镇四面环水因河成镇依水成街以街为市主要景点有富安桥双桥沈厅等井字型河道上完好保存着14座建于元明清各代的古石桥800多户原住民枕河而居60%以上的民居依旧保存着明清时期的建筑风貌注原创作品不可二传不可倒卖不可搬运仅供交流学习的哦创作不易感谢支持哒,7,,,,,,,,,,,,,,,,,,,,,,,,,,,,,,,,,,
乌镇很美但是商业气息较重相比乌镇我更爱上海朱家角古镇景色不输乌镇周庄同里更有浓浓的生活气息街角盆栽屋顶炊烟阳台晾晒的衣物...难怪连外国人来上海也要来这里体验民风??地址上海青浦区课植园路555号??交通地铁17号线朱家角站1号出口步行1.5公里或者5号出口乘1510路旅游专线或者地铁1号口出站乘船进入朱家角??自驾导航至朱家角古镇1号口2号口两个入口都有停车场??门票无需门票全天开放景区内部分小景点收费可买联票60r/人含课植园和心园鹤龙美术馆??我的游玩路线朱家角古镇1号口课植园和心园放生桥泰安桥圆津禅院北大街廊桥朱家角城隍庙朱家角大清邮局一路拍照加逛逛吃吃随心的走走大致路线就是这样1??课植园原马文卿的私家园林又称马家花园在这里可以欣赏江南园林景观2??和心园同样是园林式建筑面积比课植园小点但景色不分伯仲3??放生桥上海最长高大的五孔连拱大桥初一十五桥下会举行放生大会4??泰安桥古镇内最陡的一座单拱桥5??圆津禅院始建于元至正年间1341-1368年原供奉辰州圣母像俗称娘娘庙登钟楼可眺望朱家角古镇6??北大街小镇内最繁华的一条街各种艺术品商店美食店在这边涵大隆酱园就这条街7??廊桥古亭廊桥间江南水乡古镇的标志性建筑8??朱家角城隍庙庙内供奉着城隍老爷和城隍夫人9??朱家角大清邮局成立于1903年里面可以买手办盖章??手摇船古镇内有多个乘船码头详细信息见评论置顶图??朱家角古镇美食上海人的童年美食少不了朱家角的身影阿婆肉粽酱菜扎肉螺丝酒酿绿豆糕等银杏树阿婆粽渔水之家柴火菜饭涵大隆酱园等都不可错过,1,,,,,,,,,,,,,,,,,,,,,,,,,,,,,,,,,,
?公园介绍周庄古镇位于苏州城东南昆山吴江上海三地交界处镇域面积38.96平方千米水域面积占比46.6%古镇四面环水因河成镇依水成街以街为市井字形河道上完好保存着14座建于元明清各代的古石桥800多户原住民枕河而居60%以上的民居依旧保存着明清时期的建筑风貌周庄古镇是世界文化遗产预选地首批国家5A级旅游景区全球十大最美小镇2021年11月被确定为第一批国家级夜间文化和旅游消费集聚区??交通从南京自驾约3.5h??门票成人100/学生老人50水韵江苏旅游一卡通免费只此周庄演出票428古镇游船220或280/船限6人??Tips游玩人一般都很多想慢游的可以在河边桥边坐坐休息或在古镇住一晚风景很好多人游玩推荐尝试游船体验感不错的??主要打卡点1??古牌楼2??周庄博物馆3??张厅4??沈厅??5??双桥??6??富安桥,5,,,,,,,,,,,,,,,,,,,,,,,,,,,,,,,,,,
?分享100个逆向旅行目的地(12/100)??江南六大古镇之一的周庄古镇被国家地理评为江南水乡第一??古镇依河而建桥街相连仿佛一幅水墨山水画卷??若是雨天撑着油纸伞??从青石板路走过途径小桥流水人家你也便是置身于风景之中成为画中之人??哪天不想上班不如来这转转??添上几分风雅也是妙事??地点周庄古镇??位置江苏省苏州市昆山市周庄镇?营业时间7:30-21:00??交通自驾导航至周庄古镇/高铁至昆山南站后打车前往??游玩攻略???漫步古镇沿着小桥流水在镇子上闲逛路过双桥记得打卡著名的油画故乡的回忆就是以双桥为原型画的?游历古镇看一看沈厅张厅等具有代表性的明清宅院和周庄博物馆全福讲寺等还有只此周庄多维空间剧值得一刷?夜游古镇坐在摇橹船上听着师傅哼着小曲看眼前浮过的美景这才是水乡的正确打开方式??美食推荐???万三蹄周庄内非常有名的猪蹄切成冷盘更好吃?奥灶面极具地方特色的奥灶面颇有一番妙处?万三面传说中的首富面为了好彩头我是一定要吃的,9,"古镇原貌,商业水平不高,童年的梦,江南水乡,小桥流水,油纸伞,青石板路,风景,画中之人,风雅,双桥,油画故乡的回忆,明清宅院,周庄博物馆,全福讲寺,只此周庄多维空间剧,夜游,摇橹船,万三蹄,奥灶面,万三面",,,,,,,,,,,,,,,,,,,,,,,,,,,,,,,,,
不愧是被国家地理点名的江南第一水乡为了周庄古镇特地来了一次江南~有一说一最近的周庄古镇是真的很热闹还有超多好拍的打卡点~纸箱王园区周庄博物馆猫的天空之城怪楼广场等等~~??周庄游玩全攻略??? 周庄博物馆走进这座古色古香的宅院仿佛打开了历史的大门博物馆里不仅有丰富的民俗讲解还能深入了解周庄的历史文化和美食每一件展品每一段故事都让人仿佛置身于过去的岁月感受这座古镇的独特魅力?? 沈厅与张厅沈厅和张厅分别是清代和明代的民居建筑喜欢古建筑的朋友一定不能错过走进这些古老的宅院仿佛能听到历史的低语精致的雕花门窗古朴的家具摆设每一处细节都让人感叹古人的智慧与审美尤其是沈厅的七进五门楼气势恢宏堪称江南民居的典范?? 摇橹船体验傍晚时分坐上摇橹船河两岸的灯光渐渐亮起映照在古建筑上仿佛穿越回了旧时光船家轻轻摇橹哼唱着吴侬软语的小曲悠扬的歌声伴着水波荡漾仿佛带你走进了江南的诗意画卷??双桥拍摄周庄的最佳位置古老的石桥横跨水面码头就在桥边非常适合拍摄摇橹船与古桥的合影双桥是周庄最古老的桥之一站在桥上仿佛能感受到岁月的流转与古镇的沧桑~来周庄古镇吧我的意思是和你一起~,10,"江南第一水乡,热闹,打卡点,纸箱王园区,周庄博物馆,猫的天空之城,怪楼广场,古色古香,历史的大门,民俗讲解,历史文化,美食,展品,故事,过去的岁月,独特魅力,沈厅,张厅,清代,明代,民居建筑,古建筑,雕花门窗,古朴家具,古人智慧,审美,七进五门楼,气势恢宏,江南民居典范,摇橹船体验,河两岸灯光,古建筑,旧时光,吴侬软语,诗意画卷,双桥拍摄,古老石桥,水面码头,岁月流转,古镇沧桑",,,,,,,,,,,,,,,,,,,,,,,,,,,,,,,,,
天青色等烟雨江南水乡的美在这里具象化周庄不负盛名,10,"天青色,烟雨,江南水乡,美,周庄,盛名",,,,,,,,,,,,,,,,,,,,,,,,,,,,,,,,,
总要去趟苏州吧吹吹平江路的晚风看看江南水乡的白墙黑瓦小桥流水人家这才是梦里的江南啊??行程安排Day1虎丘 - 留园 - 西园寺 - 寒山寺 - 山塘街上午先去虎丘这里有吴中第1??名胜的美誉虎丘塔和剑池不可错过中午在留园附近的餐馆品尝苏帮菜响油鳝糊松鼠鳜鱼都很地道下午前往西园寺撸撸猫感受古寺的宁静再去寒山寺听一听那悠扬的钟声晚上到山塘街乘坐摇橹船欣赏古街夜景顺便吃点小吃Day2拙政园 - 苏州博物馆 - 狮子林 - 平江路 - 金鸡湖上午参观拙政园领略江南园林的??之美中午在苏州博物馆附近用餐尝尝生煎包苏式汤面下午打卡苏州博物馆感受贝聿铭大师的建筑美学接着去狮子林在假山群中穿梭晚上漫步平江路听一曲评弹吃一份糖粥之后前往金鸡湖欣赏音乐喷泉Day3周庄古镇/同里古镇二选一一整天都沉浸在古镇的悠闲时光里逛逛古街坐坐小船感受原汁原味的水乡风情??美食建议??苏式面红汤面白汤面都很有特色搭配焖肉爆鱼等浇头??松鼠鳜鱼酸甜可口造型精美是苏帮菜的代表??生煎包外皮酥脆汤汁浓郁咬一口超满足??糖粥软糯香甜充满了江南的味道??梅花糕口感软糯甜而不腻上面还有各种小料??拍照打卡点1. 平江路古街古桥还有很多特色小店很出片2. 苏州博物馆现代与古典结合的建筑随便一拍都是大片3. 狮子林假山独特的假山群仿佛迷宫一般拍照很有趣4. 山塘街夜晚的山塘街灯火辉煌美如画卷5. 金鸡湖大相框能拍到东方之门很有创意的打卡点??住宿建议可以选择住在平江路或观前街附近交通便利周边美食众多?注意事项1. 苏州博物馆一定要提前在公众号上预约尤其是节假日2. 乘坐摇橹船时注意安全保管好个人物品3. 古镇的商业气息比较浓购买纪念品时可以适当砍价,10,"古镇原貌,商业水平不高,童年的梦,白墙黑瓦,小桥流水,江南水乡,宁静,悠扬钟声,古街夜景,园林之美,建筑美学,评弹,糖粥,音乐喷泉,特色小吃,水乡风情,苏式面,松鼠鳜鱼,生煎包,糖粥,梅花糕,古街古桥,特色小店,现代与古典结合,假山群,灯火辉煌,东方之门",,,,,,,,,,,,,,,,,,,,,,,,,,,,,,,,,
江苏不愧是真江南我们去玩的时候还下着小雨门票成人是150学生票是110坐船看演出啥的要另收费里面很大一天转不完里面有很多店铺感觉每条街都有有很多汉服妆造店天气好的话可以体验一下自己也可以穿汉服去和风景很适配感觉会很出片景区管理还是OK的环境很好卫生间也很多路上还有很多志愿者和安保人员物价就是一般景区的物价推荐指数[星R][星R][星R][星R],4,,,,,,,,,,,,,,,,,,,,,,,,,,,,,,,,,,
页数共计20页编号44周庄古镇位于苏州城东南昆山吴江上海三地交界处是世界文化遗产预选地首批国家5A级旅游景区古镇四面环水因河成镇依水成街以街为市主要景点有富安桥双桥沈厅等井字型河道上完好保存着14座建于元明清各代的古石桥800多户原住民枕河而居60%以上的民居依旧保存着明清时期的建筑风貌注原创作品不可二传不可倒卖不可搬运仅供交流学习的哦创作不易感谢支持哒,5,,,,,,,,,,,,,,,,,,,,,,,,,,,,,,,,,,
中国最适合一个人散心的12个古镇 孤独累了就去走走,8,"古镇原貌, 商业水平不高, 童年的梦, 散心, 孤独",,,,,,,,,,,,,,,,,,,,,,,,,,,,,,,,,
[哇R]枕水而眠的周庄又被春天叫醒了古桥春色市井春味江南非遗三月的周庄寻宋芳华正在进行时如果你和我一样已经不是第一次打卡中国第一水乡不如放缓脚步去更深入体验周庄的时令之美解锁不同的非遗文化[星R]手作非遗[星R]吴人善手作既精雅又实用周庄的生活里也全是非遗美学的影子摇快船的橹刀阿婆茶的三味套组贞丰街上的土布竹编等等小小的周庄多多的宝藏一次了解不过来的程度这次带上老妈体验了朱炳仁铜拓一张铜片敲敲打打再经历抛光打磨就能成为独特的手工艺制品同样的模具却因为经手人的不同多多少少也在细节上生出了自己的风格选了一块周庄双桥的画纪念意义拉满店员小哥非常有耐心老妈在指导下成功收获非遗证书一枚[打卡R]地点沈厅第三进茶厅右侧[星R]水乡春味[星R]又到了三月三荠菜当灵丹的季节桂花的香味还没散去鑫震源的春日菜单上已经有了荠菜银鱼大虾生煎一口下去就是春天的江南水乡报春菜的清甜微苦和银鱼大虾的鲜嫩融合的毫无违和感街巷里的点心铺里满眼青绿新鲜的青团已上市周庄的青团也是一绝清甜软糯中是草木的香味也是江南不时不食的舌尖文化[星R]古桥春色[星R]周庄的古桥有14座之多年代跨越元明清除了最著名的双桥还有镇内最古老的元代富安桥摇啊摇摇到外婆桥中出镜的梯云桥穿上汉服去打卡春天的周庄古桥一秒穿越古言小说感谢南方姑娘满足我的侠女初体验[私信R]特别活动资讯[暗中观察R]3月7日到9日三八妇女节专属福利所有女性游客免费游周庄市集游园活动多多,9,"古镇原貌,商业水平不高,童年的梦,枕水而眠,春天,古桥,市井,春味,江南非遗,时令之美,非遗文化,手作非遗,吴人善手作,精雅,实用,摇快船,橹刀,阿婆茶,三味套组,贞丰街,土布竹编,朱炳仁铜拓,铜片,敲敲打打,抛光打磨,手工艺制品,纪念意义,店员小哥,耐心,非遗证书,沈厅,茶厅,水乡春味,三月三,荠菜,灵丹,桂花香,鑫震源,春日菜单,荠菜银鱼大虾生煎,清甜微苦,鲜嫩,融合,街巷,点心铺,青团,草木的香味,不时不食,舌尖文化,古桥春色,元明清,双桥,富安桥,梯云桥,汉服,侠女初体验,妇女节专属福利,免费游周庄,市集游园活动",,,,,,,,,,,,,,,,,,,,,,,,,,,,,,,,,
??周庄一个被时光温柔以待的地方小桥流水青石板路仿佛走进了水墨画中的世界??乘一叶扁舟穿梭在古镇的水巷间听船娘哼唱着江南小调感受水乡独有的宁静与诗意??夜幕降临灯笼点亮周庄换上了另一副模样古色古香的建筑在灯光下更显韵味??别忘了品尝地道的周庄美食万三蹄阿婆茶青团子每一口都是江南的味道??拍照打卡点推荐双桥沈厅张厅富安桥每一处都是绝美的背景,1,,,,,,,,,,,,,,,,,,,,,,,,,,,,,,,,,,
船是春风的逗号桥是水波的韵脚周庄橹声私语船娘轻点长篙日与夜在橹声中流转风情白日里古桥是水墨长卷的筋骨入夜后灯影为河面铺就星汉银河且随古镇水巷游共赏周庄的双面叙事???日游篇涟漪荡开水面上桥的倒影每一座古桥都藏着一段与舟楫共生的故事??船行至富安桥下抬头可见桥身四角的飞檐挑起听闻沈万三的商船满载白银皆从这桥洞穿行铜钱纹石阶沾过富贵气??摇啊摇摇到了梦里呢喃的外婆桥船桨推开碧波船身缓缓穿过低矮桥洞青石板在头顶投下斑驳光影仿佛回到了儿时与家人共度的闲暇午后??在船上拍双桥是最完美的角度小船经过柳树刚刚抽条的枝丫从世德桥的圆拱穿出又滑入永安桥的方孔陈逸飞画故乡的回忆时便是乘船于此徘徊终日你看那桥影入水可像一把钥匙??夜游篇夕阳西斜夜航船悄悄推开月光桨声灯影里一片夜泊星河好景象??飞檐挑起琉璃灯双桥在夜色中愈发温润船娘哼唱吴歌圆拱桥影裹着灯晕浮沉桥影灯影共织琉璃梦境??南北市河后港街的灯光柔美宁静?船行过处两岸灯笼轻晃水波揉碎灯火随手一拍皆是缱绻的江南剪影??忽见船头跃起一尾红鲤原是远处的投影飘进了河面树影婆娑间花巷雨巷鱼池岸的光影秀在古镇的各个角落流动真正的周庄不在岸上而在船与水的缝隙里谁说春困难消且来周庄枕一船橹声让富安桥的茶香替你扫尽倦意让双桥的月影替你写完春天的诗????航线指南??220元/船1-6人?约20分钟?营业时间8:00-20:00??上船地点古镇水巷游码头沈厅对岸??日游线古镇水巷游码头通秀桥北码头??夜游线古镇水巷码头博物馆码头,10,"古镇原貌,商业水平不高,童年的梦,古桥,水墨长卷,星汉银河,富安桥,飞檐,沈万三,铜钱纹石阶,外婆桥,碧波,桥洞,青石板,斑驳光影,儿时,家人,闲暇午后,双桥,小船,柳树,枝丫,世德桥,永安桥,圆拱,方孔,陈逸飞,故乡回忆,桥影,钥匙,夜航船,月光,桨声灯影,琉璃灯,吴歌,圆拱桥影,灯晕,琉璃梦境,后港街,灯光,灯笼,水波,灯火,江南剪影,红鲤,投影,树影,花巷雨巷,鱼池岸,光影秀,船与水的缝隙,橹声,富安桥茶香,双桥月影,春天的诗",,,,,,,,,,,,,,,,,,,,,,,,,,,,,,,,,
一路上遇到的人都nice[派对R]巧遇剧组??打入其中[笑哭R],9,"人nice,巧遇剧组",,,,,,,,,,,,,,,,,,,,,,,,,,,,,,,,,
感谢薯友提供的素材周庄古镇由于有其他事要集中完成我将停更4个月之后会继续打卡画画感谢大家关注[玫瑰R][玫瑰R][玫瑰R],8,古镇原貌,商业水平不高,童年的梦,,,,,,,,,,,,,,,,,,,,,,,,,,,,,,,
找到一处角落安静的写个生线稿一次性筷子?墨水上色水彩,8,"安静,写生,线稿,墨水,上色,水彩",,,,,,,,,,,,,,,,,,,,,,,,,,,,,,,,,
沈三万大家都知道吧据说明朝第[一R]富[福R]接发发发啦[得意R]今天周庄一日游这个季节人不多古镇风景不错[玫瑰R]景区里小东小西也挺精致吃饭不贵~第[一R]次看到菩提原来长这样开出来就是一个现成的吊坠如图[七R]挺有意思[两颗心R]看了演出只此周庄很震撼灰常值??一看去周庄游玩不要??????错过,8,"古镇风景,小东小西,精致,吃饭不贵,菩提,吊坠,演出,只此周庄,震撼",,,,,,,,,,,,,,,,,,,,,,,,,,,,,,,,,
一生痴绝处无梦到徽州走进徽州古城仿佛穿越千年时光白墙黛瓦的徽派建筑和青石板路诉说着岁月静谧的新安江如诗如画徽州古城比宏村的商业化更显纯粹与宁静这座国家地理评选的中国最美古城竟然是免费开放的在这座开放式博物馆中自由漫步感受历史的厚重如果想更深入了解可以参观徽州府衙和许国石坊等收费景点沉浸在徽州的古老与现代交织的文化中??地址黄山市歙县徽州古城??交通从黄山高铁站打车大约20分钟即可到达??门票古城免费部分景点收费如徽州府衙?徽州古城必打卡景点1? 斗山街这里集徽派古民居古街古雕和古牌坊于一体仿佛穿越回明清时期古色古香别有一番韵味2? 渔梁坝也叫江南第一水街是徽州商旅往来必经之地站在渔梁坝远眺新安江清晨与傍晚的风景尤其美丽是拍照的好时机3? 许国石坊中国现存唯一的八角牌楼被誉为东方凯旋门具有500多年的历史是徽州古城的一大亮点4? 徽州府衙一座再现古代官府风貌的历史建筑喜欢历史和建筑的朋友不容错过徽州古城不仅是一个历史的见证更是与自然生活紧密交织的地方在这里你可以在徽派古街漫步享受平静的时光体验徽州美食品味徽州人独特的生活方式??,1,,,,,,,,,,,,,,,,,,,,,,,,,,,,,,,,,,
夜游周庄好幸运 刚刚好遇到祝君有喜剧组在布景等了一小会儿就开拍了据说有可能要拍到凌晨6点呢,6,,,,,,,,,,,,,,,,,,,,,,,,,,,,,,,,,,
神仙联动韩量爆表?,8,"神仙,联动,韩量,爆表",,,,,,,,,,,,,,,,,,,,,,,,,,,,,,,,,
总要来趟江南吧逛逛周庄古镇漫步在小桥流水间感受江南的一半诗意一半烟火,9,"江南,周庄古镇,小桥流水,诗意,烟火",,,,,,,,,,,,,,,,,,,,,,,,,,,,,,,,,
走在古老的石桥横跨在流水之上岸边的垂柳依依随风摇曳河水清澈见底波光粼粼让人陶醉其中,9,"石桥,流水,垂柳,河水,波光粼粼",,,,,,,,,,,,,,,,,,,,,,,,,,,,,,,,,
"??重磅消息周庄景区最近推出??一次购票终身免票政策实名制绑定身份证 下次刷脸就能进本抠门旅行家立刻安排了2天1夜深度游??自驾攻略?上海出发1.5h直达?导航""周庄古镇蚬江湾停车场""停24小时才20元 比景区门口便宜一半?新能源车有充电桩????暴走2万步总结的路线DAY1古牌楼双桥张厅沈厅迷楼三毛茶楼下午4点后游客少 拍照超好看DAY2蚬江渔唱周庄博物馆纸箱王创意园清晨7点的水巷像水墨画????本地人带路的美食清单?万三蹄推荐""沈厅酒家"" 酥烂不腻?青团子""贞丰酥""现蒸的豆沙馅绝了?奥灶面""银珠老面馆""的爆鱼浇头必点?避雷景区中心的臭豆腐不正宗??隐藏玩法傍晚5点后坐摇橹船灯光初亮时最美 船娘还会唱小调?血泪经验?民宿选景区内的晚上9点后空无一人的周庄才是真江南这次发现了好多新开放的宅院拿着终身票已经开始计划秋天来看银杏了??",1,,,,,,,,,,,,,,,,,,,,,,,,,,,,,,,,,,
中国最适合一个人散心的12个古镇 孤独累了就去走走,8,"古镇原貌, 商业水平不高, 童年的梦, 散心, 孤独, 走走",,,,,,,,,,,,,,,,,,,,,,,,,,,,,,,,,
无锡南长街-周庄古镇作为无锡人还是第一次去南长街喽比想象中的古街还要好逛一些呢一些比较高质量店铺还是可以逛逛坐坐喝喝茶还是比较悠闲自在呢转场周庄古镇两个人是也小逛逛了半天就逛完了无锡周边还有木有周末两天可以推荐的地方嘞,1,,,,,,,,,,,,,,,,,,,,,,,,,,,,,,,,,,
不需要滤镜的美景与天气早点起来在古镇悠哉闲逛吃碗奥灶面坐个摇橹船感受水墨画一般的江南意境,9,"美景,天气,古镇,奥灶面,摇橹船,江南意境",,,,,,,,,,,,,,,,,,,,,,,,,,,,,,,,,
一路上遇到的人都nice[派对R]巧遇剧组??打入其中[笑哭R],9,"人nice,巧遇剧组",,,,,,,,,,,,,,,,,,,,,,,,,,,,,,,,,
宝子们清明节是游览苏州的好时节气候宜人春意盎然一推荐景点?1?古典园林- 拙政园中国四大名园之一以水景和精巧布局闻名春日的杜鹃花展不容错过- 留园以建筑艺术和奇石著称园内玉兰海棠盛开适合拍照??- 狮子林以假山迷宫为特色适合带小朋友??探索2? 历史街区与古迹- 平江路沿河而建的古街青石板路小桥流水可体验评弹和茶文化??- 虎丘苏州地标云岩寺斜塔所在地传说吴王阖闾葬于此春日樱花??点缀3?水乡古镇- 周庄/同里距离市区约1小时车程清明节可能有划灯船青团制作等民俗活动4?现代风情- 金鸡湖推荐傍晚环湖骑行或到东方之门观夜景李公堤餐饮选择丰富- 苏州中心大型商业综合体适合购物休闲5?文化地标- 寒山寺因枫桥夜泊??闻名晨钟暮鼓别有禅意- 苏州博物馆贝聿铭设计建筑本身是艺术品??需提前预约二注意事项??1. 天气与着装- 清明多小雨??携带折叠伞和轻便防水外套穿舒适鞋子园林多为石板路2. 交通提示- 地铁便捷4号线直达拙政园?景区周边易堵车建议共享单车短途出行- 周庄/同里可乘旅游专线巴士或选择一日游团3. 游览攻略- 预约??园林和博物馆需通过苏州园林旅游公众号提前购票拙政园旺季80元- 错峰??早晨开园或闭园前1小时人流较少平江路傍晚更静谧4. 饮食推荐- 苏帮菜必尝松鼠桂鱼响油鳝糊碧螺虾仁老字号推荐松鹤楼得月楼- 时令小吃青团酒酿饼腌笃鲜春季限定笋汤5. 文化礼仪- 园林内勿触摸古迹或攀折花木部分区域禁止使用自拍杆- 若遇民间祭扫活动保持尊重避免随意拍照6. 其他贴士- 景区周边人力车谨慎乘坐先谈好价格- 保管好随身物品尤其周末人流密集时三行程建议?- 2日游Day1 拙政园苏州博物馆平江路Day2 虎丘寒山寺金鸡湖- 3日游可增加周庄/同里一日深度游祝您在苏州享受一场诗意的春日之旅 ,9,"气候宜人,春意盎然,古典园林,拙政园,水景,精巧布局,杜鹃花展,留园,建筑艺术,奇石,玉兰,海棠,拍照,狮子林,假山迷宫,探索,历史街区,平江路,古街,青石板路,小桥流水,评弹,茶文化,虎丘,苏州地标,云岩寺斜塔,樱花,水乡古镇,周庄,同里,划灯船,青团制作,民俗活动,现代风情,金鸡湖,环湖骑行,东方之门,夜景,李公堤,餐饮,苏州中心,购物休闲,文化地标,寒山寺,晨钟暮鼓,禅意,苏州博物馆,贝聿铭设计,艺术品,提前预约",,,,,,,,,,,,,,,,,,,,,,,,,,,,,,,,,
苏州曲水善湾是一个集餐饮美食民宿体验休闲娱乐亲子活动于一体的度假村??民宿丨苏州曲水善湾??地址丨江苏省苏州市吴江区黎里镇善湾村张园东路春晓水杉居这是曲水善湾内的一家高端定制餐厅曾荣获Architizer A+ Awards 2022年度专业评审和公众选择两项桂冠是建筑界奥斯卡大奖的得主餐厅临湖而建以水杉为灵感由多个大小不一的锥体组合而成外观酷似错落有致的水杉林白天傍晚和夜晚餐厅都会呈现出不同的景象是拍照打卡的绝佳地点船坞民仿江南水乡船坞造型的建筑就像一排停靠在岸边的乌篷船古韵悠长超有意境曲水善湾是一个村落式的民宿集群每间客房都各有特色有临湖枕水而居的船坞里的私汤房也有深入湖中半岛里的鸟居雅舍房以及听湖观景房和富有童趣的亲子民宿游玩项目曲水善湾还提供多种游玩项目如露天电影篝火晚会皮划艇私汤泡池捞鱼采摘湖景秋千等适合亲子情侣朋友等多种人群周边景点周庄古镇距离曲水善湾仅5分钟车程是江南著名的古镇之一有着丰富的历史文化和自然景观同里古镇距离曲水善湾约15分钟车程也是江南的著名古镇以其古朴的民居古老的桥梁和清澈的河水而闻名苏州曲水善湾是一个充满艺术气息和江南水乡风情的度假村无论是想要享受宁静的乡村生活还是想要探索周边的历史文化景点都是一个不错的选择?,1,,,,,,,,,,,,,,,,,,,,,,,,,,,,,,,,,,
苏州有一座不要门票的千年古镇比周庄宁静比乌镇悠闲是真正的江南水乡你知道是哪里吗,8,"不要门票,千年古镇,比周庄宁静,比乌镇悠闲,真正江南水乡",,,,,,,,,,,,,,,,,,,,,,,,,,,,,,,,,
文曰上有苏杭下有天堂夏天的江南第一水乡周庄能抚平心中的浮躁给身心度个假美景这里仿佛被时间遗忘宁静而美好无需特意寻找随便一个角落都能出片在河边的垂柳下或是在古老的巷子里每一张照片都充满了江南的韵味美食这边的饭店以本帮菜为主而沈万三则是这次旅行的味蕾惊喜路过时浓郁的香气瞬间勾住了我卤蹄髈绝对是招牌中的招牌色泽红亮诱人皮滑肉嫩肥而不腻看起来就满满的胶原蛋白趁热吃绝了啊还有猪蹄东坡肉凤爪等可以选用宝子们袋包装和礼盒很方便邮寄或拎回家其它好吃的还有袜底酥10元一包的样子海棠糕8元一个住宿假如不是提前订好了酒店古镇内的民宿很多价格在150-300不等在暑期旅行旺季还是很友好的其它早上7点前 晚上9点后不收门票,1,,,,,,,,,,,,,,,,,,,,,,,,,,,,,,,,,,
??游玩小tips:??对宠物很友好景区和里面酒店都可以带宠物1??大门票现场买1003日内可多次使用网上购票有优惠景区晚上九点以后不用门票2??停车场:2天1夜20场外小道也可停车不收费你懂[满月R]3??摇橹船现场排队买票220约20分钟上下不在一个位置会问你是否听歌304??尽量工作日去人比较少下午有跟团游客人会比较多5??景区开放时间:7:30-21:00[偷笑R]营业时间以外进不用门票6??夏季白天不适合逛太热了会晒[石化R][石化R][石化R][火R]建议游览路线:周庄博物馆迷楼贞丰街全福讲寺南湖秋月园古镇水巷游沈厅张厅双桥(正反都可以走)[爆炸R]代表小点:沈厅和张厅各种桥再就是体验坐船[彩虹R]周庄的主要景点包括:沈厅富安桥贞丰桥木雕博物馆江南水乡风情游[庆祝R]游览最佳时间去周庄古镇四季都可以最好不要节假日去如果你有机会住宿一定不能错过周庄的黄昏和清晨洗去日间的喧嚣与繁华那时的周庄呈现给你的是古朴真实的美[探店R]敲章:沈厅张厅和博物馆都有盖章服务[海豚R]情景剧:晚上6点50分周庄会演情景剧讲述了四季周庄的故事需要额外购买门票[打卡R]如何玩转周庄古镇1??逛古镇:漫步在石板路上欣赏白墙黑瓦的建筑感受岁月的痕迹2??乘船游览:乘坐乌篷船沿河欣赏周庄的美景体验江南水乡的韵味3??参观陈逸飞故居:了解陈逸飞先生的生平和艺术成就感受他的画作背后的故事4??品尝美食:??特色:万三猪蹄鱼雪花牛肉??小吃推荐:生煎包和桂花红豆丸子??糟卤鸭:周庄的特色美食之一选用当地特产的鸭子配以特制的糟卤汁味道鲜美??万三油条:周庄的油条与众不同它被称作万三夜市油条因为在晚上会变得更加酥脆5??购买纪念品:挑选一些特色手工艺品如蓝印花布刺绣等作为纪念品或送给亲朋好友[飞机R]交通攻略客车??:苏州汽车北站:旅游专线直达周庄昆山汽车站:旅游专线公交车直达周庄嘉兴汽车北站:有发往周庄的汽车自驾??:直接导航周庄即可高铁??:京沪高铁沪宁铁路至昆山南站:乘113路到周庄汽车客运站步行前往周庄古镇区地铁??:上海11号线花桥站换乘游7路可达周庄,7,,,,,,,,,,,,,,,,,,,,,,,,,,,,,,,,,,
姐妹们周庄古镇女神节福利来啦[打卡R]3月7日到9日女神节专属福利[点赞R]所有女性游客免费游周庄[一R]活动一雅集悦春色国潮主题市集?食青记青团定胜糕桂花糕等?潮物集手作饰品国潮文创等??互动赢好礼地点纸箱王园区时间10:00-20:00[二R]活动二巧手织春意非遗美学工坊?指尖生花香囊手作书签DIY草木扎染等?妆点千年汉服换装古镇旅拍地点纸箱王餐厅时间9:30-19:30[三R]活动三宋韵舞春光花神游园演绎?洛神赋10:0014:0018:00?歌乐图13:3015:3017:00?花神游13:0015:0019:00地点全福南路怪楼广场古镇水巷[四R]活动四花漾醉春风香村春田花会??赏花踏青花漾打卡??花田露营田园烧烤??手作市集围炉煮茶植物敲染地点香村祁庄时间9:30-16:30?? 地址江苏省苏州市昆山市周庄镇全福路43号?? 交通自驾导航至周庄古镇即可公共交通乘坐高铁至昆山南站换乘公交或出租车前往周庄古镇?? 小贴士[种草R]建议提前预约错峰出行[种草R]记得穿上美美的衣服带上相机记录下这美好的瞬间?,9,"古镇原貌,商业水平不高,童年的梦,免费游,女神节,国潮主题市集,食青记,手作饰品,国潮文创,互动赢好礼,纸箱王园区,非遗美学工坊,香囊手作,书签DIY,草木扎染,汉服换装,古镇旅拍,纸箱王餐厅,宋韵舞春光,花神游园演绎,洛神赋,歌乐图,花神游,全福南路,怪楼广场,古镇水巷,香村春田花会,赏花踏青,花漾打卡,花田露营,田园烧烤,手作市集,围炉煮茶,植物敲染,香村祁庄",,,,,,,,,,,,,,,,,,,,,,,,,,,,,,,,,
赶在台风到来之前过了个假期路上三小时古镇一小时出行快乐??,8,"古镇,一小时,出行快乐",,,,,,,,,,,,,,,,,,,,,,,,,,,,,,,,,
"贞丰的夜夜里的梦在光的深处......""逐光千年与你相遇",9,"古镇原貌, 商业水平不高, 童年的梦",,,,,,,,,,,,,,,,,,,,,,,,,,,,,,,,,
周庄梦工场外景基地清明上河图秘境将于清明节4月4日至4月6日期间每日10:00-16:00免费对外开放,8,"周庄,梦工场,外景基地,清明上河图,秘境,免费,对外开放",,,,,,,,,,,,,,,,,,,,,,,,,,,,,,,,,
时隔三个来月说说我对周庄的印象吧如果要去周庄的话建议下午去听导游讲一圈晚上去看只此周庄然后在周庄住一宿第二天早上在小镇里走走逛逛你就会发现周庄最真实的一面早上的周庄是安静的民宿老板养了三四只小猫有时候会霸道地占上你的床也不怕人就在床上面窝着一二月份的阳光照在身上暖烘烘的在巷子里随意地溜达着巷子两侧的商户有的插着木板还没开门有的已经早早营业了新出炉的桂花糕软软糯糯和芝士一样能拉很长的丝船夫摇着船从桥下穿过下了桥有家卖蟹黄面的一碗面淋上一层的蟹黄拌一拌早饭和午饭都解决了只能说我对周庄的印象还是很好的,9,"古镇原貌,商业水平不高,童年的梦,安静,小猫,不怕人,阳光,暖烘烘,巷子,商户,桂花糕,软软糯糯,蟹黄面,船夫,摇船,桥下穿过,早饭午饭解决",,,,,,,,,,,,,,,,,,,,,,,,,,,,,,,,,
