评论,打分,积极评价要素词汇_1,积极评价要素词汇_2,积极评价要素词汇_3,积极评价要素词汇_4,积极评价要素词汇_5,积极评价要素词汇_6,积极评价要素词汇_7,积极评价要素词汇_8,积极评价要素词汇_9,积极评价要素词汇_10,积极评价要素词汇_11,积极评价要素词汇_12,积极评价要素词汇_13,积极评价要素词汇_14,积极评价要素词汇_15,积极评价要素词汇_16,积极评价要素词汇_17,积极评价要素词汇_18,积极评价要素词汇_19,积极评价要素词汇_20,积极评价要素词汇_21,积极评价要素词汇_22,积极评价要素词汇_23
最近发掘了杭州超有韵味的宝藏地  祥符桥传统风貌街区踏入祥符桥传统风貌街区就像开启了一场时空交错的旅行传统江南建筑的白墙黑瓦错落有致飞檐翘角间藏着悠悠古韵仿佛在诉说着旧时光的故事??与现代建筑元素巧妙融合简洁明快的线条时尚的玻璃幕墙碰撞出别具一格的美感?这里的街巷一步一景沿着河道漫步??水波荡漾倒映着两岸建筑既有江南水乡的温婉柔情又不失现代都市的精致格调明代古桥祥符桥静静伫立与新建的现代感桥梁平波桥卧虹桥相映成趣仿佛穿越时空随手一拍都是大片??逛累了随便走进一家小店咖啡香茶香弥漫还能淘到各种创意十足的手工艺品??你们打卡过哪些超美的特色建筑快在评论区分享分享咱们一起 种草 更多宝藏地[黄金薯R]项目名称祥符桥传统风貌街区设计公司goa大象设计空间摄影奥观建筑视觉AOGVISION?,10,"白墙黑瓦,飞檐翘角,玻璃幕墙,街巷,水波荡漾,祥符桥,平波桥,卧虹桥,小店,咖啡香,茶香,手工艺品",,,,,,,,,,,,,,,,,,,,,,
平时真的有人会去这吗?,3,无,,,,,,,,,,,,,,,,,,,,,,
河南中路上有条百年老弄堂就是位于河南中路531--541弄的吉祥里它也是上海千百万石库门中的一条里弄有砖木二层结构17幢1876年竣工属于早期的石库门里弄住宅吉祥里的装饰意味很浓厚不论是大片青砖墙与水泥装饰线条的搭配厢房立面上的几何装饰花纹还是天井外墙上的中式琉璃花窗都甚为精美建筑单元采用行列式排列单元为三间两厢内设天井的形制石料门框配黑漆厚木门扇单元与单元之间采用风火山墙分隔并且装饰有西式的装饰构件或许由于是上海市优秀历史建筑的缘故吉祥里的外观保存情况甚佳很难令人相信眼前的是已然经历了一百四十多年风雨的老房子,8,"砖木二层结构,大片青砖墙,水泥装饰线条,几何装饰花纹,中式琉璃花窗,石料门框,黑漆厚木门扇,风火山墙,西式装饰构件,上海市优秀历史建筑,外观保存情况甚佳",,,,,,,,,,,,,,,,,,,,,,
前几天在杭州的吉祥里看到了潮汕英歌舞它不愧为中华战舞几位舞者以独特的步伐和身法将英歌舞展现给观众时而如蛟龙出海刚劲迅猛时而似彩凤展翅灵动轻盈看到这样的演出也是感慨中华文化的传承真的非常的重要杭州吉祥里位于杭州祥符桥附近这次春节他们举办的活动都非常的精彩是值得大家关注并且一去的文化街区,10,"潮汕英歌舞,中华战舞,舞者,步伐,身法,英歌舞,蛟龙出海,刚劲迅猛,彩凤展翅,灵动轻盈,中华文化,传承,杭州吉祥里,祥符桥,春节,活动,文化街区",,,,,,,,,,,,,,,,,,,,,,
??不想去人挤人想要一个既小众又惬意的地方遛娃来来来告诉你个好去处上周带娃去了祥符桥传统风貌街区老街新造适合遛娃散步还可以解决晚饭吃完饭后漫步河边打发夏日的夜晚??地址绿城吉祥里祥符桥传统风貌街区??地铁十号线花园岗站B出口步行10分钟???停车有地下停车场2h免费超出5r/小时?开放时间全天开放??业态有书店美学生活空间餐厅奶茶店咖啡馆酒吧茶室涂鸦滑板的运动场地等??落日音乐会周末的晚上会在桥头树下举办落日音乐会晚风徐徐音乐缭绕让自己放松一刻汉堡坐着听了40分钟不肯走??花食酒肆这里还有小河直街同款的花食酒肆烤肉店在小河直街嫌人太多就可以来这里不用排队??夏日限定泳池有专门为儿童放置的游泳池工作人员打上漫天的泡沫泡沫喷出的一刹那孩子们都兴奋得尖叫??露天电影在鸟檐餐厅外有露天电影还是吸引了一波大小朋友围观??山外事茶吧在祥符老街的z高处可以爬上去看街区全景享一杯香茗适合放空自己另外茶吧下的树木晚上有很漂亮的球形灯适合拍照??游玩tips??带宝宝的姐妹记得做好驱蚊工作??爱拍照的姐妹可傍晚去灯火辉煌的祥符桥陷入了浪漫的氛围拍照很出片??要是还没逛尽兴还可以去周边游玩拱墅运河体育公园??1.7km大兜路历史文化街区??4.2km小河历史文化街区??4.6km小河公园??5.2km拱宸桥西历史文化街区??5.4km,9,"祥符桥传统风貌街区,老街新造,散步,解决晚饭,河边,业态,书店,美学生活空间,餐厅,奶茶店,咖啡馆,酒吧,茶室,涂鸦滑板的运动场地,落日音乐会,花食酒肆,夏日限定泳池,露天电影,山外事茶吧,全景,香茗,球形灯,驱蚊工作,灯火辉煌,浪漫氛围,拍照,拱墅运河体育公园,大兜路历史文化街区,小河历史文化街区,小河公园,拱宸桥西历史文化街区",,,,,,,,,,,,,,,,,,,,,,
?? 位于杭州市拱墅区的祥符里历史街区/吉祥里经过精心改造保留了街区的传统风貌同时注入了现代活力??? 祥符里拥有约800年历史的祥符桥是宋代运河文化的重要传承地这里曾是老工业区和城郊结合部现在则焕发出了新的生机?? 设计理念是在保留街区市井风貌的基础上激发活力古建元素与现代风格相融合江南风韵与新潮业态碰撞打造出独特的祥符记号?? 街区将围绕祥符市井文化花木文化茶道文化展开引入美术馆餐饮滑板运动品牌等业态这不仅为周边城市提供了高品质公共空间还为老旧街区引入了外部人流激发了活力[鼓掌R][鼓掌R]不过街区现在人气还不旺入驻的商业业态不够丰富希望以后会越来越好,8,"传统风貌,现代活力,祥符桥,宋代运河文化,市井风貌,古建元素,现代风格,江南风韵,新潮业态,祥符记号,祥符市井文化,花木文化,茶道文化,美术馆,餐饮,滑板运动品牌,高品质公共空间",,,,,,,,,,,,,,,,,,,,,,
偶然路过想起他们家的茶冻吸引我一时便去坐坐没想到惊艳了我[哇R]进店后茶艺师姐姐们亲切的接待了我们并带着我们参观了一遍茶室一进门就看到了超多茶叶种类以后我也要把茶袋收集起来还有尺八葫芦丝古琴等传统乐器茶点做的超级精致老板说出品会以模型为准~????茶室分两块区域有公共和包厢区公共区不定期还有讲座开放很期待?茶冻中红茶的滋味非常明显配上桂花蜜糖恰到好处的甜恰到好处的味~[飞吻R]整体古色古朴的装修又与现代的风格融合的恰到好处外面是周边小区的居民活动的场所茶室属于是闹中取静了!整体茶室的氛围很舒适平和真真宝藏茶室[赞R][赞R][赞R],10,"茶冻,亲切,参观,茶叶种类,茶袋,尺八,葫芦丝,古琴,茶点,精致,模型,红茶,桂花蜜糖,甜,味,古色古朴,现代风格,融合,居民活动,闹中取静,氛围,舒适,平和",,,,,,,,,,,,,,,,,,,,,,
??打卡九宫格杭州地标第一篇??? 路线在图三哦 免费打卡1??第一站 绿城吉祥里杭州地标墙不是很好玩就是去打了个卡就是一个刚建好的小街区类似于小区周边商街那样就花了10分钟左右就走了2??第二站 运河天地公园地标打卡地标准的公园直接走到拱宸桥也不是很远适合下午去溜达找地方到完事大概花了20分钟3??第三站 拱宸桥附近财神庙门口地标打卡地拱宸桥标准的江南风格古街道沿着街道走就到里面的一个财神庙地标墙就在财神庙的门口这里不光可以打卡还比较适合慢悠悠的逛一下可以花1个小时左右4??第四站 丝联166文创园丝联166文创园原址是杭州的丝联厂房建于20世纪50年代文创园在保留原有厂房结构的基础上进行了改造去的时候人很少不过里面拍照非常好看建议这个去打卡一下大概需要30-60分钟其实丝联路边上很近还有一个小河直街的地标墙的由于下午赶时间而且饿了就没有去留给第二篇地标墙打卡吧[微笑R]最后去吃了拱墅区大兜路142号的江南驿很好吃赞一个冲冲冲,166,"江南风格,古街道,文创园,厂房结构,拍照",,,,,,,,,,,,,,,,,,,,,,
??传承800年的徽州非遗瞻淇鱼灯空降祥符老街的吉祥里一场提前跨年氛围的瞻淇鱼灯巡游点亮了整个街区由2条4米的大鱼10余条小鱼组成的巡游队伍年味也在舞动的鱼灯中渐渐来临今天拿着相机??提前感受下跨年氛围杭州今年的跨年活动挺丰富期待下,9,"瞻淇鱼灯,祥符老街,吉祥里,跨年氛围,舞动,鱼灯,相机,跨年活动",,,,,,,,,,,,,,,,,,,,,,
晚饭到家门口看见对面停了好多车于是决定去一探究竟一到那里发现果然很精彩啊靠近长廊和碗池河边广场有烟火大会看完烟火大会以为就结束了准备绕到碗池溜达回家结果还有天台快闪音乐会还得是吉祥里主办方会玩据说明天晚上六点四十五还有一场住的不远的可以来玩啊今天又是家门口溜达的一天,9,"烟火大会,天台快闪音乐会,主办方会玩",,,,,,,,,,,,,,,,,,,,,,
两条2条4米长的瞻淇鱼灯巡游整个社区10余条小鱼尾随其后周围人山人海热闹非凡??杭州.吉祥里??2024.12.29?我是一名行走的咛游摄影师 关注我可以看到更多杭州美景?,4,"瞻淇鱼灯,小鱼,人山人海,热闹非凡,杭州,吉祥里",,,,,,,,,,,,,,,,,,,,,,
来杭州旅行不要光拍西湖了下面这9个杭州机位朋友圈都问爆了?057壹号码头?桥西直街财神庙?粮仓艺术公园?丝联166?绿城吉祥里?运河天地?武林夜市?白蓝地?小河直街,8,"桥西直街,粮仓艺术公园,丝联166,绿城吉祥里,运河天地,武林夜市,小河直街",,,,,,,,,,,,,,,,,,,,,,
吉祥里还是很适合散步的古色古香的商场却有让人安静的力量晚风轻轻吹过脸颊的时候就会暂时忘记生活的烦恼耶河那边的亭子里有一位奶奶咿呀咿呀唱歌一位爷爷在和声真希望时间暂停能不能放假久点啊,9,"吉祥里,古色古香,商场,安静,晚风,河,亭子,奶奶,唱歌,爷爷,和声,时间暂停,放假",,,,,,,,,,,,,,,,,,,,,,
绿城吉祥里有空可以去溜达溜达目前为止小河对面还在开发期待[微笑R],8,"绿城吉祥里,小河对面,开发",,,,,,,,,,,,,,,,,,,,,,
地方不是很大周围的居民逛逛挺不错的,7,"地方,不大,居民,逛逛,不错",,,,,,,,,,,,,,,,,,,,,,
最近??出圈的,7,出圈,,,,,,,,,,,,,,,,,,,,,,
??总要去趟杭州吧吹吹西湖的晚风??感受烟雨江南之美??两天一夜之行附游玩攻略??.游玩路线??简易版1??灵隐寺法喜寺西湖大塘集鲜椒鱼蛙2??杭州博物馆杭州植物园棒老二烈火烤活鱼绿城吉祥里小河直街.小TIPS??1??证件??记得带好自己的身份证和学生证很多景点学生证都有优惠2??交通??大多数都是公交和自行车3??住宿??可以选择在西湖边交通便利4??衣物??近期天气可能比较炎热防晒和帽子记得带好,8,"烟雨江南,西湖,灵隐寺,法喜寺,大塘集,鲜椒鱼蛙,杭州博物馆,杭州植物园,棒老二烈火烤活鱼,绿城吉祥里,小河直街",,,,,,,,,,,,,,,,,,,,,,
地方不是很大周围的居民逛逛挺不错的,7,"地方,不大,周围,居民,逛逛,不错",,,,,,,,,,,,,,,,,,,,,,
总体量:2.3万方愿景留住杭城的烟火气的美好愿景定位将祥符桥历史保护建筑与河道景观融为一体成为杭州拱墅区又一处文旅新地标业态以市井生活艺文社交潮趣大赏三大业态打造日间文雅夜间鲜潮的品质生活场五大功能空间 : 河 街 宿 社 养在这里有商业的消费场景有民宿酒店的业态有文化产业的落地还有康养业态的引入但更重要的是这里还有旧时杭州市井的味道在这充满江南格调的吉祥里低矮的乌瓦黛墙枕水而建老桥粮仓等历史建筑保留着原有的样貌围坐在店门口烤火的商家在祥符桥头拍照的舞蹈团暖阳下磕着瓜子的周边居民这些画面都是老底子杭州人最熟悉不过的,9,"市井生活,艺文社交,潮趣大赏,乌瓦黛墙,老桥粮仓,历史建筑,河道景观,文旅新地标,商业消费场景,民宿酒店业态,文化产业落地,康养业态引入,杭州市井味道,江南格调,祥符桥头",,,,,,,,,,,,,,,,,,,,,,
??2025.02.15赶了个晚集毕竟一个年都没在杭州晚上有滚灯舞+最新奇的英歌舞没拍照片整条街的布置好看程度还是可以的拍照片+吃饭还是不错的亲子娱乐+闲逛的店铺偏少但是活动办的还是很不错的,8,"滚灯舞,英歌舞,布置,拍照,吃饭,活动",,,,,,,,,,,,,,,,,,,,,,
"谁说老城只能活在记忆里杭州中心区最宝藏的十三湾巷要大变身啦这次更新要破解三大""城市病""????堵车+停车难?新增3处停车场+226个车位联动周边升级共570个车位?20分钟步行圈覆盖3个地铁站+46个公交站+45个小红车点?屋顶农场使用权奖励绿色出行骑车攒能量能换种菜资格?????公共空间少?大量的街廊外摆和树梢街区聚餐浪漫约会看展露营遛娃滑板?老建筑屋顶变身天空球场APP预约打球节假日秒变市集?静水厅永不落幕脱口秀/越剧/话剧轮番上演的城市客厅?设计师的三大魔法?保留和恢复老城的尺度与密度延续杭州老城小尺度高密度的城市肌理?四个等级的改造方案确保老建筑安全适应新功能用廊桥串联多个孤岛组团屋顶到地库全打通?青砖黛瓦配玻璃幕墙碰撞出建筑诗?",9,"老城,记忆,宝藏,十三湾巷,更新,破解,城市病,堵车,停车难,停车场,车位,联动,升级,步行圈,地铁站,公交站,小红车点,屋顶农场,绿色出行,骑车,种菜,公共空间,街廊外摆,树梢街区,浪漫约会,看展,露营,遛娃,滑板,老建筑,屋顶,天空球场,APP预约,打球,节假日,市集,静水厅,脱口秀,越剧,话剧,城市客厅,设计师,魔法,保留,恢复,尺度,密度,杭州老城,小尺度,高密度,城市肌理,改造方案,老建筑安全,新功能,廊桥,孤岛组团,屋顶,地库,青砖黛瓦,玻璃幕墙,建筑诗",,,,,,,,,,,,,,,,,,,,,,
吉祥里不仅保留了原有的历史风貌更融入了现代元素使之成为一个集茶酒故事于一体的文化街区百年祥福桥千年换塘河以及众多地堡建筑如老茧行老粮仓等共同构成了吉祥里独特的城市更新内容基础在业态引入上吉祥里也充分尊重并延续了历史文化使古老与现代在这里交相辉映如果说城市更新的核心是内容产业的更新那么吉祥里在有限的空间内无疑将这一点发挥到了极致在这里你不仅可以品尝到传统的茶馆文化还能感受到咖啡馆的现代气息此外吉祥里还巧妙地结合了室外露充场的设计引入了新潮的滑板店美术馆网红书店等时尚元素再加上丰富多样的餐饮美食使得这条老街巷虽小却五脏俱全满足了不同年龄层不同兴趣爱好的人群需求,9,"历史风貌,现代元素,茶酒故事,文化街区,百年祥福桥,千年换塘河,地堡建筑,老茧行,老粮仓,城市更新,业态引入,历史文化,古老与现代,内容产业,茶馆文化,咖啡馆,室外露充场,新潮的滑板店,美术馆,网红书店,时尚元素,餐饮美食,不同年龄层,不同兴趣爱好",,,,,,,,,,,,,,,,,,,,,,
??杭州祥符里穿越千年的市井繁华????项目概况??祥符里这座承载着杭州千年运河文化的街区正以全新姿态迎接未来位于京杭大运河畔紧邻西湖与钱塘江祥符里不仅是历史的见证者更是现代都市生活的鲜活样本?????设计理念??我们的愿景是让祥符里成为连接过去与未来的桥梁留住杭城的烟火气在这里每一块青石板每一座古桥都在诉说着历史的故事同时也融入了现代生活的节奏????设计亮点??1?? 漕运文化的活化石祥符里保留了南宋以来的运河文化让你仿佛穿越回那个繁忙的商贸时代感受古桥河水与老宅的韵味2?? 现代与历史的对话我们在尊重历史肌理的基础上注入现代设计元素让传统与创新在这里碰撞焕发出新的生命力3?? 生活美学的展现无论是市井小巷还是文艺小店祥符里都将是你探索杭州生活美学的最佳起点??快来祥符里体验一次穿越千年的旅行吧??,9,"杭州,祥符里,千年运河文化,全新姿态,京杭大运河,西湖,钱塘江,历史见证者,现代都市生活,青石板,古桥,历史故事,现代生活节奏,漕运文化,活化石,南宋,运河文化,古桥河水,老宅韵味,现代设计元素,传统,创新,市井小巷,文艺小店,生活美学,杭州",,,,,,,,,,,,,,,,,,,,,,
[种草R]预测下??多多的拱墅区祥符街道重金打造的吉祥里将会是下一个小河直街[种草R]山外事是众多茶馆??里的特别存在主营武夷山岩茶和红茶茶馆主理人之一朱老师是布衣八音非遗传承人他也在推广失传700多年的尺八[种草R]全国精通尺八??人估计也只有200余人[种草R]尺八的命名源于乐器??尺八的长度一尺八寸当然尺八的尺寸在1尺六-1尺八这个区间每增加1寸会改变半个音节[种草R]不同于普通乐器??的观赏性尺八和古琴一样多是演奏给自己听??的[种草R]尺八盛行于隋唐南宋时日本僧人心地觉心东渡师从慧开法师[种草R]心地觉心向同在杭州黄龙洞护国仁王禅寺??同门师兄张参学得尺八??虚铎曲目后回日本开创了普化宗[种草R]尺八在元代以后逐渐没落而在日本却落地生根开花结果日本普化宗小乘宗都是用尺八作为修炼的禅器[种草R]杭州黄龙地铁口B口有块碑上面写着护国仁王寺遗址背面有尺八主庭字样就是杭州是尺八发源地的意思[种草R]朱老师吹萧时那是平和婉转的声音而尺八空灵悠扬声音更加粗犷表现力更加丰富朱老师在传承布依八音??同时也在推广尺八文化[种草R]茶??室另一位主理人黄老师来自武夷山深谙??茶叶文化整个茶????间即能闻??茶香又能沉浸式体验失传的管乐??心生欢喜乐哉,9,"祥符街道,吉祥里,小河直街,山外事,茶馆,武夷山岩茶,红茶,朱老师,布衣八音,非遗传承人,尺八,乐器,黄龙洞,护国仁王禅寺,杭州,发源地,黄老师,武夷山,茶叶文化,茶香,管乐",,,,,,,,,,,,,,,,,,,,,,
杭州打卡机位就在绿城吉祥里,7,"杭州,打卡机位,绿城吉祥里",,,,,,,,,,,,,,,,,,,,,,
周末人也不多 走走挺舒服,8,"周末,人也不多,走走,舒服",,,,,,,,,,,,,,,,,,,,,,
藏在吉祥里的墨绿色绝美复古空间??分上下二层器物之美让艺术诞生于日常??又是被器物治愈的一天,9,"墨绿色,复古,器物,艺术,日常,治愈",,,,,,,,,,,,,,,,,,,,,,
杭州绿城吉祥里?是杭州拱墅区的新晋文旅高地和打卡圣地位于祥符桥传统风貌街区占地170亩这,7,"绿城吉祥里,文旅高地,打卡圣地,祥符桥传统风貌街区",,,,,,,,,,,,,,,,,,,,,,
浙江杭州拱墅区的祥符里goa建筑师设计的两座桥还蛮有意思,7,"祥符里,goa建筑师,设计,桥,有意思",,,,,,,,,,,,,,,,,,,,,,
两条2条4米长的瞻淇鱼灯巡游整个社区10余条小鱼尾随其后周围人山人海热闹非凡??杭州.吉祥里??2024.12.29?我是一名行走的咛游摄影师 关注我可以看到更多杭州美景?,4,"瞻淇鱼灯,小鱼,人山人海,热闹非凡,杭州,吉祥里",,,,,,,,,,,,,,,,,,,,,,
也太太太太太太好拍了太美了还要再去无数次人有点懒其实是年后不久去的才整理出来住的地方是西湖边上的全季出门就有公交站入眼都是风景图片一张都舍不得删所以全放上了??没做攻略直接瞎玩去的地址是杭州博物馆??博物馆在山上要爬一个楼梯博物馆分南北馆图8连在一起里面也是楼梯相连的里面超级无敌多漂亮的文物图9至12还有很多可买的周边克制下我只挑了几个图13但是是今天再看也很美的存在最最重要的是杭州还有盗墓笔记大ip图14按照地址去可以打卡书店图15里的有些周边就是在书店里拍的吃饭的话不吃杭州本地菜还是有很多美食的如图17这家店18是萌妹子们会喜欢的中古店杭州有一条街走几步路就一家总之杭州你就去吧超好逛超好买无敌美的,9,"好拍,美,西湖边,全季,公交站,风景,杭州博物馆,山上,楼梯,南北馆,漂亮文物,周边,盗墓笔记,大IP,书店,中古店,美食",,,,,,,,,,,,,,,,,,,,,,
标题党一下至少是我自认为的[笑哭R]杭州几个做得好的非标准商业项目万科良渚玉鸟集万科天空之城小藤街绿城吉祥里(还没去过)保利时光里非标商业项目的定位应该是为附近3-5公里的居民提供购物中心一样的商业消费体验避免5-10公里的客流集中奔向某个商业综合体但又不同于传统写字楼或者小区底层沿街商业尽管大部分非标商业项目都是为了某个大楼盘提供商业价值继而带动楼盘价值但做的成功的真的不多非标商业项目要注意的连廊的连贯性为下雨天客流在屋檐下的动线的完整性相比较传统购物中心开放式街区要扩大自己的空间优势打造更丰富多变的空间感受和更加接近自然的室外体验在天然劣势上必须要有额外条件加成才能给非标商业项目更大的成功概率比如项目附近的高客质小区字楼公寓地铁口联通带来巨大客流保利时光里应该把非标项目需要的条件都具备了并且扩大了自己的优势还有额外加成除了天然零售品牌的劣势外餐饮品牌和体验业态非常好非常好非常好,8,"连廊,动线,空间优势,空间感受,室外体验,高客质小区,地铁口联通,餐饮品牌,体验业态",,,,,,,,,,,,,,,,,,,,,,
来杭州旅行不要光拍西湖了下面这9个杭州机位朋友圈都问爆了?057壹号码头?桥西直街财神庙?粮仓艺术公园?丝联166?绿城吉祥里?运河天地?武林夜市?白蓝地?小河直街,8,"桥西直街,粮仓艺术公园,丝联166,绿城吉祥里,运河天地,武林夜市,小河直街",,,,,,,,,,,,,,,,,,,,,,
照片是去年冬天拍的不知不觉在草稿箱里放得快跨年了类似吉祥里这样的街区杭州还有不少给它们一些时间长成文化地标何尝不是一种文艺复兴呢,7,"街区,时间,文化地标,文艺复兴",,,,,,,,,,,,,,,,,,,,,,
项目位于杭州市祥符单元内距离西湖核心风景区约9km总建筑面积约 37449.4 平方米项目南侧的 2 号楼和 3 号楼地上地下局部建设在全国重点文物保护单位大运河 -- 祥符桥的二类建设控制地带范围内项目建筑设计以宋代建筑的传统风貌为基调提取文化符号以现代的建筑材料表达传统意蕴形成特色首席商业街区该项目科肯平葺金属瓦铺装正如火如荼地进行中屋面干净利落期待整体完工后的最终效果项目名称祥福里建筑设计浙江当代建筑设计研究院有限公司屋面面积12000平米屋面材料科肯平葺金属瓦项目地址浙江省杭州市拱墅区祥符单元,7,"宋代建筑,传统风貌,文化符号,现代建筑材料,传统意蕴,特色首席商业街区,科肯平葺金属瓦铺装,屋面干净利落",,,,,,,,,,,,,,,,,,,,,,
祥符竟是南宋的皇家花木基地你知道祥符老街的来历么大中祥符是宋真宗赵恒的第三个年号承祥瑞符征之意公元1247年五里塘河开宦塘河通江达海作为大运河水系支流运河两岸商贾云集形成了祥符集镇祥符的花木名冠江南作为花道粮道的集散地一度是杭州的北门重镇如今的祥符老街不仅藏着清末民初的祥符茧行旧址五十年代的祥符桥粮仓还有被列入全国文保单位的祥符桥祥符桥横跨在五里塘河上五孔四墩明石暗木始建于南宋时期现存桥通长28米系明嘉靖二十二年1543重修作为杭州现存唯一的明代石梁桥桥面望柱头上雕饰覆莲及石狮技法纯熟形象生动为了保护祥符桥宦塘河上又修了平波桥卧虹桥如今的吉祥里历史风貌街区烟火气与潮流风尚古朴风霜与现代意匠在这里完美交融,8,"祥符,南宋,皇家花木基地,大中祥符,宋真宗赵恒,五里塘河,运河,商贾云集,祥符集镇,花木名冠江南,花道粮道,杭州北门重镇,祥符老街,清末民初,祥符茧行旧址,五十年代,祥符桥粮仓,全国文保单位,祥符桥,五里塘河,五孔四墩,明石暗木,南宋时期,桥通长28米,明嘉靖二十二年1543重修,明代石梁桥,桥面望柱头,雕饰覆莲,石狮,技法纯熟,形象生动,保护祥符桥,宦塘河,平波桥,卧虹桥,吉祥里历史风貌街区,烟火气,潮流风尚,古朴风霜,现代意匠",,,,,,,,,,,,,,,,,,,,,,
不是我说设计这个东西的人是个天才吧??今天和朋友去永福寺踏青被这幅现实版的花鸟图卷整个吸引住了梅花在画卷中跃然而出还吸引来了小鸟??这不就是现实版的花鸟卷山河社稷图吗??-??杭州永福寺??2025.3.9目前梅花盛花期-,9,"设计,天才,永福寺,花鸟图卷,梅花,小鸟,花鸟卷山河社稷图",,,,,,,,,,,,,,,,,,,,,,
杭州古荡瑜伽熊猫春天换春装大红色很适合它啊古荡地铁口C口出门就到有空可以去合影?,8,"瑜伽,熊猫,春天,换春装,大红色,古荡地铁口,合影",,,,,,,,,,,,,,,,,,,,,,
拱墅区小河直街和祥符老街跟着杭州电视台主持人安峰老师阿六头说新闻一起citywalk地道的杭州人和杭州话让我们走过的新街老街都鲜活起来一路上不断有粉丝上前与老师合影安峰老师始终笑容绽放[彩虹R]小河历史文化街区是杭州历史文化的活化石南宋始至清代中晚期各行各业店铺在小河地区扎下了根民国时期小河直街进行改建街巷和建筑风貌得以保存现今已成为体验杭州传统文化和运河生活的好去处安峰老师说这里是有烟火气的它不是纯粹的文化商业街很多一楼是商铺二楼是居所1我在小河很想你之考慧尔喊你来拷会儿小河喊您来约会啦地道的杭州话2酱园喜从天降之酱醋油酒茶情系千家酸甜苦辣咸香浮四季门口的对联是否很接地气这家始于1860年的酱作老店至今仍在那里传承3河埠头临河井据说当年对面酱园制酱用水就取自于临河井呢河埠头河岸边的那一只只可爱小石鸭有何寓意看下面孵坊便知4孵坊遗址现邈墨茶馆处民国时期每年春天孵坊便开始忙碌从甲方收取种蛋孵化成百上千的小鸡小鸭从河埠头出发销往各地远近闻名5小河驿国际昆曲会客厅昆曲艺术家杨崑老师的个人工作室是昆曲等传统文化的传播窗口据说听一曲杨崑老师的唱腔便会通体舒坦您不妨前往一试6姚宅现簪花小院民国时期永达木行创始人姚金淼自行设计并建造二层砖木结构住宅建筑是传统住宅向近代城市住宅转型的代表[彩虹R]祥符老街也是拱墅区一条历史悠久的街道它的名字来源于北宋宋真宗的年号它是杭州北门的重镇和水陆交通的枢纽老杭州们记忆中的那条老街还保留了茧行粮仓清末民居等历史建筑2023年改造后取名吉祥里正式开街改造不仅是对历史的尊重也是对现代生活方式的融合街区内始建于南宋明代重建的祥符桥已被重点保护近年另修建了一座新桥供人们通行站在新桥对古桥流水长长是否有阅尽江南良辰之感慨运河? ,9,"拱墅区,小河直街,祥符老街,杭州电视台,安峰老师,阿六头说新闻,citywalk,地道的杭州人,杭州话,新街老街,鲜活,历史文化街区,杭州历史文化,活化石,南宋,清代中晚期,民国时期,改建,街巷,建筑风貌,传统文化,运河生活,烟火气,文化商业街,商铺,居所,小河很想你,考慧尔,拷会儿,约会,杭州话,酱园喜从天降,酱醋油酒茶,情系千家,酸甜苦辣咸,对联,1860年,酱作老店,传承,河埠头,临河井,孵坊遗址,邈墨茶馆,民国时期,种蛋,孵化,小鸡,小鸭,河埠头,销往,远近闻名,小河驿,国际昆曲会客厅,昆曲艺术家,杨崑老师,个人工作室,传统文化,传播窗口,唱腔,通体舒坦,姚宅,簪花小院,永达木行,姚金淼,自行设计,建造,二层砖木结构住宅建筑,传统住宅,近代城市住宅,转型,祥符老街,拱墅区,历史悠久,北宋,宋真宗,年号,杭州北门,重镇,水陆交通,枢纽,老杭州,茧行粮仓,清末民居,历史建筑,2023年,改造,吉祥里,开街,历史,尊重,现代生活方式,融合,街区,南宋,明代,重建,祥符桥,重点保护,新桥,古桥流水,江南良辰,运河",,,,,,,,,,,,,,,,,,,,,,
6.15去工人文化宫的路上发现有一片凌霄花开放再看有个漂亮的书店?餐厅@谢谢书香 接着才发现这里有个历史建筑群叫五福里建筑群曾经是民国时期的高档住宅区出了龙翔桥地铁站没多远就能看到确实地理位置很好杭州传统石库门里弄建筑中西风格结合展现民国时期独特的建筑风格青砖实砌的墙红木格窗各种生活物品堆在巷子里有种生活的松弛感充满了生活气息绿化植被也很好看硬骨凌霄飘香藤架子上还有葡萄是个宝藏街区很小一个但是值得去看,9,"凌霄花,漂亮书店,餐厅,五福里建筑群,高档住宅区,龙翔桥,地理位置,石库门里弄建筑,中西风格结合,民国时期,青砖实砌,红木格窗,生活物品,巷子,生活气息,绿化植被,硬骨凌霄,飘香藤,葡萄,宝藏街区",,,,,,,,,,,,,,,,,,,,,,
路过吉祥里进去吃了个晚饭没什么新店感觉还有很多关门了碰巧赶上周年庆也没什么人气说实话定位有点尴尬除了吃饭喝茶人气也一般总觉得缺乏停留的理由,3,"吉祥里,晚饭,新店,关门,周年庆,人气,定位,吃饭,喝茶",,,,,,,,,,,,,,,,,,,,,,
绿城的吉祥里真的人少[笑哭R]这个时候来杭州还是长裤长裙吧蚊或虫真的多[笑哭R][笑哭R][笑哭R]虽然不冷不热但是短裤真的不敢穿出去[睡觉R][睡觉R][睡觉R]小河直街可以遛遛水上巴士可以去武林码头坐到拱宸桥体验一下明天游西湖[睡觉R][睡觉R][睡觉R],1,"小河直街,水上巴士,武林码头,拱宸桥,游西湖",,,,,,,,,,,,,,,,,,,,,,
人少好逛还有巡游快来,8,人少,好逛,巡游,,,,,,,,,,,,,,,,,,,,
最近的杭州为何满城飘香你闻到了吗 供稿杭州综合频道?,8,"新市古镇,白墙黑瓦,水泥装饰,新潮业态,烟火气,文化底蕴,独特魅力,热闹非凡,传统文化,现代元素",,,,,,,,,,,,,,,,,,,,,,
吉祥里还是很适合散步的古色古香的商场却有让人安静的力量晚风轻轻吹过脸颊的时候就会暂时忘记生活的烦恼耶河那边的亭子里有一位奶奶咿呀咿呀唱歌一位爷爷在和声真希望时间暂停能不能放假久点啊,9,"吉祥里,古色古香,商场,安静,晚风,烦恼,河,亭子,奶奶,唱歌,爷爷,和声,时间暂停,放假",,,,,,,,,,,,,,,,,,,,,,
吉祥里周末的活动可谓丰富多彩看完了潮汕英歌舞在几何书店的二楼三位古装美女小姐姐天台音乐会正上演着唱的都是耳熟能详的邓丽君的歌曲听着音乐摇曳身姿甚是惬意,9,"丰富多彩,潮汕英歌舞,几何书店,古装美女小姐姐,天台音乐会,邓丽君,歌曲,音乐,摇曳身姿,惬意",,,,,,,,,,,,,,,,,,,,,,
2025年春节申遗中国传统文化又掀起了一波纹样新浪潮这次和杭州宋韵文化地标南宋德寿宫遗址博物馆深度合作了一次新春艺术展陈项目/以屏风开局聚焦纹样之美B.B.S@BBS创意工作室 企划了喜纹乐见 . 屏行世界东方美学系列艺术展首展这也是我们团队推出的文旅IP艺术年全新企划项目/我认为喜纹乐见 . 屏行世界是对传统文化的一个致敬更是一种东方智慧与现代审美的激情碰撞对于选择屏风+纹样作为此次展览美陈部分的创作背景完全取决于团队本身对传统文化再创新的高度认同感/希望今年可以创作更多以新中式纹样为题的作品在已巳年里传递喜巳连连的美好生活[耶R],9,"屏风,纹样,传统文化,东方美学,现代审美,新中式",,,,,,,,,,,,,,,,,,,,,,
"打卡杭州地标绿城吉祥里古色古香环境优美围绕宋韵生活艺术潮流户外自然等主题持续开展国风运动会花神集会游园市集等活动并在近日获评20232024年拱墅区文化创意街区成为文旅消费的新兴聚集地吉祥里是国内为数不多的由古建筑保护旧街区改造和新商业开发组成的一个复合体凝结着杭州的城市情结在规划设计时充分吸纳水""元素在河两岸铺出两条开放式的滨水商业街区适合闲暇时逛吃逛吃拍照打卡??",9,"古色古香,环境优美,宋韵,生活艺术,潮流,户外自然,国风运动会,花神集会,游园市集,文化创意街区,文旅消费,新兴聚集地,古建筑保护,旧街区改造,新商业开发,复合体,城市情结,水元素,滨水商业街区,逛吃逛吃,拍照打卡",,,,,,,,,,,,,,,,,,,,,,
春天到啦祥符桥吉祥里花神活动22号正式开启,8,"春天,祥符桥,吉祥里,花神活动",,,,,,,,,,,,,,,,,,,,,,
来这里吃舟山海鲜面竟然碰到了绿城吉祥里的十二花神巡游运气针不戳啊,9,"舟山海鲜面,绿城吉祥里,十二花神巡游,运气针不戳",,,,,,,,,,,,,,,,,,,,,,
元宵节杭州吉祥里祥符老街爆燃英歌舞下上期说了有所谓不武不英歌潮汕英歌又被誉为中华战舞确实英歌是一种糅合南派武术?地方戏剧等多种元素为一体的民间舞蹈英歌舞流传至今已有300多年的历史它取材与歌颂于中国民间广为流传的梁山好汉的英雄故事英歌即英雄之歌简称英歌舞通过刚劲有力的舞步和锣鼓的节奏展现英雄豪迈之气传递正义与勇气舞的畅快爽朗舞的荡气回肠舞的慷慨激昂本组图片中均是20岁左右的英歌舞者更是荷尔蒙爆棚敲锣打鼓与击棍起舞有使不完的劲你若在现场一定会被英歌舞所感染吉祥里主办者在宣传招贴画中称潮汕英歌热血贺岁最强元宵气氛组一点没说错英歌将元宵气氛直接燃爆本组图片于2025年2月14日元宵节晚拍摄于杭州吉祥里的英歌舞,9,"英歌舞, 南派武术, 地方戏剧, 梁山好汉, 英雄故事, 刚劲有力, 锣鼓, 节奏, 英雄豪迈, 正义, 勇气, 荷尔蒙, 敲锣打鼓, 击棍起舞, 热血贺岁, 元宵气氛组",,,,,,,,,,,,,,,,,,,,,,
杭州市上城区湖滨 in77 西子连廊浙江省文化馆携手众多艺术单位打造 文艺赋美 盲盒音乐会看过现场真的有惊喜,77,"湖滨,in77,西子连廊,浙江省文化馆,文艺赋美,盲盒音乐会",,,,,,,,,,,,,,,,,,,,,,
元宵节杭州吉祥里祥符老街爆燃英歌舞下上期说了有所谓不武不英歌潮汕英歌又被誉为中华战舞确实英歌是一种糅合南派武术?地方戏剧等多种元素为一体的民间舞蹈英歌舞流传至今已有300多年的历史它取材与歌颂于中国民间广为流传的梁山好汉的英雄故事英歌即英雄之歌简称英歌舞通过刚劲有力的舞步和锣鼓的节奏展现英雄豪迈之气传递正义与勇气舞的畅快爽朗舞的荡气回肠舞的慷慨激昂本组图片中均是20岁左右的英歌舞者更是荷尔蒙爆棚敲锣打鼓与击棍起舞有使不完的劲你若在现场一定会被英歌舞所感染吉祥里主办者在宣传招贴画中称潮汕英歌热血贺岁最强元宵气氛组一点没说错英歌将元宵气氛直接燃爆本组图片于2025年2月14日元宵节晚拍摄于杭州吉祥里的英歌舞,9,"元宵节,杭州,吉祥里,祥符老街,英歌舞,南派武术,地方戏剧,民间舞蹈,梁山好汉,英雄故事,英雄豪迈,正义,勇气,舞步,锣鼓,节奏,荷尔蒙,热血贺岁,最强元宵气氛组",,,,,,,,,,,,,,,,,,,,,,
??杭州其实很少有这种非遗的项目所以当知道有这种鱼灯表演的时候便期待上了??活动是在绿城吉祥里我们到的时候就四点多了有不少的圣诞的装饰还有些积印章的活动可惜太火爆了连续两次都没有领到卡片??各个地方都装饰了灯笼之类的东西晚上灯一亮非常有味道五点的时候还有古筝表演喷射了不少的泡沫非常像雪花??鱼灯活动五点半开始真人山人海太多人了前面举牌子的大娘像是赶场子一样跑的贼快和后面部队都脱节了??大鱼灯就两个不过后面跟了一群小鱼挺好玩的总体来说主办方搞的不错各种氛围挺赞的值得一看??地址拱墅区祥符街道祥符路与大吉路交叉口向北30米??交通比较便利2号线三墩站下车??附近拱墅运河体育公园浙大艺术与考古博物馆,8,"非遗,鱼灯表演,绿城吉祥里,圣诞装饰,积印章活动,灯笼,古筝表演,泡沫,雪花,鱼灯活动,大鱼灯,小鱼,主办方,氛围",,,,,,,,,,,,,,,,,,,,,,
绿城吉祥里坐落于杭州祥符路与大吉路交叉口建筑融合传统江南院落与现代元素低密且空间规划合理有几何书店等文艺店老头油爆虾等美食店集文化与商业于一体独特又迷人在这古风庭院与现代设计融合的商区举办了祥符长桌宴让大家相聚于此先来说说菜品杭州卤鸭那浓郁醇厚的卤汁完全沁入鸭肉之中每一口都散发着独特的酱香鸭肉鲜嫩多汁糖醋里脊外酥里嫩酸甜可口的酱汁包裹着里脊肉一口咬下去先是酥脆的外皮在齿间发出声响接着是嫩滑的肉香在舌尖散开猪肉炖粉条粉条吸满了猪肉的香味猪肉肥而不腻入口即化小鲍鱼烧茄子鲍鱼的鲜美与茄子的软糯完美融合鲜香味美金汤酸菜鱼鱼肉鲜嫩爽滑金汤酸辣开胃让人欲罢不能生炒黄牛肉牛肉火候恰到好处嚼劲十足香气四溢等等菜品饮品有精酿啤酒咖啡气泡水等畅饮吉祥里繁华街区却有着闹中取静的惬意古色古香的屋檐与现代的商铺相得益彰在这里既能品尝到美食又能感受独特的地域文化如果你来这座城市一定不要错过吉祥里已入驻品牌老头油爆虾奈雪星巴克觅香火锅人类的明天等等一起city起来,10,"绿城吉祥里,杭州祥符路,大吉路,传统江南院落,现代元素,低密,空间规划合理,几何书店,文艺店,老头油爆虾,美食店,文化,商业,古风庭院,现代设计,祥符长桌宴,杭州卤鸭,卤汁,鸭肉,酱香,糖醋里脊,外酥里嫩,酸甜可口,猪肉炖粉条,鲍鱼烧茄子,金汤酸菜鱼,精酿啤酒,咖啡,气泡水,繁华街区,闹中取静,古色古香屋檐,现代商铺,地域文化,老头油爆虾,奈雪,星巴克,觅香火锅,人类的明天",,,,,,,,,,,,,,,,,,,,,,
元宵节杭州吉祥里祥符老街爆燃英歌舞上杭州现在春节与元宵节与以往相比活动多太多了以前过年通常举办个灯会猜灯迷最多来个舞狮舞龙已经是很喜庆的事了现在除了保留这些传统年俗活动之外这新增添了非遗打铁花风火轮火壶盒子灯舞渔灯变脸傩戏表演与英歌舞等杭州市区这过大年的几乎集全了中国民间年俗的所有传统活动以前说城里过春节没有年味现在年味足的很有些甚至比农村年味还浓热闹的很本组图片于2025年2月14日元宵节晚拍摄于杭州吉祥里的英歌舞非常劲爆有所谓不武不英歌潮汕英歌又被誉为中华战舞如果你亲临现场英歌舞绝对会让你血脉贲张热血沸腾密锣紧鼓与舞者击棍声和吆喝声仿佛回到了韩信点兵的古战场也许是我孤陋寡闻除了陕北大鼓很少有像英歌舞的锣鼓声给人以热血震撼的压迫感那是一种视生死置之度外勇士赴汤滔火奋勇向前的浴血奋战气势何为热血英歌是也为了烘托英歌舞的气氛图片后期作了电影色调的处理杭州吉祥里,9,"元宵节,杭州,吉祥里,祥符老街,英歌舞,春节,活动,灯会,猜灯迷,舞狮,舞龙,传统年俗,非遗打铁花,风火轮,火壶,盒子灯,舞渔灯,变脸,傩戏,表演,过大年,民间年俗,传统活动,年味,热闹,潮汕英歌,中华战舞,密锣紧鼓,击棍声,吆喝声,韩信点兵,古战场,热血震撼,压迫感,勇士,赴汤滔火,浴血奋战,电影色调",,,,,,,,,,,,,,,,,,,,,,
城北老街改造而成的新片区吉祥里羡野美术馆坐落于这个街区趁着近期有新展开幕去逛了下去年住明月松间的时候有认识羡野这个品牌整个美术馆分三层结合了艺术商店展览空间和公共活动区用色和材料大胆前卫螺旋式的金属感楼梯如同任意门原来地下还藏着一个更大的展览空间布拉格红的小房间像是欧洲的小剧场后台光影效果唯美动人忍不住和闺蜜互拍了起来简直戏精上身????? 空间设计利落建造 lialawlab 丽娅?? @教主tips 羡野美术馆??? 展览mundane /小线 张剡锋??展期2024.5.18 (六) - 7.18 (四)?? 时间14:00 - 19:00丨周一闭馆?? 地址杭州市拱墅区祥符南街268号5幢103室,9,"吉祥里,羡野美术馆,艺术商店,展览空间,公共活动区,用色,材料,金属感楼梯,展览空间,布拉格红,小房间,光影效果",,,,,,,,,,,,,,,,,,,,,,
吉祥里不是工作日 就略显清冷当然还是有点雨太热闹 会不能独享一树花这里的花是个人赛当然也有小团队最漂亮的是中心位置诗与远方造型后面两个小巧的月季长廊基本上成人是不能走进去的恰好可以转圈圈可惜几何书店那里还没有月季花攻略公交坐到祥符桥站走到五里塘河边时间早可以看古祥符桥作为全国重点文保包含在大运河遗址里她比拱宸桥还古老,6,"清冷,雨,热闹,独享,花,中心位置,诗与远方,造型,月季长廊,几何书店,祥符桥,五里塘河,古祥符桥,拱宸桥",,,,,,,,,,,,,,,,,,,,,,
2025年4月4日夜杭州市拱墅区祥符桥街区268号绿城吉祥里花开吉祥祥符花朝节之十二花神巡游盛典,2025,"祥符桥街区,绿城吉祥里,花开吉祥,祥符花朝节,十二花神巡游盛典",,,,,,,,,,,,,,,,,,,,,,
一日游路线从湖滨三公园出发沿湖岸步行至柳浪闻莺欣赏湖边柳色与黄莺啼鸣接着前往雷峰塔参观这座标志性建筑并俯瞰西湖景色再乘坐游船前往三潭印月打卡一元人民币背面图案取景地下船后到花港观鱼观赏红鱼在水中畅游然后漫步苏堤感受湖光山色之后前往曲院风荷夏季可赏荷花盛开再到孤山公园参观西泠印社等古迹最后经白堤返回路过断桥残雪- 两日游路线第一天游玩湖滨三公园柳浪闻莺雷峰塔净慈寺南屏晚钟花港观鱼苏堤等景点第二天从断桥残雪出发走过白堤到孤山公园游览平湖秋月西泠印社等接着前往曲院风荷再去岳王庙最后可到杨公堤茅家埠等地欣赏西湖别样风光交通指南- 外部交通外地游客可选择乘坐飞机抵达萧山国际机场再通过机场大巴地铁等方式前往西湖或乘坐火车到杭州站杭州东站杭州站距离西湖较近出站后可步行或乘坐公交前往- 内部交通西湖周边有完善的公交网络可到达大部分景点还可选择地铁龙翔桥站凤起路站等离西湖较近此外景区内有电瓶车招手即停方便快捷住宿推荐- 奢华型杭州西子湖四季酒店隐匿于西湖深处环境优美杭州法云安缦是禅意茶园古村风格充满特色罗莱夏朵杭州紫萱度假村隐迹于林水之间还拥有米其林餐厅- 亲子型绿城杭州玫瑰园度假酒店有孔雀和黑天鹅适合带孩子游览杭州千禧度假酒店亲子设施齐全恒温泳池很赞- 美景型浙江西子宾馆汪庄西湖名园近靠湖边景色宜人杭州西湖国宾馆西湖第一名园窗外湖光山色美不胜收美食推荐- 杭帮菜餐厅杭州酒家的东坡肉知味观味庄的蟹酿橙楼外楼的西湖醋鱼都是经典杭帮菜值得一试- 特色小吃店方老大面的茄汁拌川奎元馆的虾爆鳝面深受当地人及游客喜爱,8,"湖滨三公园,柳浪闻莺,雷峰塔,西湖,三潭印月,花港观鱼,苏堤,曲院风荷,孤山公园,西泠印社,断桥残雪,萧山国际机场,杭州站,杭州东站,杭州西子湖四季酒店,杭州法云安缦,罗莱夏朵杭州紫萱度假村,绿城杭州玫瑰园度假酒店,杭州千禧度假酒店,浙江西子宾馆,杭州西湖国宾馆,杭州酒家,知味观味庄,楼外楼,方老大面,奎元馆",,,,,,,,,,,,,,,,,,,,,,
杭州打卡拍照????运河天地??绿城吉祥里??杭州之门,7,"杭州,打卡,拍照,运河天地,绿城吉祥里,杭州之门",,,,,,,,,,,,,,,,,,,,,,
春水碧于天画船听雨眠专为花朝节打造的花船快闪持续到4月6号赶紧穿上汉服来拍大片4月4日-4月6日还有花神巡游花朝集章芳菲市集现场超级好逛tip:穿汉服加入花神巡游还有伴手礼哦欢迎各位同袍来吉祥里过春天,9,"春水,画船,花船快闪,汉服,花神巡游,花朝集章,芳菲市集,伴手礼,同袍,吉祥里",,,,,,,,,,,,,,,,,,,,,,
经过将近一年的开业时间吉祥里商业街越来越社区化很多人来遛娃也有人来看看书喝杯咖啡交流我们新增了手工制作和花艺也是为了更好的去体验遇上夏季我们还出品了鲜花x咖啡组合围炉缤纷水果茶,8,"社区化, 遛娃, 看书, 喝咖啡, 交流, 手工制作, 花艺, 体验, 鲜花, 咖啡, 围炉, 缤纷水果茶",,,,,,,,,,,,,,,,,,,,,,
城西古荡地铁口的绿植吉祥物继一年的绿兔子开花的兔子??后换新成了跳舞的小熊猫??囧囧憨憨的样子太可爱了,9,"绿植,吉祥物,跳舞,小熊猫,囧囧,憨憨,可爱",,,,,,,,,,,,,,,,,,,,,,
元宵节杭州吉祥里祥符老街爆燃英歌舞下上期说了有所谓不武不英歌潮汕英歌又被誉为中华战舞确实英歌是一种糅合南派武术?地方戏剧等多种元素为一体的民间舞蹈英歌舞流传至今已有300多年的历史它取材与歌颂于中国民间广为流传的梁山好汉的英雄故事英歌即英雄之歌简称英歌舞通过刚劲有力的舞步和锣鼓的节奏展现英雄豪迈之气传递正义与勇气舞的畅快爽朗舞的荡气回肠舞的慷慨激昂本组图片中均是20岁左右的英歌舞者更是荷尔蒙爆棚敲锣打鼓与击棍起舞有使不完的劲你若在现场一定会被英歌舞所感染吉祥里主办者在宣传招贴画中称潮汕英歌热血贺岁最强元宵气氛组一点没说错英歌将元宵气氛直接燃爆本组图片于2025年2月14日元宵节晚拍摄于杭州吉祥里的英歌舞,9,"英歌舞, 英雄之歌, 英雄豪迈之气, 正义, 勇气, 荷尔蒙, 燃爆, 元宵气氛",,,,,,,,,,,,,,,,,,,,,,
昨晚又在鸟檐喝到12点我们几个人每月会在这里聚一次吃闫师傅准备的各种好看的鱼和苏师傅在那扇玻璃后面烤的烧鸟漫长的聊天碰杯子一次次把那个很重的板前椅子拉出来推回去断片儿大声笑也哭刚刚我打开相册发现从一年前开始每隔一段时间就会有在鸟檐的照片然后就会想到哦那天发生了那件事她分享了那个重要的人生时刻她唱了那首歌她为那个人哭就是会想到我第一次去就知道还会有无数次你不得不相信磁场纠缠化学反应这种事我一直都和别人说鸟檐的食物是杭州天花板其实虽然已经去过那么多号称是天花板的餐厅但没有一个地方给过我如此幸福的体验这个幸福包括好吃但不只是好吃我们来这儿不只是吃东西我们来这儿是为了分享我昨天是这么和朋友们说的我好喜欢鸟檐呀因为我觉得他们好尊重小朋友我的女儿是这么和我说的鸟檐的外面有一个露台两棵好看的树一条河一座桥树上挂着一些风铃有一个晚上喝了很多酒之后不知道过了多长时间风铃响起来忽然春雷滚滚很细的雨斜着飞过来我看了一眼手机3:49有一条毯子有一座闪光的银色屋檐有朋友在身边后来没有日出但是天也亮了所以我不知道我能不能把这家餐厅分享给其他人但我祝愿你在你的城市也能遇到这样的餐厅为了鸟檐能长命百岁现在我要把小红书给我提示的所有tag都给他放上,10,"鸟檐,闫师傅,苏师傅,鱼,烧鸟,聊天,板前椅子,相册,照片,磁场,纠缠,化学反应,食物,杭州天花板,餐厅,幸福,分享,小朋友,女儿,露台,树,河,桥,风铃,春雷,雨,毯子,银色屋檐,朋友,日出,小红书,tag",,,,,,,,,,,,,,,,,,,,,,
元宵节杭州吉祥里祥符老街爆燃英歌舞上杭州现在春节与元宵节与以往相比活动多太多了以前过年通常举办个灯会猜灯迷最多来个舞狮舞龙已经是很喜庆的事了现在除了保留这些传统年俗活动之外这新增添了非遗打铁花风火轮火壶盒子灯舞渔灯变脸傩戏表演与英歌舞等杭州市区这过大年的几乎集全了中国民间年俗的所有传统活动以前说城里过春节没有年味现在年味足的很有些甚至比农村年味还浓热闹的很本组图片于2025年2月14日元宵节晚拍摄于杭州吉祥里的英歌舞非常劲爆有所谓不武不英歌潮汕英歌又被誉为中华战舞如果你亲临现场英歌舞绝对会让你血脉贲张热血沸腾密锣紧鼓与舞者击棍声和吆喝声仿佛回到了韩信点兵的古战场也许是我孤陋寡闻除了陕北大鼓很少有像英歌舞的锣鼓声给人以热血震撼的压迫感那是一种视生死置之度外勇士赴汤滔火奋勇向前的浴血奋战气势何为热血英歌是也,9,"元宵节,杭州,吉祥里,祥符老街,英歌舞,春节,活动,传统年俗,灯会,猜灯迷,舞狮,舞龙,非遗,打铁花,风火轮,火壶,盒子灯,舞渔灯,变脸,傩戏表演,过大年,民间年俗,传统活动,年味,热闹,潮汕英歌,中华战舞,血脉贲张,热血沸腾,密锣紧鼓,击棍声,吆喝声,韩信点兵,古战场,视生死置之度外,勇士,赴汤滔火,奋勇向前,浴血奋战,气势,热血英歌",,,,,,,,,,,,,,,,,,,,,,
好久没逛书店了发一个前段时间去逛的书店几何书店在吉祥里街区不大五脏俱全餐饮小店闲坐遛娃都可以实现最意想不到的可能就是这家几何书店了吧在吉祥里的里面有露台的两层小楼乍一看栅栏上好像有字仔细一看是几何书店文艺的味儿有了请原谅散光人士裸眼有时候真的一眼没看到[害羞R]一楼喝咖啡??几张椅子有阳光时随意坐坐晒晒太阳好不惬意走上旋转楼梯便是二楼书店的空间说起这个旋转楼梯就像脱口秀里和女友旅行热衷住loft一样哪个爱拍照的女孩子不热爱楼梯并且还是旋转楼梯简直是要尖叫的节奏这旋转楼梯的扶手是凹凸不平的白色矮墙好像在一步步走进童话里精灵的家在这里穿古灵精怪的衣服肯定很出片二楼书店蛮宽敞的在最显眼的地方摆放着最近热门的书刊往里面走做成拱形的走廊一面墙上装了两排橙黄色透明亚克力隔板摆放着书籍和小物件另一面贴满橙黄色长条瓷砖的半墙上放得一排整齐的外文书至于卖不卖就不知道了或许有些是珍藏的呢再往里面走是书架的地方了经济哲学儿童少年文学艺术和文创还有两张小圆桌走到里面回头一看发现刚走过的那个拱形走廊旁边还有一个拱形走廊这或许就是读者会莫名喜欢上某个地点的原因吧继续转回到旋转楼梯的上来的地方一排书架上摆满了考公的资料也对诗与远方也要先吃饱肚子存在即合理这些书也没什么二楼书店可以去露台露台很长摆了许多桌椅能想象得出天气好的时候和朋友家人在这里喝喝咖啡聊聊天看看旁边追逐的孩子生活的美好就这么脑补出来了即便是自己一个人随手拿一本书看看保不齐就遇到了喜欢的阴天晴天也无所谓了其实几何书店最大的惊喜是在二楼有一间很宽敞的剧场里面有小朋友的桌椅可想这里一直有孩子们的欢乐看到有投影或许这里也有大人的笑声在这样的书店里还有专门的空间去容纳人们对共同喜爱的渴望实属难得趁着初冬阳光??还暖不如去这里重构我们的精神角落,9,"几何书店,吉祥里街区,露台,两层小楼,栅栏,旋转楼梯,白色矮墙,童话,精灵,古灵精怪,橙黄色透明亚克力隔板,书籍,小物件,橙黄色长条瓷砖,半墙,外文书,拱形走廊,书架,经济哲学,儿童少年文学,艺术,文创,小圆桌,考公资料,诗与远方,吃饱肚子,存在即合理,剧场,小朋友桌椅,投影,大人的笑声,初冬阳光",,,,,,,,,,,,,,,,,,,,,,
祥睦桥地铁5/10号线和睦站A出口出站后沿萍水东街向东北方向步行至运河吉如睦祥公寓祥睦桥沿东北方向转入严家桥街位于吉如家园南门旁华祥桥地铁3号线华丰路站出站于西南侧换乘125路或99路公交车在华祥桥站下车沿华中南路往北步行至留石高架路下方长睦家苑地铁3号线丁桥站D出口花园BOX花园岗街花园岗大厦花园岗地铁站地铁10号线花园岗站,6,祥睦桥,地铁,和睦站,萍水东街,运河,吉如睦祥公寓,严家桥街,吉如家园,华祥桥,地铁3号线,华丰路站,125路,99路公交车,华祥桥站,华中南路,留石高架路,长睦家苑,丁桥站,花园BOX,花园岗街,花园岗大厦,花园岗地铁站,地铁10号线
清明假期活动合集来了??快带上你那些平时班味很重的朋友一起来这里玩吧????1??大娃怪市??时间4月4日-4月6日 13:00-22:00??地址杭州湖滨银泰in77E区5F??地铁1号线龙翔桥C口步行300m??19.9起大娃怪市终于又来杭州了让我们在各种奇趣怪异的商品里各种复古风潮流范的穿搭里一起享受这个充满惊喜的奇幻世界??-2??杀青角色only展??时间4月4日??地址杭州市杭州大厦中央商场B2南面策展区??地铁一号线/三号线武林广场D口仅限cos杀青角色或杀青角色亲友入场??微剧本杀集章互动游戏随机舞蹈coser表演等你来玩-3??凤凰里咖啡生活节市集??时间4月4日-4月13日??地址杭州市上城区凤凰里手作达人/独立品牌/文创艺术/轻食咖啡/非遗传承/趣味互动超多有趣的摊位等你来逛??-4??野雀咖啡面包节??时间4月3日-4月7日12:00-20:00??地址杭州玉鸟集????杭州咖啡面包脑袋速来玉鸟集集合??咖啡香浓面包真的太诱人-5??祥符花朝节春日盛宴??时间4月4日-4月6日??地址吉祥里????花神巡游花神走秀百花齐放真的太美了呜呜??还有各种文化活动精彩纷呈让你在赏花的同时也能感受到浓厚的文化氛围-6??太子湾郁金香花展??时间即日起-4月13日??地址太子湾公园????郁金香??真的太美了随便一拍就是出片错过了又要等一年??-7?? 绿野小森林??时间4月4日-6日清明假期4月12日-13日周六周日??杭州长乐林场?? 快来一场治愈系的森林奇遇吧????森林集市??蘑菇屋森林画廊手工工作坊等你来玩??-?,9,"清明假期,大娃怪市,奇趣怪异的商品,复古风潮流范的穿搭,杀青角色only展,微剧本杀,集章互动游戏,随机舞蹈,coser表演,凤凰里咖啡生活节市集,手作达人,独立品牌,文创艺术,轻食咖啡,非遗传承,趣味互动,野雀咖啡面包节,祥符花朝节春日盛宴,花神巡游,花神走秀,太子湾郁金香花展,郁金香,绿野小森林,森林集市,蘑菇屋,森林画廊,手工工作坊",,,,,,,,,,,,,,,,,,,,,,
今晚的吉祥里[派对R]@杭州吉祥里杭州人民热情似火?????好多游客大老远赶来观鱼灯,9,"吉祥里,杭州,热情,游客,鱼灯",,,,,,,,,,,,,,,,,,,,,,
元宵节杭州吉祥里祥符老街爆燃英歌舞上杭州现在春节与元宵节与以往相比活动多太多了以前过年通常举办个灯会猜灯迷最多来个舞狮舞龙已经是很喜庆的事了现在除了保留这些传统年俗活动之外这新增添了非遗打铁花风火轮火壶盒子灯舞渔灯变脸傩戏表演与英歌舞等杭州市区这过大年的几乎集全了中国民间年俗的所有传统活动以前说城里过春节没有年味现在年味足的很有些甚至比农村年味还浓热闹的很本组图片于2025年2月14日元宵节晚拍摄于杭州吉祥里的英歌舞非常劲爆有所谓不武不英歌潮汕英歌又被誉为中华战舞如果你亲临现场英歌舞绝对会让你血脉贲张热血沸腾密锣紧鼓与舞者击棍声和吆喝声仿佛回到了韩信点兵的古战场也许是我孤陋寡闻除了陕北大鼓很少有像英歌舞的锣鼓声给人以热血震撼的压迫感那是一种视生死置之度外勇士赴汤滔火奋勇向前的浴血奋战气势何为热血英歌是也,9,"元宵节,杭州,吉祥里,祥符老街,英歌舞,春节,传统年俗,灯会,猜灯迷,舞狮,舞龙,非遗,打铁花,风火轮,火壶,盒子灯,舞渔灯,变脸,傩戏,英歌,潮汕英歌,中华战舞,密锣紧鼓,击棍声,吆喝声,韩信点兵,热血",,,,,,,,,,,,,,,,,,,,,,
清明假期活动合集来了??快带上你那些平时班味很重的朋友一起来这里玩吧????1??大娃怪市??时间4月4日-4月6日 13:00-22:00??地址杭州湖滨银泰in77E区5F??地铁1号线龙翔桥C口步行300m??19.9起大娃怪市终于又来杭州了让我们在各种奇趣怪异的商品里各种复古风潮流范的穿搭里一起享受这个充满惊喜的奇幻世界??-2??杀青角色only展??时间4月4日??地址杭州市杭州大厦中央商场B2南面策展区??地铁一号线/三号线武林广场D口仅限cos杀青角色或杀青角色亲友入场??微剧本杀集章互动游戏随机舞蹈coser表演等你来玩-3??凤凰里咖啡生活节市集??时间4月4日-4月13日??地址杭州市上城区凤凰里手作达人/独立品牌/文创艺术/轻食咖啡/非遗传承/趣味互动超多有趣的摊位等你来逛??-4??野雀咖啡面包节??时间4月3日-4月7日12:00-20:00??地址杭州玉鸟集????杭州咖啡面包脑袋速来玉鸟集集合??咖啡香浓面包真的太诱人-5??祥符花朝节春日盛宴??时间4月4日-4月6日??地址吉祥里????花神巡游花神走秀百花齐放真的太美了呜呜??还有各种文化活动精彩纷呈让你在赏花的同时也能感受到浓厚的文化氛围-6??太子湾郁金香花展??时间即日起-4月13日??地址太子湾公园????郁金香??真的太美了随便一拍就是出片错过了又要等一年??-7?? 绿野小森林??时间4月4日-6日清明假期4月12日-13日周六周日??杭州长乐林场?? 快来一场治愈系的森林奇遇吧????森林集市??蘑菇屋森林画廊手工工作坊等你来玩??-?,10,"清明,假期,活动,大娃怪市,奇趣怪异,商品,复古风,潮流范,穿搭,惊喜,奇幻,杀青角色only展,cos,杀青角色,亲友,微剧本杀,集章互动游戏,随机舞蹈,coser表演,凤凰里咖啡生活节市集,手作达人,独立品牌,文创艺术,轻食咖啡,非遗传承,趣味互动,野雀咖啡面包节,咖啡,面包,祥符花朝节,春日盛宴,花神巡游,花神走秀,百花齐放,文化活动,太子湾郁金香花展,郁金香,绿野小森林,森林集市,蘑菇屋,森林画廊,手工工作坊,治愈系,森林奇遇",,,,,,,,,,,,,,,,,,,,,,
好久没逛书店了发一个前段时间去逛的书店几何书店在吉祥里街区不大五脏俱全餐饮小店闲坐遛娃都可以实现最意想不到的可能就是这家几何书店了吧在吉祥里的里面有露台的两层小楼乍一看栅栏上好像有字仔细一看是几何书店文艺的味儿有了请原谅散光人士裸眼有时候真的一眼没看到[害羞R]一楼喝咖啡??几张椅子有阳光时随意坐坐晒晒太阳好不惬意走上旋转楼梯便是二楼书店的空间说起这个旋转楼梯就像脱口秀里和女友旅行热衷住loft一样哪个爱拍照的女孩子不热爱楼梯并且还是旋转楼梯简直是要尖叫的节奏这旋转楼梯的扶手是凹凸不平的白色矮墙好像在一步步走进童话里精灵的家在这里穿古灵精怪的衣服肯定很出片二楼书店蛮宽敞的在最显眼的地方摆放着最近热门的书刊往里面走做成拱形的走廊一面墙上装了两排橙黄色透明亚克力隔板摆放着书籍和小物件另一面贴满橙黄色长条瓷砖的半墙上放得一排整齐的外文书至于卖不卖就不知道了或许有些是珍藏的呢再往里面走是书架的地方了经济哲学儿童少年文学艺术和文创还有两张小圆桌走到里面回头一看发现刚走过的那个拱形走廊旁边还有一个拱形走廊这或许就是读者会莫名喜欢上某个地点的原因吧继续转回到旋转楼梯的上来的地方一排书架上摆满了考公的资料也对诗与远方也要先吃饱肚子存在即合理这些书也没什么二楼书店可以去露台露台很长摆了许多桌椅能想象得出天气好的时候和朋友家人在这里喝喝咖啡聊聊天看看旁边追逐的孩子生活的美好就这么脑补出来了即便是自己一个人随手拿一本书看看保不齐就遇到了喜欢的阴天晴天也无所谓了其实几何书店最大的惊喜是在二楼有一间很宽敞的剧场里面有小朋友的桌椅可想这里一直有孩子们的欢乐看到有投影或许这里也有大人的笑声在这样的书店里还有专门的空间去容纳人们对共同喜爱的渴望实属难得趁着初冬阳光??还暖不如去这里重构我们的精神角落,9,"几何书店,吉祥里街区,露台,两层小楼,栅栏,旋转楼梯,白色矮墙,童话,精灵,古灵精怪,橙黄色透明亚克力隔板,书籍,小物件,橙黄色长条瓷砖,半墙,外文书,拱形走廊,书架,经济哲学,儿童少年文学,艺术,文创,小圆桌,考公资料,诗与远方,吃饱肚子,存在即合理,剧场,小朋友桌椅,投影,大人的笑声,精神角落",,,,,,,,,,,,,,,,,,,,,,
??下雨天想找安静的书店咖啡馆坐一坐正好路过开在几何书店里的猫叔咖啡馆??MMaoCafe猫叔咖啡(杭州吉祥里店)??吉祥里5栋公社???带地下停车场??一整个岩石户外风格的精品咖啡馆座位多层高也高视野开阔舒缓的音乐真得安静惬意舒适??咖啡小哥是沟通障碍人士但是点咖啡沟通交流基本没问题做的咖啡味道也好喝服务也不错??水墨拿铁冰的水墨拿铁咖啡味蛮浓郁的应该是深烘豆子水墨拿铁很经典的国风咖啡水墨画一般口感蛮不错的虽是特调拿铁但基本咖啡味很足奶味浓郁且没有额外多余的甜度满足不喝甜拿铁人士的口感挺不错的,9,"几何书店,猫叔咖啡馆,岩石户外风格,精品咖啡馆,视野开阔,舒缓的音乐,安静,惬意,舒适,沟通障碍人士,服务,水墨拿铁,深烘豆子,国风咖啡,口感,特调拿铁,咖啡味,奶味,甜度",,,,,,,,,,,,,,,,,,,,,,
祥睦桥地铁5/10号线和睦站A出口出站后沿萍水东街向东北方向步行至运河吉如睦祥公寓祥睦桥沿东北方向转入严家桥街位于吉如家园南门旁华祥桥地铁3号线华丰路站出站于西南侧换乘125路或99路公交车在华祥桥站下车沿华中南路往北步行至留石高架路下方长睦家苑地铁3号线丁桥站D出口花园BOX花园岗街花园岗大厦花园岗地铁站地铁10号线花园岗站,5,祥睦桥,地铁,和睦站,萍水东街,运河,吉如睦祥公寓,严家桥街,吉如家园,华祥桥,地铁3号线,华丰路站,125路,99路公交车,华祥桥站,华中南路,留石高架路,长睦家苑,丁桥站,花园BOX,花园岗街,花园岗大厦,花园岗地铁站,地铁10号线
永福寺位于浙江省杭州市西湖区灵隐路法云弄16号毗邻著名的灵隐寺坐落在北高峰下的幽静山谷中属杭州西湖风景名胜区的核心区域寺院依山而建四周古木参天溪水潺潺环境清幽被誉为钱塘第一福地永福寺不仅是杭州历史悠久的佛教圣地更因其自然与人文的完美融合成为游客静心修行的理想之地寺内供奉的佛像与多元文化元素展现了佛教与中国传统文化的深度结合若到访灵隐寺不妨顺路探访这座隐于山林的福地古刹详细介绍请参见图片文字介绍?,9,"清幽,古木参天,溪水潺潺,自然与人文,静心修行,佛像,多元文化元素,佛教,中国传统文化",,,,,,,,,,,,,,,,,,,,,,
这里即将会有一家本人开的酒馆与山外事朱老板夫妇宁尔歪歪合开的花符酒肆下周四10月31号与11.号试营业11.4号正式营业地点在杭州拱墅区吉祥里山外事10.31号与11.1号两天我们将推出中式恐怖主题的万圣节活动有兴趣的小伙伴欢迎前来打卡试营业期间所有酒水打折并有免费活动酒水赠送花符酒肆建立在曾经的花神庙原址在此风水宝地每个人都会得到花神的庇护如诺祈求幸运祛除水逆来到这里最适合不过另有嘉宾河伯老师鼓瑟吹箫欢迎做客???,9,"酒馆,花符酒肆,试营业,正式营业,杭州拱墅区吉祥里山外事,中式恐怖主题,万圣节活动,打卡,酒水打折,免费活动酒水赠送,花神庙,风水宝地,花神庇护,祈求幸运,祛除水逆,河伯老师,鼓瑟吹箫",,,,,,,,,,,,,,,,,,,,,,
羡野茶车与户外好天气适配度满分,9,羡野茶车,户外,好天气,适配度满分,,,,,,,,,,,,,,,,,,,
陷入童话世界??捕捉冬日浪漫,9,"童话世界,冬日浪漫",,,,,,,,,,,,,,,,,,,,,,
城北老街改造而成的新片区吉祥里羡野美术馆坐落于这个街区趁着近期有新展开幕去逛了下去年住明月松间的时候有认识羡野这个品牌整个美术馆分三层结合了艺术商店展览空间和公共活动区用色和材料大胆前卫螺旋式的金属感楼梯如同任意门原来地下还藏着一个更大的展览空间布拉格红的小房间像是欧洲的小剧场后台光影效果唯美动人忍不住和闺蜜互拍了起来简直戏精上身????? 空间设计利落建造 lialawlab 丽娅?? @教主tips 羡野美术馆??? 展览mundane /小线 张剡锋??展期2024.5.18 (六) - 7.18 (四)?? 时间14:00 - 19:00丨周一闭馆?? 地址杭州市拱墅区祥符南街268号5幢103室,9,"吉祥里,羡野美术馆,艺术商店,展览空间,公共活动区,用色,材料,金属感楼梯,展览空间,布拉格红,小房间,光影效果,空间设计,建造,lialawlab,丽娅",,,,,,,,,,,,,,,,,,,,,,
??光明的玫瑰霹雳倍倍手稿十二城巡展??杭州站 地点DEMAIN 人类的明天绿城吉祥里时间8.4-8.1910:30-20:00终于等到了杭州站整个展览最喜欢的部分莫过于那8本Sketchbook?? 忍不住用视频的形式记录下了其中最喜欢的一本 这本Sketchbook 有着特别多样的表达许多页好像是倍倍画的又好像不是更喜欢这样的状态旧旧的回忆从纸上浮出来静静翻阅的时候好像和某些本属于她们的时刻有了交叠?,9,"光明,玫瑰,霹雳,倍倍,手稿,十二城巡展,杭州站,DEMAIN,人类的明天,绿城吉祥里,8本Sketchbook,视频,特别多样的表达,旧旧的回忆,纸上,静静翻阅,交叠",,,,,,,,,,,,,,,,,,,,,,
游园吉市??慢品人间烟火人潮涌动??妙遇祥符假日,9,"游园,人潮涌动,妙遇,假日",,,,,,,,,,,,,,,,,,,,,,
真是个宝藏地方隐藏在吉祥里的静谧角落环境优雅氛围温馨茶艺师的专业泡茶技艺和细致入微的服务让人仿佛置身于世外桃源???茶品丰富多样这次喝的是红茶??花香小赤甘清香扑鼻回味无穷每一口都是味蕾的享受在这里品茶静心忘却尘嚣实在是难得的惬意时光强烈推荐?[耶R][耶R][拔草R][拔草R][点赞R],10,"宝藏,隐藏,静谧,环境优雅,氛围温馨,专业泡茶技艺,细致入微,服务,世外桃源,茶品丰富多样,红茶,花香小赤甘,清香扑鼻,回味无穷,味蕾,享受,品茶,静心,忘却尘嚣,惬意时光,强烈推荐",,,,,,,,,,,,,,,,,,,,,,
想要绿地吉祥里附近的一室户,5,"绿地,吉祥里,一室户",,,,,,,,,,,,,,,,,,,,,,
太好笑太好玩儿了?就这么一个小节目?围得人山人海的?人们那叫一个热情如火?要是真过年??真不敢想象?有人说我以为烟花是放天上没想到是放地下的?说出了我的心声期待了好久?不过有得看已经不错了还有人说其实最好玩儿的是人一生爱凑热闹的中国人哈哈哈?就当提前跨年啦?这是一座温润如玉柔情似水的城市?超喜欢希望过年可以看到绽放在夜空的烟花,8,"好玩儿,热情如火,烟花,期待,中国人,温润如玉,柔情似水,喜欢",,,,,,,,,,,,,,,,,,,,,,
杭州大大小小的茶馆去了不少山外事算是比较有特色的一家这不仅仅是一家茶馆更是一个艺术空间空间很大设独立包厢散客区还有室外露台的景观位春秋坐在室外很舒服摆设方面古朴雅致一景一物都很有质感诸多的乐器陈设更是增添了几分艺术氛围晚上变身民乐小酒吧会有live演出 ??有茶??有酒??还有乐??偷得浮生半日闲超级Chillllll??位置祥符南街268号绿城吉祥里5号楼301室,9,"茶馆,艺术空间,很大,独立包厢,散客区,室外露台,景观位,古朴雅致,质感,乐器陈设,艺术氛围,民乐小酒吧,live演出,有茶,有酒,有乐",,,,,,,,,,,,,,,,,,,,,,
听说杨紫主演的家业同款鱼灯到杭州了本来打算提前感受一下过年氛围??但说实话有点失望主要踩雷点1??宣传图都是俯拍视角+老实徽派建筑外墙实际吉祥里商业街区路边不是干净的外墙有很多杂乱的店铺灯光影响氛围感??2??大鱼灯只有2条几条小鱼灯??跟在后面新年氛围不是很浓拿小鱼灯的汉服小姐姐快和观众融为一体了观感没有网上宣传的那么惊艳3??宣传很到位人巨多但吉祥里地方很小导致人挤人基本只能用无人机俯视才能拍到好看的画面没有设备的要做好心理准备4??烟花秀??取消改成电子烟花秀只有一个小心形摆在地面上喷火??实际效果和宣传效果天差地别而且里三圈外三圈都是人根本挤不进去??导航绿城吉祥里/祥符老街??无?? | 杭州地铁2号线坐到三墩站A口出步行1.6km或地铁10号线坐到花园岗站B口出步行1.6km@生活薯 @城市情报官 @走走薯 @摄影薯,3,"失望,俯拍视角,徽派建筑外墙,杂乱的店铺灯光,大鱼灯,小鱼灯,新年氛围,汉服小姐姐,观感,宣传,人巨多,地方很小,人挤人,无人机俯视,烟花秀,电子烟花秀,小心形,喷火,宣传效果,导航,绿城吉祥里,祥符老街,地铁2号线,三墩站A口,步行1.6km,地铁10号线,花园岗站B口",,,,,,,,,,,,,,,,,,,,,,
正值电影重映快一起打卡起来看起来吧??,8,"电影,重映,打卡",,,,,,,,,,,,,,,,,,,,,,
杭州雅扇自古闻名在杭州诸多非遗技艺中杭扇被视为杭州三绝之一请跟随我的脚步走进杭扇走进制扇技艺与非遗进行一场跨越千年的对话吧?,9,"杭州,雅扇,非遗技艺,杭扇,制扇技艺,对话",,,,,,,,,,,,,,,,,,,,,,
??怎么去地铁??5号线宝善桥B2出口??游船路线坝子桥-梅花碑站??船票3元游船时间35分钟Citywalk路线坝子桥-梅花碑站-五柳巷-德寿宫-胡雪岩故居-望仙阁-大马弄,6,"地铁,5号线,宝善桥B2出口,游船路线,坝子桥,梅花碑站,船票,3元,游船时间,35分钟,Citywalk路线,五柳巷,德寿宫,胡雪岩故居,望仙阁,大马弄",,,,,,,,,,,,,,,,,,,,,,
故宫.茶世界观茶茶文化精品文物展四明清画卷,5,"故宫,茶世界观,茶文化,精品文物展,明清画卷",,,,,,,,,,,,,,,,,,,,,,
杭州跨年活动 | 鱼灯/音乐节/市集 瞻淇鱼灯2024.12.28-29杭州吉祥里杭州也能看鱼灯啦之前看视频就觉得很震撼这次终于能亲眼见到4米鱼灯了1230-1430鱼灯合影时间1730-1830鱼灯巡游表演1930-2030鱼灯巡游表演现场还有18米烟花瀑布包浪漫的,4,"鱼灯,音乐节,市集,烟花瀑布",,,,,,,,,,,,,,,,,,,,,,
元旦跨年活动合集,6,"元旦,跨年,活动合集",,,,,,,,,,,,,,,,,,,,,,
湖滨将组织跨年夜活动官方回应元旦杭州哪些地方可以玩,6,"湖滨,跨年夜活动,官方,回应,元旦,杭州,地方,玩",,,,,,,,,,,,,,,,,,,,,,
以茶为媒香沁龙坞绿城美好产业龙坞茶镇九街春日雅集圆满落幕,8,"茶,龙坞,绿城,产业,龙坞茶镇,九街,春日雅集",,,,,,,,,,,,,,,,,,,,,,
看人形机器人跳科目三放赛博风筝拍AI写真,7,"人形机器人, 科目三, 赛博风筝, AI写真",,,,,,,,,,,,,,,,,,,,,,
瓶窑老街2025贺新春五十余场非遗大戏轮番上演,2025,"瓶窑老街,非遗大戏",,,,,,,,,,,,,,,,,,,,,,
初中生爱上非遗绒花校园版李子柒来啦,8,初中生,非遗绒花,校园版李子柒,,,,,,,,,,,,,,,,,,,,
开街一周年吉祥里向上生长焕新祥符美学生活,8,"开街,一周年,吉祥里,向上生长,焕新,祥符美学生活",,,,,,,,,,,,,,,,,,,,,,
元宵节杭州吉祥里祥符老街爆燃英歌舞下,8,"元宵节,杭州,吉祥里,祥符老街,英歌舞",,,,,,,,,,,,,,,,,,,,,,
元宵节杭州吉祥里祥符老街爆燃英歌舞上,8,"元宵节,杭州,吉祥里,祥符老街,英歌舞",,,,,,,,,,,,,,,,,,,,,,
元旦跨年活动合集,7,"元旦,跨年,活动,合集",,,,,,,,,,,,,,,,,,,,,,
以茶为媒香沁龙坞绿城美好产业龙坞茶镇九街春日雅集圆满落幕,8,"茶,龙坞,绿城,产业,龙坞茶镇,九街,春日雅集",,,,,,,,,,,,,,,,,,,,,,
湖滨将组织跨年夜活动官方回应元旦杭州哪些地方可以玩,6,"湖滨,跨年夜活动,官方,回应,元旦,杭州,地方,玩",,,,,,,,,,,,,,,,,,,,,,
瓶窑老街2025贺新春五十余场非遗大戏轮番上演,2025,"瓶窑老街,非遗大戏",,,,,,,,,,,,,,,,,,,,,,
看人形机器人跳科目三放赛博风筝拍AI写真,6,"人形机器人, 科目三, 赛博风筝, AI写真",,,,,,,,,,,,,,,,,,,,,,
蛇舞新春巳巳如意 杭州市小河小学新学期开学系列活动,8,蛇舞,新春,如意,开学,系列活动,,,,,,,,,,,,,,,,,,
开街一周年吉祥里向上生长焕新祥符美学生活,8,"开街,一周年,吉祥里,向上生长,焕新,祥符美学生活",,,,,,,,,,,,,,,,,,,,,,
杭州跨年活动 | 鱼灯/音乐节/市集,8,鱼灯,音乐节,市集,,,,,,,,,,,,,,,,,,,,
以茶为媒香沁龙坞绿城美好产业龙坞茶镇九街春日雅集圆满落幕,8,"茶,龙坞绿城,美好产业,龙坞茶镇,九街,春日雅集",,,,,,,,,,,,,,,,,,,,,,
元旦跨年活动合集,6,"元旦,跨年,活动,合集",,,,,,,,,,,,,,,,,,,,,,
湖滨将组织跨年夜活动官方回应元旦杭州哪些地方可以玩,6,"湖滨,跨年夜活动,官方回应,元旦,杭州",,,,,,,,,,,,,,,,,,,,,,
看人形机器人跳科目三放赛博风筝拍AI写真,8,"人形机器人, 科目三, 赛博风筝, AI写真",,,,,,,,,,,,,,,,,,,,,,
瓶窑老街2025贺新春五十余场非遗大戏轮番上演,2025,"瓶窑老街,非遗大戏",,,,,,,,,,,,,,,,,,,,,,
暴涨全红婵的丑拖鞋黄雨婷的发卡这些奥运同款火了?,6,"暴涨,全红婵,丑拖鞋,黄雨婷,发卡,奥运同款,火了",,,,,,,,,,,,,,,,,,,,,,
即日起至明年底四川甘孜所有A级景区对浙江三地市民免费,1,"四川,甘孜,A级景区,浙江,免费",,,,,,,,,,,,,,,,,,,,,,
故宫.茶世界观茶茶文化精品文物展四明清画卷,,,,,,,,,,,,,,,,,,,,,,,,
杭州跨年活动 | 鱼灯/音乐节/市集,7,鱼灯,音乐节,市集,,,,,,,,,,,,,,,,,,,,
以茶为媒香沁龙坞绿城美好产业龙坞茶镇九街春日雅集圆满落幕,8,"茶,龙坞,绿城,产业,龙坞茶镇,九街,春日雅集",,,,,,,,,,,,,,,,,,,,,,
元旦跨年活动合集,1,"元旦,跨年,活动合集",,,,,,,,,,,,,,,,,,,,,,
看人形机器人跳科目三放赛博风筝拍AI写真,7,"人形机器人,科目三,赛博风筝,AI写真",,,,,,,,,,,,,,,,,,,,,,
瓶窑老街2025贺新春五十余场非遗大戏轮番上演,2025,"瓶窑老街,非遗大戏",,,,,,,,,,,,,,,,,,,,,,
初中生爱上非遗绒花校园版李子柒来啦,9,初中生,非遗绒花,校园版李子柒,,,,,,,,,,,,,,,,,,,,
暴涨全红婵的丑拖鞋黄雨婷的发卡这些奥运同款火了?,8,"暴涨,全红婵,丑拖鞋,黄雨婷,发卡,奥运同款,火了",,,,,,,,,,,,,,,,,,,,,,
以茶为媒香沁龙坞绿城美好产业龙坞茶镇九街春日雅集圆满落幕,8,"茶,龙坞,绿城,产业,龙坞茶镇,九街,春日雅集",,,,,,,,,,,,,,,,,,,,,,
看人形机器人跳科目三放赛博风筝拍AI写真,7,"人形机器人, 科目三, 赛博风筝, AI写真",,,,,,,,,,,,,,,,,,,,,,
开街一周年吉祥里向上生长焕新祥符美学生活,8,"开街,一周年,吉祥里,向上生长,焕新,祥符美学生活",,,,,,,,,,,,,,,,,,,,,,
即日起至明年底四川甘孜所有A级景区对浙江三地市民免费,5,"四川,甘孜,A级景区,浙江,免费",,,,,,,,,,,,,,,,,,,,,,
太湖边的三绝紫砂大佛园林,8,"太湖,紫砂,大佛,园林",,,,,,,,,,,,,,,,,,,,,,
杭州东方文化园景区,,,,,,,,,,,,,,,,,,,,,,,,
杭州上海世外中学第四届数学学科节活动,1,"新市古镇,白墙黑瓦,水泥装饰,新潮业态,热闹非凡,历史韵味,现代活力,独特魅力,文化底蕴",,,,,,,,,,,,,,,,,,,,,,
元宵节杭州吉祥里祥符老街爆燃英歌舞下,8,"元宵节,杭州,吉祥里,祥符老街,英歌舞",,,,,,,,,,,,,,,,,,,,,,
故宫.茶世界观茶茶文化精品文物展四明清画卷,7,"故宫,茶世界观,茶文化,精品文物展,明清画卷",,,,,,,,,,,,,,,,,,,,,,
看人形机器人跳科目三放赛博风筝拍AI写真,8,"人形机器人, 科目三, 赛博风筝, AI写真",,,,,,,,,,,,,,,,,,,,,,
即日起至明年底四川甘孜所有A级景区对浙江三地市民免费,8,"四川,甘孜,A级景区,浙江,免费",,,,,,,,,,,,,,,,,,,,,,
杭州东方文化园景区,,,,,,,,,,,,,,,,,,,,,,,,
银行入场财大联合杭州这所小学发行了自己的货币,6,"银行,入场,财大,联合,杭州,小学,发行,自己,货币",,,,,,,,,,,,,,,,,,,,,,
重生之我在卖盖饭/麻辣烫/炒面爽文外卖火了你刷到过吗,6,"重生,卖盖饭,麻辣烫,炒面,爽文,外卖",,,,,,,,,,,,,,,,,,,,,,
湖滨将组织跨年夜活动官方回应元旦杭州哪些地方可以玩,1,"湖滨,跨年夜活动,官方回应,元旦,杭州,地方,玩",,,,,,,,,,,,,,,,,,,,,,
看人形机器人跳科目三放赛博风筝拍AI写真,8,"人形机器人, 科目三, 赛博风筝, AI写真",,,,,,,,,,,,,,,,,,,,,,
科技创新 强国有我杭二中白马湖教育集团初中部运动会开幕式,8,"科技创新,强国有我",,,,,,,,,,,,,,,,,,,,,,
暴涨全红婵的丑拖鞋黄雨婷的发卡这些奥运同款火了?,6,"奥运同款,全红婵,丑拖鞋,黄雨婷,发卡",,,,,,,,,,,,,,,,,,,,,,
太湖边的三绝紫砂大佛园林,8,"太湖,紫砂,大佛,园林",,,,,,,,,,,,,,,,,,,,,,
龙腾启新程筑梦向未来杭州天杭教育集团温暖开学报到日,9,龙腾,启新程,筑梦,未来,温暖,开学,报到日,,,,,,,,,,,,,,,,
杭州东方文化园景区,,,,,,,,,,,,,,,,,,,,,,,,
杭州市民免费打折又有多地官宣,7,"免费,打折,官宣",,,,,,,,,,,,,,,,,,,,,,
祥符老街新玩法百人长桌宴迎重阳,8,"祥符老街,新玩法,百人长桌宴,迎重阳",,,,,,,,,,,,,,,,,,,,,,
元旦跨年活动合集,6,"元旦,跨年,活动合集",,,,,,,,,,,,,,,,,,,,,,
湖滨将组织跨年夜活动官方回应元旦杭州哪些地方可以玩,6,"湖滨,跨年夜活动,官方,元旦,杭州,地方,玩",,,,,,,,,,,,,,,,,,,,,,
科技创新 强国有我杭二中白马湖教育集团初中部运动会开幕式,8,"科技创新,强国有我",,,,,,,,,,,,,,,,,,,,,,
看人形机器人跳科目三放赛博风筝拍AI写真,7,"人形机器人, 科目三, 赛博风筝, AI写真",,,,,,,,,,,,,,,,,,,,,,
开街一周年吉祥里向上生长焕新祥符美学生活,8,"开街,一周年,吉祥里,向上生长,焕新,祥符美学生活",,,,,,,,,,,,,,,,,,,,,,
2024晒游记张家界长沙4晚5天游,2024,"白墙黑瓦,水泥装饰,新潮业态",,,,,,,,,,,,,,,,,,,,,,
暴涨全红婵的丑拖鞋黄雨婷的发卡这些奥运同款火了?,6,"暴涨,全红婵,丑拖鞋,黄雨婷,发卡,奥运同款,火了",,,,,,,,,,,,,,,,,,,,,,
即日起至明年底四川甘孜所有A级景区对浙江三地市民免费,8,四川,甘孜,A级景区,浙江,市民,免费,,,,,,,,,,,,,,,,,
太湖边的三绝紫砂大佛园林,7,"太湖,紫砂,大佛,园林",,,,,,,,,,,,,,,,,,,,,,
元宵节杭州吉祥里祥符老街爆燃英歌舞下,8,"元宵节,杭州,吉祥里,祥符老街,英歌舞",,,,,,,,,,,,,,,,,,,,,,
看人形机器人跳科目三放赛博风筝拍AI写真,8,"人形机器人, 科目三, 赛博风筝, AI写真",,,,,,,,,,,,,,,,,,,,,,
初中生爱上非遗绒花校园版李子柒来啦,8,初中生,非遗绒花,校园版李子柒,,,,,,,,,,,,,,,,,,,,
开街一周年吉祥里向上生长焕新祥符美学生活,8,"开街,一周年,吉祥里,向上,生长,焕新,祥符,美学,生活",,,,,,,,,,,,,,,,,,,,,,
暴涨全红婵的丑拖鞋黄雨婷的发卡这些奥运同款火了?,6,"奥运同款,全红婵,丑拖鞋,黄雨婷,发卡",,,,,,,,,,,,,,,,,,,,,,
周末游杭州一百零一之小营巷,5,"小营巷,历史文化,建筑风格,生活环境,文化氛围",,,,,,,,,,,,,,,,,,,,,,
太湖边的三绝紫砂大佛园林,7,"太湖,紫砂,大佛,园林",,,,,,,,,,,,,,,,,,,,,,
杭州东方文化园景区,,,,,,,,,,,,,,,,,,,,,,,,
杭州东方文化园景区,,,,,,,,,,,,,,,,,,,,,,,,
塘塘携手再迈步  教育共富奔未来,8,"塘塘,携手,再迈步,教育,共富,奔未来",,,,,,,,,,,,,,,,,,,,,,
第四届长三角菊花精品展暨杭州第十届菊花艺术展,7,"菊花精品展,菊花艺术展",,,,,,,,,,,,,,,,,,,,,,
祥符老街新玩法百人长桌宴迎重阳,8,"祥符,老街,新玩法,百人长桌宴,重阳",,,,,,,,,,,,,,,,,,,,,,
第四届长三角菊花精品展暨杭州第十届菊花艺术展,7,"菊花精品展,菊花艺术展",,,,,,,,,,,,,,,,,,,,,,
故宫.茶世界观茶茶文化精品文物展四明清画卷,7,"故宫,茶世界观,茶文化,精品文物展,明清画卷",,,,,,,,,,,,,,,,,,,,,,
杭州跨年活动 | 鱼灯/音乐节/市集,7,"鱼灯,音乐节,市集",,,,,,,,,,,,,,,,,,,,,,
元旦跨年活动合集,6,"元旦,跨年,活动合集",,,,,,,,,,,,,,,,,,,,,,
以茶为媒香沁龙坞绿城美好产业龙坞茶镇九街春日雅集圆满落幕,8,"茶,龙坞,绿城,产业,龙坞茶镇,九街,春日雅集",,,,,,,,,,,,,,,,,,,,,,
看人形机器人跳科目三放赛博风筝拍AI写真,7,"人形机器人, 科目三, 赛博风筝, AI写真",,,,,,,,,,,,,,,,,,,,,,
暴涨全红婵的丑拖鞋黄雨婷的发卡这些奥运同款火了?,5,"暴涨,全红婵,丑拖鞋,黄雨婷,发卡,奥运同款,火了",,,,,,,,,,,,,,,,,,,,,,
成长日记二十三之2024.4时光公园皋亭千桃园,2024,"新市古镇, 白墙黑瓦, 水泥装饰, 新潮业态",,,,,,,,,,,,,,,,,,,,,,
第四届长三角菊花精品展暨杭州第十届菊花艺术展,5,"菊花精品展,菊花艺术展",,,,,,,,,,,,,,,,,,,,,,
看人形机器人跳科目三放赛博风筝拍AI写真,6,"人形机器人, 科目三, 赛博风筝, AI写真",,,,,,,,,,,,,,,,,,,,,,
即日起至明年底四川甘孜所有A级景区对浙江三地市民免费,8,四川,甘孜,A级景区,浙江,免费,,,,,,,,,,,,,,,,,,
太湖边的三绝紫砂大佛园林,6,"太湖,紫砂,大佛,园林",,,,,,,,,,,,,,,,,,,,,,
杭州东方文化园景区,,,,,,,,,,,,,,,,,,,,,,,,
带娃逛浙江大学参观每个学院和艺术与考古博物馆重温校园生活,8,"浙江大学,艺术与考古博物馆,校园生活",,,,,,,,,,,,,,,,,,,,,,
杭州东方文化园景区,,,,,,,,,,,,,,,,,,,,,,,,
引领城市更新风尚围炉共话百日庆典,8,"引领,城市更新,风尚,围炉,共话,百日庆典",,,,,,,,,,,,,,,,,,,,,,
银行入场财大联合杭州这所小学发行了自己的货币,7,"银行,财大,杭州,小学,货币",,,,,,,,,,,,,,,,,,,,,,
五云山上的千年银杏黄了附超详细集祥云攻略,8,"五云山,千年银杏,祥云攻略",,,,,,,,,,,,,,,,,,,,,,
元旦跨年活动合集,7,"元旦,跨年,活动合集",,,,,,,,,,,,,,,,,,,,,,
湖滨将组织跨年夜活动官方回应元旦杭州哪些地方可以玩,6,"湖滨,跨年夜活动,官方回应,元旦,杭州,地方,玩",,,,,,,,,,,,,,,,,,,,,,
杭州跨年活动 | 鱼灯/音乐节/市集,7,鱼灯,音乐节,市集,,,,,,,,,,,,,,,,,,,,
看人形机器人跳科目三放赛博风筝拍AI写真,7,"人形机器人, 科目三, 赛博风筝, AI写真",,,,,,,,,,,,,,,,,,,,,,
瓶窑老街2025贺新春五十余场非遗大戏轮番上演,2025,"瓶窑老街,非遗大戏",,,,,,,,,,,,,,,,,,,,,,
构建老市井里的新烟火绿城吉祥里城市更新项目的新范本,8,"老市井,新烟火,绿城吉祥里,城市更新,新范本",,,,,,,,,,,,,,,,,,,,,,
杭州东方文化园景区,5,"白墙黑瓦,小桥流水,古色古香,新潮业态",,,,,,,,,,,,,,,,,,,,,,
开街一周年吉祥里向上生长焕新祥符美学生活,8,"开街,一周年,吉祥里,向上生长,焕新,祥符美学生活",,,,,,,,,,,,,,,,,,,,,,
构建老市井里的新烟火绿城吉祥里城市更新项目的新范本,8,"老市井,新烟火,绿城吉祥里,城市更新,新范本",,,,,,,,,,,,,,,,,,,,,,
元宵节杭州吉祥里祥符老街爆燃英歌舞下,8,"元宵节,杭州,吉祥里,祥符老街,英歌舞",,,,,,,,,,,,,,,,,,,,,,
