评论,打分,,,,,,,,,,,,,,,,,,,,,,,,,,,,,,,,,,,,,,,,,,,,,,,,,,,,,,,,,,,,,,,,,,,,
蟠龙天地??地址青浦区蟠鼎路123弄8号??公共交通地铁17号线蟠龙路站3号口出??停车5个停车场8R/小时?时间逛3-4小时左右最好下午4点左右到既可以感受白天的喧嚣傍晚的日暮霞光还可以看到绝美的夜景???蟠龙天地围绕Culture(文化唤醒)Nature(自然融合)Future(城市焕新)三大主题打造了一个现代商业邂逅江南古镇的商业群吃喝玩乐拍照遛娃带宠物撒欢等都很适合Culture(文化唤醒)Part??蟠龙新十景古寺鸣钟十字街香花桥影溪桥渔泊烟雨廊桥程祠故里龙江古渡曲水萦居蟠龙湾艺海听竹其中龙江古渡50R/人单程15分钟200R/船(最多坐6人)??余德耀美术馆自然与传统现代融为一体会定期呈现高品质的艺术展览Nature(自然融合)Part??儿童乐园有大型的亲子乐园包含蹦床滑滑梯攀爬滑板公园马术公园法布尔花园喷泉广场等??宠物乐园有撸猫馆撸狗馆动物乐园等??户外探索夏山营地洛克公园四季花谷等Future(城市焕新)Part??蟠龙水集各种小玩意小吃摊 夜景氛围感满满??沿河咖啡沿河很多咖啡馆坐在河边喝着咖啡 吹着晓风松弛感拉满??各色美食西餐中餐选择性很多露天小酒吧驻场歌手的歌声很美帐篷营地烤肉很香??品茶作为中国的传统饮料这边茶铺也很多加上古建加持真的有种在古代茶馆里喝茶的惬意,10,"蟠龙天地, Culture, Nature, Future, 蟠龙新十景, 古寺鸣钟, 十字街, 香花桥, 溪桥渔泊, 烟雨廊桥, 程祠故里, 龙江古渡, 曲水萦居, 蟠龙湾, 艺海听竹, 余德耀美术馆, 儿童乐园, 宠物乐园, 户外探索, 蟠龙水集, 沿河咖啡, 各色美食, 品茶, 古建",,,,,,,,,,,,,,,,,,,,,,,,,,,,,,,,,,,,,,,,,,,,,,,,,,,,,,,,,,,,,,,,,,,
酷暑终于要过去了~ 本街溜子又开始出没了hhh.蟠龙已经没有去年刚开业时那么人山人海了但周末还是比较火的不过呢也还好倒也不至于没地儿停车.我觉得这里不是传统古镇而是一个古镇style的现代商场感觉特别适合周边居住的住户来吃吃喝喝和遛弯遛娃遛宠 特意大老远专程过来可能会失望哦[吧唧R].[皱眉R]这个商圈最大的亮点是对遛宠物遛娃的人非常友好基本上每家店都是可以进宠物的而且宠物主人们都看上去很体面很有素质 还可以租借婴儿车 还有不少专门的遛娃遛宠的场地见图8.???停车我习惯停PL1因为这个入口在街边不大需要在蟠龙天地里面绕啊绕进去可以停C区离吃吃喝喝的地方比较近[喝奶茶R]蟠龙天地吃喝消费送的积分还算大方1块钱对应1积分拿着结账单或者消费截图到指示牌指示的i的服务台去兑换积分然后在i天地小程序里积分兑换停车券??工作日200积分免停2小时周末是400积分2小时还可以和新天地的积分通用.吃吃喝喝的选择也很多~ 已经吃了好几家都没踩雷~.之后估计搬到这附近后还会经常来的~,8,"古镇style,现代商场,吃吃喝喝,遛弯遛娃遛宠,遛宠物,遛娃,遛宠,场地,停车,积分,消费,通用,选择,没踩雷",,,,,,,,,,,,,,,,,,,,,,,,,,,,,,,,,,,,,,,,,,,,,,,,,,,,,,,,,,,,,,,,,,,
出差逛了一圈蟠龙天地工作日的中午绕了15分钟才找到一个停车位总体感觉它既是古镇又是区域商业保留了古镇的格局古镇建筑的体量主路空间用的是大块青石板老料和新材料的拼接还有一些小栋的建筑保留了原有的外立面这些都是现代商业街区模仿不出来的韵味沿河岸的餐厅咖啡店都有景观位坐在河边吹吹风看看小桥流水放空一下真的非常舒服宠物友好好多带狗子去玩儿的对于爱狗人士好感度简直拉满总之吃喝玩乐遛弯遛娃遛宠都很适合,1,"古镇格局,古镇建筑体量,主路空间,大块青石板老料,新材料拼接,小栋建筑原有外立面,韵味,沿河岸餐厅咖啡店景观位,小桥流水,宠物友好,带狗子玩儿,爱狗人士好感度",,,,,,,,,,,,,,,,,,,,,,,,,,,,,,,,,,,,,,,,,,,,,,,,,,,,,,,,,,,,,,,,,,,
做文化生产者用创意去激发场景再做文化运营者将商业带入社区日常蟠龙天地造出了一个自己的文化品牌也因此实现了一场人造江南水镇的新城市叙事给消费者提供一个更具有生命力的社区氛围呈现了有吸引力的城市微度假商业面貌[自拍R]从现象反推策略文化对于商业项目的赋能论证也就有了具像化,9,"文化, 创意, 场景, 商业, 社区, 文化品牌, 城市叙事, 社区氛围, 吸引力, 城市微度假, 商业面貌, 文化赋能",,,,,,,,,,,,,,,,,,,,,,,,,,,,,,,,,,,,,,,,,,,,,,,,,,,,,,,,,,,,,,,,,,,
我赶在烟雨朦胧中到访了位于青浦的蟠龙天地正值雨季又不是周未整个街区人气略显一般这里开业至今有一年了已成了上海周边区域型消费度假的又一场所整个街区以河为界分为南市和北市蟠龙天地是在1400多年的蟠龙古镇的旧址上进行改建23万方的公园绿地是占地面积最大的因此也被称之为公园式商业你不能当它是一个古镇从案名上来讲它就是瑞安集团天地系列的一个商业项目从英译的案名XINTIANDI便可以看出守旧中创新的并不是在物业形态上严格意义来讲蟠龙天地没有脱离传统江南古镇的影子除了余德耀美术馆COCO-MAT酒店之外没有那种特别出跳的建筑它还是在原来的江南古镇的雏形上进行了空间材料景观等方面的焕新江浙沪太多古镇了江南六大古镇便足以让古镇这种景区式的商业同质化更别说周边还有朱家角枫泾古镇新场古场南翔古镇等这也是项目规划之初必须要面对的课题作为城中村改造项目瑞安在开发过程中必须考虑到整体项目盈利点又要考虑作为配套的商业部分能够运营起来权衡这种关系势必需要利用自身的优势进行考良可凭借新天地强大的商业IP在招商过程发挥强大的优势因此商业部分以自持的方式运营也保证了商业操盘中最核心的部分统一运营管理这确保了不受小业主干扰更不会涉及返租包租免租等售后问题通过商业价值的提升服务管理来带动区域版块价值进而拉升住宅部分的溢价这一点和万科良渚文化村类似万科通过自持商业部分玉鸟流苏食街玉鸟集前身匹配了君澜度假酒店大屋顶艺术中心教堂养老社区茶语公园等来带动了文化村整体版块的价值提升而且这两个项目都提出了同一个定位微度假社区模式两者具备了地理属性操盘思路商业运营等诸多的类似之处回到商业的业态上那么问题来了设想更新改造后的商业街区如果还卖臭豆腐还卖土特产还卖腊肉腊肠这个商业街区不就成了和其它古镇一样的商业了吗这对于瑞安这样具备强大商业操盘能力的开发企业来讲肯定不是选择因此我们现在所看到的商业业态的选择是必然中的必然用现代场景商业反哺周边社区配套因此它不是景区它是区域商业如果把蟠龙天地当成旅游景区大致会有一些失落感的,7,"烟雨朦胧,青浦,蟠龙天地,雨季,周未,街区人气,开业至今,一年,上海周边区域型消费度假,场所,街区,河,南市,北市,1400多年,蟠龙古镇,旧址改建,23万方,公园绿地,占地面积最大,公园式商业,古镇原貌,商业水平不高,童年的梦,江南六大古镇,景区式商业同质化,朱家角,枫泾古镇,新场古场,南翔古镇,城中村改造项目,瑞安集团,天地系列,商业项目,英译案名XINTIANDI,守旧中创新,物业形态,传统江南古镇,余德耀美术馆,COCO-MAT酒店,建筑,江南古镇雏形,空间材料景观焕新,江浙沪古镇,项目规划,课题,整体项目盈利点,配套商业部分运营,自身优势,新天地商业IP,招商过程,强大优势,商业部分自持运营,统一运营管理,小业主干扰,返租包租免租问题,商业价值提升,服务管理,区域版块价值拉升,住宅部分溢价,万科良渚文化村,自持商业部分玉鸟流苏食街玉鸟集前身,君澜度假酒店,大屋顶艺术中心,教堂,养老社区,茶语公园,文化村整体版块价值提升,地理属性,操盘思路,商业运营,类似之处,微度假社区模式,商业业态选择,更新改造后的商业街区,臭豆腐,土特产,腊肉腊肠,强大商业操盘能力开发企业,现代场景商业,反哺周边社区配套,区域商业,旅游景区失落感",,,,,,,,,,,,,,,,,,,,,,,,,,,,,,,,,,,,,,,,,,,,,,,,,,,,,,,,,,,,,,,,,,,
没想到在上海市区的高楼大厦旁也能找到这样一座江南水乡蟠龙天地实际上是一座由老村镇改建的综合商业市集离虹桥机场仅10分钟车程非常适合周末来半日吃喝玩乐[喝奶茶R]整个市集既保有了原本水乡古镇的小桥流水白墙青瓦也拥有各类餐厅和工艺小店而且还宠物友好??在小巷里穿行经常会在某个转角遇到有意思的店铺而在夜幕降临后平静的河面上倒映临水建筑与树木上的光影搭配市集内各类小摊前的烟火气让整体氛围更显松弛傍晚在水边走走正好可以避避暑??打车/开车可以直接导航蟠龙天地停车???可以从P1进一定要记好上去的楼梯门位置不然晚上走的时候很容易找不到车[薯券R]蟠龙天地里有几个比较好玩/出片的地方详见图2的地图??晚上临河的餐位在Galla R的门口有两个河边的位置坐在河边一边吃饭一边欣赏古镇夜景非常惬意??烟雨廊桥无论是白天还是晚上这作为整个古镇位置最高的桥可以顺着河拍到过往的木船??蟠龙水集烟雨廊桥一段的一片集市里面有几十个各类小摊有玩小游戏卖小吃也有做彩扇和乐器个人感觉晚上更好看一些??宠物公园草坪在游客中心附近的骑马场对面有一片大草坪可供宠物们奔跑天气好的下午这里能看到十几只各类狗狗????水曲桥这里是整个古镇横纵两条河道的交叉点拍人拍景的最佳机位之一????广场看鸽子很多白鸽聚集不仅可以喂鸽子还可以拍鸽子集体起飞,9,"江南水乡,小桥流水,白墙青瓦,餐厅,工艺小店,宠物友好,小巷,店铺,河面,临水建筑,树木,光影,烟火气,水边,古镇夜景,烟雨廊桥,木船,小摊,彩扇,乐器,宠物公园,草坪,骑马场,狗狗,水曲桥,河道,广场,白鸽",,,,,,,,,,,,,,,,,,,,,,,,,,,,,,,,,,,,,,,,,,,,,,,,,,,,,,,,,,,,,,,,,,,
解密全球100个典型低碳案例31-上海蟠龙天地?,100,古镇原貌,商业水平不高,童年的梦,,,,,,,,,,,,,,,,,,,,,,,,,,,,,,,,,,,,,,,,,,,,,,,,,,,,,,,,,,,,,,,,,
这是我逛过非常特别的古镇虽然商业化程度较高但却巧妙地融合了商业与文化虽然网红人家也能长红集合微度假文旅城市更新非标商业等标签于一身蟠龙天地简直就是古镇里的海底捞你真的学不来蟠龙天地拥有现代人渴望的日常Gap感但它与西岸梦中心的气质又有所不同这里既松弛却又不完全放松古镇内的小巷子和转角总是能勾起我们的探索和发现欲望逛一天蟠龙天地下来你别说还挺累的但正是这种微妙的平衡让蟠龙天地成为了一个充满趣味让人想要再次探索的目的地,1,"特别,古镇,商业化,融合,文化,网红,长红,微度假,文旅,城市更新,非标商业,标签,海底捞,日常Gap感,西岸梦中心,气质,松弛,探索,发现欲望,趣味,目的地",,,,,,,,,,,,,,,,,,,,,,,,,,,,,,,,,,,,,,,,,,,,,,,,,,,,,,,,,,,,,,,,,,,
周末遛娃一天竟然溜了三个古镇妈咪最喜欢歇马桥因为很悠闲小可乐最喜欢还是蟠龙天地又好看 又好玩 又好逛 还好吃玩到不肯回家 [哭惹R][哭惹R][哭惹R]位于上海市虹桥商务区瑞安集团打造的UrbanRetreat城市微度假目的地商业 住宅 酒店 绿地于一体延续新天地开放式街区形态打造的公园里的新天地概念所以蟠龙天地并不是那种传统意义上的文化景点它虽然有一些历史元素元代石桥香花桥百年程祠故里但更多的还是仿古商业街区的氛围比较更适合朋友聚会的休闲地[有R]交通便利??上海市青浦区双联路161号自驾导航蟠龙天地古镇即可有三个地下停车场??? 我们停在P3停车场出来即是花园草坪小朋友就不肯走了一定要在这里晒太阳[哭惹R][哭惹R]??地铁也很方便17号线蟠龙路站2号出口站左转过马路既能看到[彩虹R]游玩场地围绕着阉市-南市-北市三个街区我们带娃就是随意闲逛蓝瓶咖啡宁波特产糕点坊中式蛋糕..等等等快乐的游逛吧,9,"悠闲,好看,好玩,好逛,好吃,UrbanRetreat城市微度假目的地,商业,住宅,酒店,绿地,开放式街区形态,公园里的新天地,仿古商业街区,朋友聚会,休闲地,交通便利,地下停车场,花园草坪,晒太阳,地铁,游玩场地,街区,蓝瓶咖啡,宁波特产糕点坊,中式蛋糕",,,,,,,,,,,,,,,,,,,,,,,,,,,,,,,,,,,,,,,,,,,,,,,,,,,,,,,,,,,,,,,,,,,
??No.1 M+马利 P3-41??坐标静安区新丰路西康路交叉口2??mamafufu集市有颜料店书店衣服手工艺等装修五彩斑斓蛮出片3??酒吧邂逅火塘有好听的民谣????No.2苏河湾万象天地 P51??坐标静安区福建北路100号2??沿苏州河向东直达外白渡桥外滩那块全程2公里夜景强推白天也???苏州河沿线很chill??No.3M+黑石P61??坐标徐汇区复兴中路1331号2??幸福集荟书店很大值得逛3?? 推荐两家餐厅和一家清吧如有需要见M+黑石那篇笔记这里写不下啦??No.4蟠龙天地P7-81??坐标青浦区蟠鼎路123弄2??非常经典的江南水乡风情的商业街巷3??这里很大可以游船???逛的超多旁边还有一个童心乐园遛娃一下午妥??No.5 EKA天物P91??坐标浦东新区金桥路535号2??年轻化且艺术感十足的园区阳光明媚的时候太出片啦临水的餐厅外摆区氛围超好园区挺大遛一下午没问题3??园区不远江对岸的上海国际时尚中心有奥特莱斯逛哦??No.6上生新所P101??坐标长宁区番禺路60号2??市区年轻时尚街区代表一二期都开了还蛮大很多潮牌店舒适的餐饮店3??3处历史建筑1924年的茑屋书店和海军俱乐部泳池出片??1931年的孙科别墅4??附近新华路很多老洋房梧桐夹道推荐一起逛??No.7龙华会p11-121??坐标徐汇区龙华路2778号2??周边有龙华塔龙华寺烈士陵园适合一日Citywalk一些好玩店铺推荐见龙华会那篇笔记??No.8陕康里P13-141??坐标静安区康定路358号2??园区很chill两座百年建筑值得逛原印度锡克教堂现在是画廊原英租界巡捕房现在是设计共和一个创意家居集合店餐饮推荐见陕康里那篇笔记??No.9鸿寿坊P15-161??坐标普陀区长寿路261号2??一个有烟火气的石库门海派街巷鸿寿坊市集两层很多品类可逛,9,"江南水乡风情,商业街巷,童心乐园",,,,,,,,,,,,,,,,,,,,,,,,,,,,,,,,,,,,,,,,,,,,,,,,,,,,,,,,,,,,,,,,,,,
上个月的某日我去蟠龙天地逛了逛蟠龙天地的商业氛围到是给我一种闲散的感觉市区有的咖啡馆甜点店和餐厅蟠龙天地几乎也都有临河而座的咖啡馆和茶馆也不少走累了可以坐着休息再看个日落佛系的在蟠龙天地过个周末还算比较舒服,7,"商业氛围,闲散,咖啡馆,甜点店,餐厅,临河,茶馆,日落,周末,舒服",,,,,,,,,,,,,,,,,,,,,,,,,,,,,,,,,,,,,,,,,,,,,,,,,,,,,,,,,,,,,,,,,,,
漾应的火塘蟠龙天地店是继南京老门东无锡运河汇之后实在建筑设计工作室设计的第三家店也是火塘在上海的首店蟠龙天地由瑞安地产开发历经五年打造承载了1400余年的深厚历史也融合了江南水乡与海派文化的独特韵味成为上海的时尚新地标整体建构以张弦作为主题在顶部形成一个三角张弦木梁体系上弦刚性构件与下弦柔性索的组合通过撑杆连接形成自平衡受力体系使整个结构显得既坚固又轻盈这种轻盈感不仅提升了建筑的空间感还使得建筑更加灵动和富有变化?在木梁的中间采取了第二种结构体系张拉膜结构膜材料具有良好的透光性能为建筑带来自然光同时保持轻盈的外观这种结构不仅让建筑看起来更加灵动和优雅还能创造出通透感这两种刚柔并济的受力方式不仅提高了结构的承载能力还赋予了建筑一种动态的美感三角梁的几何直线与圆形弧线墙体的对比也使得空间更具戏剧性和感染力用餐区域设置在西侧室内舞台及东侧室外火塘中间这样无论在任何时段都能随时观赏演出也可以携带饮品去舞台位置整体内部材料选择使用同款灰色水洗石与水磨石作为底色尽量弱化视觉装饰效果以凸显出张弦结构与舞台营造出自然有机感的庇护场所东侧室外区域作为外摆篝火表演区围绕着火塘用红砖垒砌出高低双层座位及花池同时也利用了场地现有的二层户外连廊形成了一个天然的露天小剧场每当夜晚降临的时候火塘成为一个聚会的场所音乐和篝火让人们聚在一起分享彼此的故事和经历于无形中缔结深厚而真挚的友谊和情感纽带?这使篝火不仅仅是一个物理存在更是一种精神的寄托和情感的共鸣??,10,"古镇原貌,商业水平不高,童年的梦",,,,,,,,,,,,,,,,,,,,,,,,,,,,,,,,,,,,,,,,,,,,,,,,,,,,,,,,,,,,,,,,,,,
??上海的春天真的太治愈了??周末发现一个宝藏赏春地??坠值得逛的地方蟠龙天地????除了赏花还有花船花坞等众多春日活动和装饰??拍照氛围感十足?推荐几个出片点位梦呓花船沪上独一份很梦幻水岸花坞巨型樱花装置好可爱水岸花瀑布被惊艳到了很唯美樱花径好浪漫的一条步道涵春鸟亭很有老街烟火气花街春日意境满满??真的好好逛??建议下午后去玩阳光柔和不晒??拍照也出片,10,"上海,春天,治愈,周末,宝藏,赏春地,蟠龙天地,值得,赏花,花船,花坞,春日活动,装饰,拍照氛围,梦呓花船,沪上,梦幻,水岸花坞,樱花装置,可爱,花瀑布,惊艳,唯美,樱花径,浪漫,步道,涵春鸟亭,老街烟火气,花街,春日意境,下午,阳光柔和,不晒,出片",,,,,,,,,,,,,,,,,,,,,,,,,,,,,,,,,,,,,,,,,,,,,,,,,,,,,,,,,,,,,,,,,,,
"上海蟠龙天地是瑞安房地产开发的大型城市改造项目项目以文化唤醒自然融合城市焕新""为核心理念匠筑上海前门院江南新天地打造一张面向世界的江南文化名片项目总占地面积752亩规划三大功能空间包含约23万方公共公园绿地-蟠龙公园约5万方水乡古镇商业蟠龙天地以及约25万方摩登江南人居范本-蟠龙国际住区Studio Su 担任蟠龙天地导向标识系统的设计顾问工作Located at Hongqiao Central Business District, Shanghai, Panlong Tiandi is an urban retreat destination developed by Shui On Group that integrates commercial, residence, hotel & green space. Evolving the XINTIANDI brand, Panlong Tiandi has a master-planning community of more than 500,000 sqm, including a 53,000 sqm commercial space and a 230,000 sqm green & public space. It will build a new XINTIANDI surrounded by green parks celebrating urban retreat concept.",7,文化唤醒,自然融合,城市焕新,江南文化,公共公园绿地,水乡古镇商业,摩登江南人居,,,,,,,,,,,,,,,,,,,,,,,,,,,,,,,,,,,,,,,,,,,,,,,,,,,,,,,,,,,,,
趁今天是本周最后一个好天气出发前往青浦蟠龙天地city walk一下杨浦出发坐地铁8号2号17号耗时约1.5小时蟠龙天地有停车场???但是建议平日前往节假日和周末人一定很多因为景区有江南水乡的风景却没有猪蹄和烤肠在古镇中独树一帜充满个性景区内餐饮很多中餐西餐简餐都有非常全面总体而言去对了时间那体验值就很好了,7,"江南水乡,风景,猪蹄,烤肠,古镇,餐饮,中餐,西餐,简餐",,,,,,,,,,,,,,,,,,,,,,,,,,,,,,,,,,,,,,,,,,,,,,,,,,,,,,,,,,,,,,,,,,,
上一篇写了上海蟠龙天地的导视这一篇继续写蟠龙天地的公共空间街区以明清的蟠龙古镇为原型打造了新的蟠龙十景建筑手法上传承了古韵又营造了现代诗画意境摄影师在这里毫不费力就可出片沿湖亭台楼阁相互借景重重透视建筑用了青黑褐不施粉黛质雅朴素公区植物常绿点缀各色鲜花春天气息扑面而来非标商业公园商业古镇文旅国际街区这里有多个标签可以轻松地浪费大半天美好时间美丽无需多言美图看见所有愉悦??蜂友觉得内容对你有帮助请点赞收藏支持??只聊 跟 商业旅行读书 有关的话题欢迎来到我的主页我是无锡商业小蜜蜂,10,"古镇,古韵,现代诗画意境,摄影师,沿湖亭台楼阁,相互借景,重重透视,建筑,青黑褐,不施粉黛,质雅朴素,公区植物,常绿,各色鲜花,春天气息,非标商业,公园商业,古镇文旅,国际街区,美好时间,美丽,美图,愉悦",,,,,,,,,,,,,,,,,,,,,,,,,,,,,,,,,,,,,,,,,,,,,,,,,,,,,,,,,,,,,,,,,,,
趁今天是本周最后一个好天气出发前往青浦蟠龙天地city walk一下杨浦出发坐地铁8号2号17号耗时约1.5小时蟠龙天地有停车场???但是建议平日前往节假日和周末人一定很多因为景区有江南水乡的风景却没有猪蹄和烤肠在古镇中独树一帜充满个性景区内餐饮很多中餐西餐简餐都有非常全面总体而言去对了时间那体验值就很好了,1,"江南水乡,风景,猪蹄,烤肠,古镇,餐饮,中餐,西餐,简餐,全面,体验值",,,,,,,,,,,,,,,,,,,,,,,,,,,,,,,,,,,,,,,,,,,,,,,,,,,,,,,,,,,,,,,,,,,
一个城中村一个古镇改造为何超过了很多传统古镇不到二年获得超过四千万客流量@设计观察家 ,7,"城中村,古镇改造,设计观察家",,,,,,,,,,,,,,,,,,,,,,,,,,,,,,,,,,,,,,,,,,,,,,,,,,,,,,,,,,,,,,,,,,,
作为一个街区商业项目其复杂的动线设计与简单直接的盒子型商业相比优缺点十分明显它的优点在于为消费者带来乐趣游览的体验和自然随意的感觉这恰好符合目前无目的放空的城市漫步citywalk潮流然而这些优点的背后同样隐藏着缺点许多顾客抱怨我不知道这里有多少品牌逛得头晕眼花无从找到想去的店铺而商管团队也面临虽然有客流但转化率低进店率不高等困扰针对这一只逛不买的现象其实不必频繁开展大量的促销活动或发放优惠券关键在于将商家及其核心产品和服务充分展现给前来游逛的消费者蟠龙天地在每个主要通道交叉口及通向二楼的楼梯位置统一设置商家导视系统充分为各个品牌引流和曝光这不仅可以防止商家变成隐身的小透明也能让消费者更清晰地了解到有哪些品牌和产品从而激发他们的消费欲望 ,7,"乐趣游览, 自然随意, 城市漫步citywalk, 商家导视系统, 品牌曝光, 消费欲望",,,,,,,,,,,,,,,,,,,,,,,,,,,,,,,,,,,,,,,,,,,,,,,,,,,,,,,,,,,,,,,,,,,
周末遛娃一天竟然溜了三个古镇妈咪最喜欢歇马桥因为很悠闲小可乐最喜欢还是蟠龙天地又好看 又好玩 又好逛 还好吃玩到不肯回家 [哭惹R][哭惹R][哭惹R]位于上海市虹桥商务区瑞安集团打造的UrbanRetreat城市微度假目的地商业 住宅 酒店 绿地于一体延续新天地开放式街区形态打造的公园里的新天地概念所以蟠龙天地并不是那种传统意义上的文化景点它虽然有一些历史元素元代石桥香花桥百年程祠故里但更多的还是仿古商业街区的氛围比较更适合朋友聚会的休闲地[有R]交通便利??上海市青浦区双联路161号自驾导航蟠龙天地古镇即可有三个地下停车场??? 我们停在P3停车场出来即是花园草坪小朋友就不肯走了一定要在这里晒太阳[哭惹R][哭惹R]??地铁也很方便17号线蟠龙路站2号出口站左转过马路既能看到[彩虹R]游玩场地围绕着阉市-南市-北市三个街区我们带娃就是随意闲逛蓝瓶咖啡宁波特产糕点坊中式蛋糕..等等等快乐的游逛吧,9,"悠闲,好看,好玩,好逛,好吃,UrbanRetreat城市微度假,商业,住宅,酒店,绿地,开放式街区,公园,仿古商业街区,交通便利,地下停车场,花园草坪,晒太阳,地铁,彩虹,街区,蓝瓶咖啡,宁波特产糕点坊,中式蛋糕",,,,,,,,,,,,,,,,,,,,,,,,,,,,,,,,,,,,,,,,,,,,,,,,,,,,,,,,,,,,,,,,,,,
??上海的春天真的太治愈了??周末发现一个宝藏赏春地??坠值得逛的地方蟠龙天地????除了赏花还有花船花坞等众多春日活动和装饰??拍照氛围感十足?推荐几个出片点位梦呓花船沪上独一份很梦幻水岸花坞巨型樱花装置好可爱水岸花瀑布被惊艳到了很唯美樱花径好浪漫的一条步道涵春鸟亭很有老街烟火气花街春日意境满满??真的好好逛??建议下午后去玩阳光柔和不晒??拍照也出片,10,"上海,春天,治愈,周末,宝藏,赏春地,蟠龙天地,坠值得逛,赏花,花船,花坞,春日活动,装饰,拍照氛围感,出片点位,梦呓花船,沪上独一份,梦幻,水岸花坞,巨型樱花装置,可爱,水岸花瀑布,惊艳,唯美,樱花径,浪漫,步道,涵春鸟亭,老街烟火气,花街,春日意境,下午后,阳光柔和,不晒,出片",,,,,,,,,,,,,,,,,,,,,,,,,,,,,,,,,,,,,,,,,,,,,,,,,,,,,,,,,,,,,,,,,,,
原始现场原址?? SZ-建筑师我们以木吉他箱体作为空间原型用一个正圆形空间衍生出的墙体包裹门面正中的混凝土柱统一了入口的视觉整体性同时圆与矩形的内切角空间作为店铺的灰空间区域形成外摆区域吸引沿街来往人流驻足观赏吉他箱体内部吉他琴身内部?受木制吉他身形状的启发我们使用了一个圆形空间来包围立面中央的混凝土柱从而恢复入口的视觉统一性圆形和矩形的交汇所创造的空隙空间作为店铺的过渡区提供一个户外座椅区吸引路人停下来留意开窗尺寸店铺内部正圆形空间布局重叠西侧区域的挑高空间则形成了天然的环形演出剧场在经过声学计算及测试后在声波反射较为集中的位置开设了6个不同高度及不同尺寸的窗洞在声学上有效降低了室内混响时间以满足演出要求如同弦类乐器琴身的音孔一样将室内演出的声音有指向性地传到室外同时街上的行人也可以通过这些窗洞听到室内的演出视觉上我们将其中两个较大的窗洞设置成了不同高度的吧台饮酒区而其余的洞口则作为内部采光的补充将阳光引入室内在店里圆形布局与西侧的双层区域重叠自然形成了一个圆形表演剧场经过声学计算和测试六个不同高度和大小的窗户开口被战略性地放置在声波反射更明显的地方这种设计在声学上减少了室内的混响时间以满足表演的要求就像弦乐器的声音孔一样这些开口将室内表演的声音向外引导让街上的人也能欣赏音乐视觉上两个较大的开口设计为不同高度的高架酒吧和饮水区其余的开口用于补充自然光线将阳光带入室内空间不同高度及不同尺寸的窗洞? 大川玛塔临街座位? 马塔奥卡瓦吉他小提琴钢琴古筝这些演出乐器都属于弦类乐器是众多乐器种的一个重要分类之一弦类乐器的发声原理是通过机械的力量使得琴弦发出振动而发出声音这些乐器都需要演奏者通过弓和弦的相互作用来发出声音弓和弦发出的声音是通过二者之间相互滑动摩擦力而产生的通过将弦两头绷紧形成了张力张力的大小决定了弦的音高吉他小提琴钢琴和古筝都是弦乐器家族的一部分这是广泛乐器中的一个主要群体弦乐器发出声音的方式是通过机械力引起的弦的振动这些乐器需要演奏者使用弓和弦来产生声音声音来自两者之间的滑动摩擦当弦的两端拉伸时会产生张力张力的大小决定了弦的音高因此我们探寻整体建构美感的过程中以张弦作为主题在顶部形成一个三角张弦木梁体系上弦刚性构件与下弦柔性索的组合,8,"原始现场原址,木吉他箱体,空间原型,正圆形空间,混凝土柱,视觉整体性,圆与矩形,内切角空间,灰空间区域,外摆区域,沿街人流,驻足观赏,吉他箱体内部,木制吉他身形状,立面中央,入口视觉统一性,空隙空间,过渡区,户外座椅区,吸引路人,开窗尺寸,店铺内部,挑高空间,环形演出剧场,声学计算,测试,声波反射,混响时间,演出要求,音孔,室内演出声音,指向性,街上的行人,窗洞,视觉效果,不同高度吧台,饮酒区,内部采光,阳光引入室内,圆形布局,双层区域,表演剧场,声学性能,窗户开口,弦类乐器,琴弦振动,发声原理,机械力量,演奏者,弓和弦,滑动摩擦力,张力,音高,建构美感,张弦主题,三角张弦木梁体系,上弦刚性构件,下弦柔性索",,,,,,,,,,,,,,,,,,,,,,,,,,,,,,,,,,,,,,,,,,,,,,,,,,,,,,,,,,,,,,,,,,,
项目名称集z坊地点上海原创如恩设计研究室原创设计\2020年如恩为天然生活方式品牌集z坊设计了其在上海的首家旗舰店如今如恩与集z坊再度合作为其打造蟠龙天地的两家门店一间是形似原始木屋的集z坊另一间则是由混凝土打造的庇护所Woven?Moonlight两个空间毗邻彼此各自独立又相互对望如恩根据两个空间不同品牌的定位和需求制定了不同的设计策略集z坊设计灵感来源于法国建筑理论家劳吉尔Marc-Antoine Laugier所提出的所有建筑的基础原型都是原始木屋 (primitive hut)这种剥离了装饰与风格的原始木屋建立了人与自然最基本的关系它为人类提供了庇护场所并与自然互相连接这与集z坊想要传达的理念相契合天然纤维材质是生活与自然的纽带置入式的木屋结构塑造了融合居住与生活的精神空间为产品提供了展示平台,7,古镇原貌,商业水平不高,童年的梦,,,,,,,,,,,,,,,,,,,,,,,,,,,,,,,,,,,,,,,,,,,,,,,,,,,,,,,,,,,,,,,,,
位于青蒲的蟠龙天地不得不说还是值得一去的停车:停车位充足 每小时8元 在里面消费可以积分兑换停车费 记得问商家要小票哦市集:集市整体还不错 挺多商家独创品牌网上没有 价格也不贵 东西别出心裁 看看逛逛心情都很好喝:饮品店很多 咖啡 奶茶 港式 围炉煮茶各式各样基本啥都有 店铺都很干净 挺小咨的吃:吃的话里面云南菜 :麦麦山云南菜 元古境湘菜:芙蓉霄 这家店我们去吃了 看点评好多差评 不过还是去吃了哈哈 菜很新鲜鱼头还是现杀的 其他菜也都是现炒现做的 爱吃辣的可以去试试 还可以打卡送豆花挺好吃的还有很多意式餐厅??年轻人还挺多的拍照打卡景点也很多 庭院休息夏天还会开雾冰 不会很热还有一个蟠龙庙很舒胜我们是下午去的吃好晚上都没逛完周末五一推荐交通出行逛上一天没问题,9,"停车位充足,价格也不贵,东西别出心裁,饮品店很多,店铺都很干净,菜很新鲜,现杀,现炒现做,打卡送豆花好吃,拍照打卡景点很多,庭院休息,开雾冰,蟠龙庙舒胜",,,,,,,,,,,,,,,,,,,,,,,,,,,,,,,,,,,,,,,,,,,,,,,,,,,,,,,,,,,,,,,,,,,
我赶在烟雨朦胧中到访了位于青浦的蟠龙天地正值雨季又不是周未整个街区人气略显一般这里开业至今有一年了已成了上海周边区域型消费度假的又一场所整个街区以河为界分为南市和北市蟠龙天地是在1400多年的蟠龙古镇的旧址上进行改建23万方的公园绿地是占地面积最大的因此也被称之为公园式商业你不能当它是一个古镇从案名上来讲它就是瑞安集团天地系列的一个商业项目从英译的案名XINTIANDI便可以看出守旧中创新的并不是在物业形态上严格意义来讲蟠龙天地没有脱离传统江南古镇的影子除了余德耀美术馆COCO-MAT酒店之外没有那种特别出跳的建筑它还是在原来的江南古镇的雏形上进行了空间材料景观等方面的焕新江浙沪太多古镇了江南六大古镇便足以让古镇这种景区式的商业同质化更别说周边还有朱家角枫泾古镇新场古场南翔古镇等这也是项目规划之初必须要面对的课题作为城中村改造项目瑞安在开发过程中必须考虑到整体项目盈利点又要考虑作为配套的商业部分能够运营起来权衡这种关系势必需要利用自身的优势进行考良可凭借新天地强大的商业IP在招商过程发挥强大的优势因此商业部分以自持的方式运营也保证了商业操盘中最核心的部分统一运营管理这确保了不受小业主干扰更不会涉及返租包租免租等售后问题通过商业价值的提升服务管理来带动区域版块价值进而拉升住宅部分的溢价这一点和万科良渚文化村类似万科通过自持商业部分玉鸟流苏食街玉鸟集前身匹配了君澜度假酒店大屋顶艺术中心教堂养老社区茶语公园等来带动了文化村整体版块的价值提升而且这两个项目都提出了同一个定位微度假社区模式两者具备了地理属性操盘思路商业运营等诸多的类似之处回到商业的业态上那么问题来了设想更新改造后的商业街区如果还卖臭豆腐还卖土特产还卖腊肉腊肠这个商业街区不就成了和其它古镇一样的商业了吗这对于瑞安这样具备强大商业操盘能力的开发企业来讲肯定不是选择因此我们现在所看到的商业业态的选择是必然中的必然用现代场景商业反哺周边社区配套因此它不是景区它是区域商业如果把蟠龙天地当成旅游景区大致会有一些失落感的,7,烟雨朦胧,青浦,蟠龙天地,开业一年,上海周边,区域型消费度假,街区,河,南市,北市,1400多年,蟠龙古镇,旧址改建,23万方,公园绿地,占地面积最大,公园式商业,瑞安集团,天地系列,商业项目,XINTIANDI,守旧中创新,物业形态,江南古镇,余德耀美术馆,COCO-MAT酒店,建筑,空间材料景观焕新,江浙沪,古镇景区,商业同质化,朱家角,枫泾古镇,新场古场,南翔古镇,城中村改造,整体项目盈利点,配套商业部分运营,自身优势,新天地商业IP,招商优势,商业自持运营,统一运营管理,小业主干扰,返租包租免租问题,商业价值提升,服务管理,区域版块价值拉升,住宅溢价,万科良渚文化村,玉鸟流苏食街,玉鸟集前身,君澜度假酒店,大屋顶艺术中心,教堂,养老社区,茶语公园,微度假社区模式,地理属性,操盘思路,商业运营,商业业态选择,更新改造,现代场景商业,反哺周边社区配套,区域商业,旅游景区,失落感
上海市内的江南水乡徐泾蟠龙天地在上海市区的高楼大厦旁也能找到这样一座江南水乡有水乡古镇的小桥流水白墙青瓦也拥有各类餐厅和工艺小店而且还宠物友好搭配市集内各类小摊前的烟火气让整体氛围更显松弛,9,"江南水乡,小桥流水,白墙青瓦,餐厅,工艺小店,宠物友好,市集,小摊,烟火气,氛围,松弛",,,,,,,,,,,,,,,,,,,,,,,,,,,,,,,,,,,,,,,,,,,,,,,,,,,,,,,,,,,,,,,,,,,
"Hi大家好我是Jason周末去了??蟠龙天地直接被春日限定的美景拿捏住体验感超绝迫不及待想分享给大家????打卡攻略?今年蟠龙天地着力打造了6大装置景点1??梦呓花船装满繁花的梦中小船图1?图5图6??位置位于主河道?时间每天11:00-20:002??樱花径樱花已经盛开适合拍照图2??位置庵市樱花径近CAMP.333??水岸花坞水曲桥和映月桥上樱花装饰傍晚亮灯以后很漂亮图7图84??南市花街由彩色巨型花瓣铺装的商业街很有创意亮灯后更美图15图16??位置庵市近moreprk南市近gaga5??蟠龙水集. 花鸟鱼市以花鸟鱼虫主题的小摊点走走逛逛可以发现很多小惊喜和美好图9图13??位置程祠草坪?时间每天11:00-20:006??涵春鸟亭一个充满花香鸟语的美地图17??位置涵春广场近foodietempo7??春日牧场这里的小动物太可爱了还可近距离接触大人小孩都喜欢亲子游不要错过图18??位置童心乐园?建议游览顺序樱花径??春日牧场??蟠龙水集. 花鸟鱼市??梦呓花船??涵春鸟亭??水岸花坞??南市花街??出行交通??定位蟠龙天地??交通蟠龙天地地下停车场8R/H??交通蟠龙路地铁站2号口出,步行800米??Tips?白天和傍晚景色都很美尤其是傍晚蓝调18:00-18:30亮灯的时候时刻图7图8很梦幻不要错过?樱花主要位于樱花径主河边以及南市街也有不少樱花图3图4目前正在盛花期?上午人会少一些方便拍照?详细攻略图见??留言区置顶??有疑问或希望我去哪里打卡欢迎留言??订阅点赞Jason带你去看更多魔都攻略",6,"春日限定,美景,体验感,梦呓花船,繁花,小船,主河道,樱花径,樱花,拍照,CAMP.33,水岸花坞,水曲桥,映月桥,樱花装饰,亮灯,南市花街,彩色巨型花瓣,商业街,蟠龙水集,花鸟鱼市,小摊点,程祠草坪,涵春鸟亭,花香鸟语,涵春广场,春日牧场,小动物,亲子游,童心乐园,蓝调,盛花期",,,,,,,,,,,,,,,,,,,,,,,,,,,,,,,,,,,,,,,,,,,,,,,,,,,,,,,,,,,,,,,,,,,
水韵蟠龙脉动千年蟠龙天地将江南水乡的温婉与现代都市的活力相融合绝对是上海周边游的绝佳去处想去打卡的小姐妹攻略请查收?????停车指南?开车的姐妹直接导航 蟠龙天地停车场有 5 个停车场出入都很方便停车八元每小时某??有券自己搜能便宜一些要是停车场满了靠近主入口的马路边也能停但对车技有点考验另外5 分钟路程外的进博会停车场20 块钱一天也是个不错的选择就是过来要走点路???打卡点推荐?烟雨廊桥融合了东方石拱桥古典美与西方廊桥创新形态夜晚灯光亮起氛围感直接拉满穿旗袍来拍照超美?程家祠堂清乾隆年间的杰作在这里能了解古镇的历史文化完整呈现了蟠龙天地开发的 10 年记?蟠龙水集江南古风集市各种有意思的摊位和复古游戏蹴鞠风筝飞镖等带娃来玩再合适不过?溪桥应泊近处的树远处的桥伴着夜晚灯光倒映在水面朦胧又梦幻超级出片?十字街特色商业街粉墙黛瓦诗意盎然很适合约会散步???餐厅推荐  坠入 Bistro 贵州创意菜?逛累了就来尝尝这家超有特色的贵州创意菜他家在河边有景观位一般需要早点去才抢得到这个天气边欣赏江南水乡美景边品尝美食惬意十足?菜品姐妹们都觉得不错不止有景观而已味道也杠杠的强烈推荐?????贵州红酸汤鱼或者牛肉汤汁酸辣开胃鱼肉牛肉都很鲜嫩酸汤最近太合我胃口了?????怪噜饭各种食材与米饭完美融合口感丰富味道独特???芝麻冰淇淋香甜芝麻与冰凉冰淇淋结合口感丝滑甜而不腻超赞的饭后甜品?这里的酒水也很有特色有自然葡萄酒还有来自贵州大山深处酒厂的精酿啤酒店里装修复古氛围感十足说不定还能听到帅气员工小哥唱歌哦?????游玩小贴士?可以下午 34 点左右到蟠龙天地既能感受白天的热闹逛逛古镇建筑又能等待傍晚落日余晖和晚上的灯光夜景?拍照??非常出片好的景致只是人也很多周末节假日人可能会比较多建议错峰出行?,9,"江南水乡,现代都市,活力,温婉,融合,绝佳去处,烟雨廊桥,东方石拱桥,西方廊桥,氛围感,程家祠堂,古镇历史,文化,蟠龙天地开发,十年记,蟠龙水集,古风集市,复古游戏,溪桥应泊,十字街,特色商业街,粉墙黛瓦,诗意盎然,贵州创意菜,景观位,江南水乡美景,红酸汤鱼,牛肉汤汁,酸辣开胃,鲜嫩,怪噜饭,口感丰富,味道独特,芝麻冰淇淋,香甜,丝滑,自然葡萄酒,精酿啤酒,复古氛围,落日余晖,灯光夜景,出片",,,,,,,,,,,,,,,,,,,,,,,,,,,,,,,,,,,,,,,,,,,,,,,,,,,,,,,,,,,,,,,,,,,
第一次往青浦蟠龙天地去逛了一圈很有意思整个商圈设计成古镇还有各种传统手工艺品摊位花鸟鱼虫市场吃吃喝喝都有而且是宠物友好型[害羞R]在草坪上看了好久的小狗很适合假日去闲逛,9,"古镇,传统手工艺品摊位,花鸟鱼虫市场,吃吃喝喝,宠物友好型,草坪,小狗,假日",,,,,,,,,,,,,,,,,,,,,,,,,,,,,,,,,,,,,,,,,,,,,,,,,,,,,,,,,,,,,,,,,,,
镜头使用七工匠AF24F1.8FE 到此一游七工匠最新发布的一款广角(也有人把24mm定义超广角)镜头全画幅自动对焦全金属材质[一R]24mm风光黄金焦段 没有夸张变形 适合接片[二R]f1.8大光圈 星空摄影 婚礼室内人像也没问题[三R]自动对焦 视频对焦也ok 非常快 不跑焦[四R]3片ED超低色散镜片 有效降低色散紫边[五R]2片非球面镜片 有效降低畸变 提升边缘画质[六R]2片高折射镜片 有效提升综合画质 减少镜片数量 减轻镜头重量体积[七R]AF/MF切换按钮 非常紧实 不容易误操作[八R]FN自定义按钮 可注册功能[九R]无级可调光圈环[一R][零R] 全金属材质结实耐用[一R][一R]重量约420g[一R][二R]滤镜尺寸62mm[一R][三R]最近对焦0.32m[一R][四R]镜头长度92mm 直径72mm[一R][五R]光圈11片[一R][六R]慧差控制很不错[一R][七R]全开 边缘画质也很棒[一R][八R]紫边小[一R][九R]畸变控制好[二R][零R] 售价1860  首发1790,24,"镜头,七工匠AF24F1.8FE,全画幅,自动对焦,全金属材质,24mm,风光黄金焦段,无变形,接片,f1.8大光圈,星空摄影,婚礼室内人像,视频对焦,快,不跑焦,ED超低色散镜片,降低色散紫边,非球面镜片,降低畸变,提升边缘画质,高折射镜片,综合画质,减轻重量体积,AF/MF切换按钮,紧实,不易误操作,FN自定义按钮,无级可调光圈环,结实耐用,重量约420g,滤镜尺寸62mm,最近对焦0.32m,镜头长度92mm,直径72mm,光圈11片,慧差控制,边缘画质,紫边小,畸变控制好,售价1860,首发1790",,,,,,,,,,,,,,,,,,,,,,,,,,,,,,,,,,,,,,,,,,,,,,,,,,,,,,,,,,,,,,,,,,,
项目 |?余德耀美术馆新馆类型 |?博览类建筑体量 |?S-1868.5位置 |?中国上海市蟠龙天地设计 |?山水秀建筑事务所设计者提取山墙和双坡顶这两个基本元素进行新的解构和重组起结构支撑作用的山墙被中分为二成为半山墙双坡顶则变向为反内坡用两片桁架折板组成外向的双飞檐雨水沿中间的槽链流下它们的组合生成了新的建筑形制成为构成廊道的基本语言由半墙左右交替支撑的双飞檐廊用互承结构的方式交织成整个廊院系统 北临河滨南接绿地东倚竹屏在最紧要的西侧与市镇之间有意疏离运用庭院和廊道来编织空间漫游将通常明晰的建筑里外关系模糊化让喧嚣和沉静在各得其所后得以遥相互望场地中西南北三向均有客来一组风车状的廊道西接小镇南通绿地北抵河桥东连水岸这组廊道将场地划为四个象限西南水稻田西北草坪场东北河埠头东南美术馆四向错位廊道在交汇处形成一个庭院成为美术馆的半室外玄关室内空间和室外廊院是美术馆不可分割的一体两翼为了营造两者的完整性和连续性设计者进一步融合了里外的界限不仅在内部空间的坡顶和外部廊院的坡顶采用了相同的几何模数和桁架折板结构坡顶表面的材料也完全相同在主展厅外围的小展厅和咖啡厅设计者在西北两面通过落地窗引入了更多自然光和外部的风景更多案例请关注ARCHNOTES 筑释?,6,"古镇原貌,商业水平不高,童年的梦",,,,,,,,,,,,,,,,,,,,,,,,,,,,,,,,,,,,,,,,,,,,,,,,,,,,,,,,,,,,,,,,,,,
??3月带娃遛老神仙去处附亲测红榜避坑推荐?谁说江南古镇千篇一律魔都蟠龙天地美出圈了小桥流水+时髦街区+遛娃天堂附赠人均50吃撑攻略周末带全家解锁水墨江南的正确打开方式~??5大必打卡亮点? 烟雨长廊神仙机位??推荐程家祠堂前石拱桥清晨薄雾时get周杰伦同款青花瓷意境??穿汉服/浅色系超出片古镇提供免费油纸伞道具? 非遗文化沉浸体验??龙凤楼定期有苏绣/盘扣手作课提前公号预约??带娃必看皮影戏14:00/16:00两场童趣版西游记? 宠物友好天堂??划重点可带毛孩子坐摇橹船30元/人??宠物驿站提供免费拾便袋+饮水点? 儿童乐园秘境??古镇深处的童趣岛藏着实木攀爬架+沙坑??露天茶座有围炉煮茶老人喝茶看娃两不误? 夜樱限定浪漫??3月中下旬沿河樱花全开18点后灯笼亮起秒穿京都??最佳观赏点蟠龙庵前渡月桥??美食红黑榜??红榜闭眼冲系列-teastone一人一壶一茶新中式茶饮-Enchante安上烘焙抹茶千层一口惊艳-香港宝林糖水铺翡翠开心果糊好好食- 糯叽叽星人必买年之糕当季青团大米年糕/年糕海棠糕/桂花酒酿米糕??游玩Tips??自驾导航蟠龙天地P 12停车场全天20块一次性收费??地铁17号线蟠龙路站2号口??推荐时段工作日9-11点人最少周末建议赶早饭点排队预警宁可早点去??带娃必备推车友好石板路有防滑设计三月微风正好快带上全家老小在蟠龙古镇遇见诗意的春天吧记得收藏这篇解锁99%人不知道的隐藏玩法~,10,烟雨长廊,程家祠堂,石拱桥,清晨薄雾,周杰伦同款青花瓷意境,汉服,浅色系,古镇提供免费油纸伞道具,非遗文化沉浸体验,龙凤楼,苏绣,盘扣手作课,皮影戏,童趣版西游记,宠物友好天堂,毛孩子坐摇橹船,宠物驿站提供免费拾便袋+饮水点,儿童乐园秘境,古镇深处的童趣岛,实木攀爬架,沙坑,露天茶座有围炉煮茶,老人喝茶看娃两不误,夜樱限定浪漫,沿河樱花全开,灯笼亮起,蟠龙庵前渡月桥,,,,,,,,,,,,,,,,,,,,,,,,,,,,,,,,,,,,,,,,,
上海市内的江南水乡徐泾蟠龙天地在上海市区的高楼大厦旁也能找到这样一座江南水乡有水乡古镇的小桥流水白墙青瓦也拥有各类餐厅和工艺小店而且还宠物友好搭配市集内各类小摊前的烟火气让整体氛围更显松弛,8,"江南水乡,小桥流水,白墙青瓦,餐厅,工艺小店,宠物友好,市集,小摊,烟火气,氛围,松弛",,,,,,,,,,,,,,,,,,,,,,,,,,,,,,,,,,,,,,,,,,,,,,,,,,,,,,,,,,,,,,,,,,,
第一次往青浦蟠龙天地去逛了一圈很有意思整个商圈设计成古镇还有各种传统手工艺品摊位花鸟鱼虫市场吃吃喝喝都有而且是宠物友好型[害羞R]在草坪上看了好久的小狗很适合假日去闲逛,9,"古镇,传统手工艺品摊位,花鸟鱼虫市场,吃吃喝喝,宠物友好型,草坪,小狗,假日",,,,,,,,,,,,,,,,,,,,,,,,,,,,,,,,,,,,,,,,,,,,,,,,,,,,,,,,,,,,,,,,,,,
走走逛逛极度舒服瑞安功力深厚对比起来杭州同风格的吉祥里非常汗颜[捂脸R],9,"舒服, 功力深厚, 对比, 汗颜",,,,,,,,,,,,,,,,,,,,,,,,,,,,,,,,,,,,,,,,,,,,,,,,,,,,,,,,,,,,,,,,,,,
上海蟠龙天地据说是新天地的续集是青浦的古镇和朋友半信半疑地来此兜了一圈古镇位于上海虹桥商务区是城市微度假目的地集商业住宅酒店绿地于一体延续了新天地的开放式街区的商业形态打造公园里的新天地探索生活的另一种写法蟠龙天地以文化唤醒自然融合城市焕新为理念升级打造了一座江南千年古镇蟠龙镇携手余德耀美术馆COCO-MATHotelBlueBottle Coffee蓝瓶咖啡等品牌带来了文化与自然融合的都市理想生活从市区坐上17号地铁线至蟠龙站仅2站下车步行5分钟左右就到了花园型的古镇小桥流水穿越石拱桥小渡船载着游人悠然漫行水岸两边是餐厅??咖啡??奶茶铺??各种餐饮云集在古镇上应有尽有午间我们在安徽菜皖荟餐厅停留久违的徽菜的确不凡特别是黄山臭Z鱼的浓汁和蒙城烤烧饼的松脆和江浙沪菜肴相比它的重口味能让你过把瘾,8,"古镇,小桥流水,石拱桥,小渡船,餐厅,咖啡,奶茶铺,餐饮,安徽菜,皖荟餐厅,徽菜,黄山臭Z鱼,蒙城烤烧饼,重口味",,,,,,,,,,,,,,,,,,,,,,,,,,,,,,,,,,,,,,,,,,,,,,,,,,,,,,,,,,,,,,,,,,,
使用七工匠AF24F1.8FE@七工匠 @七工匠-刘文杰 @七工匠7Artisans七工匠最新发布的一款广角(也有人把24mm定义超广角)镜头全画幅自动对焦全金属材质[一R]24mm风光黄金焦段 没有夸张变形 适合接片[二R]f1.8大光圈 星空摄影 婚礼室内人像也没问题[三R]自动对焦 视频对焦也ok 非常快 不跑焦[四R]3片ED超低色散镜片 有效降低色散紫边[五R]2片非球面镜片 有效降低畸变 提升边缘画质[六R]2片高折射镜片 有效提升综合画质 减少镜片数量 减轻镜头重量体积[七R]AF/MF切换按钮 非常紧实 不容易误操作[八R]FN自定义按钮 可注册功能[九R]无级可调光圈环[一R][零R] 全金属材质结实耐用[一R][一R]重量约420g[一R][二R]滤镜尺寸62mm[一R][三R]最近对焦0.32m[一R][四R]镜头长度92mm 直径72mm[一R][五R]光圈11片[一R][六R]慧差控制很不错[一R][七R]全开 边缘画质也很棒[一R][八R]紫边小[一R][九R]畸变控制好,24,"七工匠,AF24F1.8FE,全画幅,自动对焦,全金属材质,24mm,风光黄金焦段,不夸张变形,接片,f1.8大光圈,星空摄影,婚礼室内人像,视频对焦,快,不跑焦,ED超低色散镜片,降低色散紫边,非球面镜片,降低畸变,提升边缘画质,高折射镜片,提升综合画质,减轻镜头重量体积,AF/MF切换按钮,紧实,不易误操作,FN自定义按钮,注册功能,无级可调光圈环,全金属材质结实耐用,重量约420g,滤镜尺寸62mm,最近对焦0.32m,镜头长度92mm,直径72mm,光圈11片,慧差控制,边缘画质,紫边小,畸变控制好",,,,,,,,,,,,,,,,,,,,,,,,,,,,,,,,,,,,,,,,,,,,,,,,,,,,,,,,,,,,,,,,,,,
上海5大代表性非标商业1??EKA?天物城市创变先行者商业面积6.7万开业时间2024年5月??EKA天物上海航海仪器总厂改造而来的开放式街区集办公商业酒店艺术等于一体建筑美学与潮流时尚深度融合的商业典范EKA代表E逆势探新K匠?造诣A美学聚落近40栋建筑汇聚创意零售咖啡餐酒生活美学艺术展陈休闲体验和音乐戏剧等业态2??蟠龙天地Urban Retreat城市微度假目的地商业面积4.8万开业时间2023年4月??现代都市与江南水乡融合融合的美丽范本依托古镇文化3公里天然水系及23万平米公园绿地围绕Culture文化唤醒Nature自然融合核心理念引入宠物友好设计家居户外生活美学零售情调美食等品牌吸引80+首店余德耀美术馆蓝瓶咖啡LOKALCamp .33木墨PUYEEMINI MARSCOCO-MAT Hotel品牌在列3??张园上海城市会客厅商业面积6.2万开业时间2022年12月??新旧潮流碰撞的海上名园上海石库门建筑群肌理完美利用中西合璧兼容文化艺术时尚等元素强调重奢品牌引入安垲第俱乐部蓝瓶咖啡宝格丽香氛BY FAR迪奥古驰路易威登等品牌在列4??鸿寿坊上海生活的精致烟火商业面积1.5万开业时间2023年9月?? 美食链接邻里社区+万物皆可市集+沪上精致烟火 是鸿寿坊传达的核心理念商业街区+开放中庭格局二层靠连廊相通开合有致首批60余个富有情调美食主的品牌汇聚在此瑞安孵化的第三代Foodie Social 是美食区的典范室外打造日咖夜酒成年轻人的青睐地5??龙华会沪上首座对望千年古刹的街区商业商业面积8.8万开业时间2023年9月??依托千年古刹龙华寺以龙华街巷妙会横生为核心成为品牌共创的理想街区集结地成都太古里的设计团队主导采用开放市集+店铺内退+半开放空间的构建形式无缝链接1112号线地铁业态涵盖特色美食咖啡茶饮主理人品牌潮流运动宠物生活方式等类型龙华妙会更是点睛之笔??你们认为谁才是上海非标商业之王,6,"古镇文化,3公里天然水系,23万平米公园绿地,Culture文化唤醒,Nature自然融合,宠物友好,设计家居,户外生活美学零售,情调美食",,,,,,,,,,,,,,,,,,,,,,,,,,,,,,,,,,,,,,,,,,,,,,,,,,,,,,,,,,,,,,,,,,,
有多少人此前听过蟠龙古镇呢好在它身在大上海身在大虹桥自有大能见度有大开发商青睐有大胆的实践机会当摇橹船照旧穿过石桥的桥洞再抬头岸上的酱园染坊绸缎庄已经变成蓝瓶咖啡再好的设计都不如延续原有的自然走势继承原有的活动尺度遵循原有的运行逻辑这是一条此前少有人走的捷径古镇本来就因商贸而兴蟠龙天地放大并更新了这一属性以一种商业上悖时的面貌呈现出古镇先锋的形式也许代表了某种趋势和方向一如二十年前的新天地一样超前的手笔古镇难做怎么做都会有人批评商业难做怎么做都要面对下行压力或许蟠龙天地没有达成高预期但至少给我们展示了古镇保护商业开发的另一种可能在这个存量为主的时代古镇项目不但不会是增量反而是引人叹息的减量拖动时间与地域的比例尺古镇古村每天都在大量消失批量化的复制粘贴已然成为过去式-?? 蟠龙天地是2014年上海首批启动的城中村改造标杆项目之一包括公共绿地水乡古镇商业空间和居住区等三大功能空间?? 蟠龙的历史最早可以追溯到距今 1400年前的隋朝时期是青浦乃至江南地区较早形成的市镇之一因水而兴的蟠龙旧时商业繁盛是一个典型的江南富庶水乡?? 地铁17号线蟠龙路站,7,"古镇, 商贸, 设计, 自然走势, 活动尺度, 运行逻辑, 商业, 悖时, 先锋, 趋势, 方向, 古镇保护, 商业开发, 存量, 增量, 减量, 时间, 地域, 比例尺, 批量化, 复制粘贴, 城中村改造, 公共绿地, 水乡古镇, 商业空间, 居住区, 隋朝, 江南, 富庶水乡",,,,,,,,,,,,,,,,,,,,,,,,,,,,,,,,,,,,,,,,,,,,,,,,,,,,,,,,,,,,,,,,,,,
白天的蟠龙天地太太太好逛了真的做到宠物友好会握手的帅气德文穿Lululemon和各式小裙子的狐B超级可爱会微笑的柴犬啾啾/JoJo,9,"蟠龙天地,宠物友好,帅气德文,小裙子,狐B,柴犬,啾啾,JoJo",,,,,,,,,,,,,,,,,,,,,,,,,,,,,,,,,,,,,,,,,,,,,,,,,,,,,,,,,,,,,,,,,,,
漾应的火塘蟠龙天地店是继南京老门东无锡运河汇之后我们受邀设计的第三家店也是火塘在上海的首店蟠龙天地由瑞安地产开发历经五年打造承载了1400余年的深厚历史也融合了江南水乡与海派文化的独特韵味成为上海的时尚新地标YOUNG INNS FIRE PUB盘龙天地店是继南京老门洞和无锡运河码头之后上海首家FIRE PUB店的设计盘龙天地由水安陆公司开发历时5年历时1400多年它将江南水乡的独特魅力与上海的文化和谐地融合在一起确立了自己作为上海新时尚地标的地位立面facade?? Mata Okawa漾应的火塘诞生于疫情期间火塘的核心是音乐与篝火音乐是全世界共同的语言没有任何语言能像音乐一样诗意地吟唱出人类的历史和文化它能够跨越社会经济与身份的差异将所有不同年龄段和不同文化背景的人联系在一起点燃篝火如同在寒冬的夜晚点燃光明与希望成为了很多年轻人心灵的港湾剖透视剖面透视?? SZ-建筑师青年旅馆的篝火PUB在疫情期间出现其核心围绕音乐和篝火音乐是一种人人都能理解的语言没有其他形式的表达能像它一样诗意地传达人类的历史和文化它具有弥合社会经济和身份差距的能力将不同年龄和不同文化背景的人团结在一起点燃篝火就像为寒冷的夜晚带来光明和希望为众多年轻人的精神提供庇护立面概览立面概述?? 马塔奥卡瓦我们力求避免传统商业演出空间的繁复装饰与夜店属性通过声学空间的原型探索及自然材料的使用增强火塘特有的文艺性和精神性使其成为供人疗愈心灵的场所及精神文化空间我们的目标是避开传统商业表演场所的精致装饰和夜总会特色通过对声学空间原型的探索和自然材料的使用我们寻求提升FIRE PUB独特的艺术和精神属性从而将其转变为疗愈的避风港和精神文化充实的空间立面中间的混凝土柱一个位于中心位置的混凝土柱?? Mata Okawa店铺为一个东西向两开间的矩形空间而南北向的门面居中位置被一根混凝土柱一分为二整体性被破坏对于开业后客人视觉体验有较大影响店面采用从东向西延伸的长方形布局设有两个海湾其南北立面被位于中心的混凝土柱分隔开来这破坏了整体视觉的凝聚力极大地影响了顾客进入店内时的初始印象,7,"古镇原貌,商业水平不高,童年的梦",,,,,,,,,,,,,,,,,,,,,,,,,,,,,,,,,,,,,,,,,,,,,,,,,,,,,,,,,,,,,,,,,,,
蟠龙天地爆改春日限定江南人潮退散版,4,"蟠龙天地,爆改,春日,限定,江南,人潮,退散",,,,,,,,,,,,,,,,,,,,,,,,,,,,,,,,,,,,,,,,,,,,,,,,,,,,,,,,,,,,,,,,,,,
东风夜放花千树更吹落星如雨新年的气氛如期而至江南百景万家灯火愿这世界赠与我们从容与感恩祝大家过个好年好运连连The spirit of the Chinese New Year has arrivedHundreds of lanterns light up the Jiangnans skyWishing the world give us more grace & gratitudeand wish you all a good year and good luck??上海蟠龙天地,10,"新年, 气氛, 江南, 灯火, 世界, 从容, 感恩, 好运",,,,,,,,,,,,,,,,,,,,,,,,,,,,,,,,,,,,,,,,,,,,,,,,,,,,,,,,,,,,,,,,,,,
休闲遛狗喝茶好去处,8,"休闲,遛狗,喝茶,好去处",,,,,,,,,,,,,,,,,,,,,,,,,,,,,,,,,,,,,,,,,,,,,,,,,,,,,,,,,,,,,,,,,,,
???地址青浦区蟠鼎路123弄近地铁17号线蟠龙路站??推荐时间周末10:00-20:00夜景超美??交通地铁17号线蟠龙路站3号口步行5分钟??停车P1/P2停车场免费3小时周末建议10点前到??必拍打卡点1??烟雨长廊建议穿新中式/浅色系下午4点光影最佳2??蟠龙十景香花桥程祠故里超出片夜景灯光超梦幻3??余德耀美术馆二楼露台拍全景近期有山水与科技特展门票504?? 萌宠乐园狗狗社交场超大草坪+宠物饮水机铲屎官必带毛孩子来撒欢偶遇网红柯基团?? 吃货指南??Blue Bottle蓝瓶咖啡古镇里的极简风咖啡馆推荐拿铁+华夫饼二楼窗边座位秒出ins风大片??平成屋日式烧鸟灯笼墙+榻榻米仿佛穿越到京都我的前半生同款提灯和明太子西葫芦必点??菽水小馆素食主义禅意庭院风菌菇汤面鲜掉眉毛人均30+性价比超高!?弗兰克西餐厅?Galla R by Ribone花园Brunch沿河坐落河景超赞来杯咖啡惬意享受下午茶时光?? 小众购物清单??猫的天空之城限定蟠龙明信片+撸猫??木墨手工木质家居香薰蜡烛控必入??江南百景图POP-UP游戏周边限量发售??布兰兔少女心爆棚的伴手礼清单???? 小贴士? 周末人多建议早到or工作日傍晚来? 穿平底鞋石板路走久会累? 关注官方号经常有汉服体验/手作活动还不知道周末去哪儿快快收藏周末说走就走 ?????,9,"烟雨长廊,新中式,浅色系,光影,蟠龙十景,香花桥,程祠故里,夜景灯光,余德耀美术馆,山水与科技特展,萌宠乐园,狗狗社交场,超大草坪,宠物饮水机,Blue Bottle蓝瓶咖啡,古镇,极简风,拿铁,华夫饼,ins风大片,平成屋,日式烧鸟,灯笼墙,榻榻米,提灯,明太子西葫芦,菽水小馆,素食主义,禅意庭院风,菌菇汤面,弗兰克西餐厅,Galla R by Ribone,花园Brunch,河景,猫的天空之城,限定蟠龙明信片,木墨,手工木质家居,香薰蜡烛,江南百景图POP-UP,游戏周边,布兰兔,少女心爆棚,伴手礼",,,,,,,,,,,,,,,,,,,,,,,,,,,,,,,,,,,,,,,,,,,,,,,,,,,,,,,,,,,,,,,,,,,
数屋檐滴落的雨??看游船在窗框里划出涟漪??,8,"屋檐,雨,游船,窗框,涟漪",,,,,,,,,,,,,,,,,,,,,,,,,,,,,,,,,,,,,,,,,,,,,,,,,,,,,,,,,,,,,,,,,,,
奥乐齐蟠龙天地这卫生也没人打扫环境真差差评[石化R][石化R][石化R] 垃圾满天飞坐在这里半个多小时没看到一个工作人员或者保洁出来打扫,2,"卫生,环境,工作人员,保洁",,,,,,,,,,,,,,,,,,,,,,,,,,,,,,,,,,,,,,,,,,,,,,,,,,,,,,,,,,,,,,,,,,,
这里就像是一个充满惊喜的宝藏盒子?? 历史悠久的古建筑与现代的潮流元素完美融合既有传统江南水乡的温婉又有大都市的时尚气息,10,"惊喜,宝藏盒子,历史悠久,古建筑,现代,潮流元素,完美融合,传统,江南水乡,温婉,大都市,时尚气息",,,,,,,,,,,,,,,,,,,,,,,,,,,,,,,,,,,,,,,,,,,,,,,,,,,,,,,,,,,,,,,,,,,
上海蟠龙天地位于青浦区是瑞安集团打造的城市微度假目的地集商业住宅酒店绿地于一体总占地面积为752亩自2023年4月正式开业这次选择工作日前去蟠龙古镇有了比较全面的体验??蟠龙古镇有多大网上的攻略有些说足够玩半天有些说1小时都嫌多主要原因在于其宣传的752亩地其实包括了商业住宅酒店绿地所有这些但真正的蟠龙古镇商业街区估计只有100亩左右街区本身改建得相当出色走走看看2-3个小时还是很悠闲的??蟠龙古镇几点开门网上查询显示10点开门但是蟠龙古镇本身不收门票一早去当然可以进只不过古镇里的店铺大多都没有开麦当劳是7点开门是整个景区最早的其次是Manner和Seesaw在7:30开门再之后是几家简餐店稍早些开门景区内大部分商店和餐厅是10点至11点开门??过早到景区可以做什么10点之前的景区里没什么人气店也没开要么看看景区没有苏醒的样子要么去周边闲逛了解民生这段时间会感觉得到远处高架的声音可能是景区比较安静随着10点后店铺开始运营游客络绎不绝整个景区也进入了状态也更容易让人感受到蟠龙古镇的美景区的水很清很绿维护得很用心??景区的美食蟠龙古镇的美食和其他古镇完全不同并不是传统印象中的那套近20家上海首店超过60家区域首店汇聚在这里这里的环境虽是古镇但店铺都很时尚是能代表各国各地的特色菜系并且几乎不重复查询大众点评发现很多餐厅都在该区域排名数一数二选品非常优秀这种业态相比传统古镇其实和EKA天物更相似一个是老厂房改建一个是古镇古建筑改建??景区的停车蟠龙古镇本身就有多个停车场8元一小时P1P2离商业街区入口最近用餐积分满100元可以兑换一个小时一天最多兑换两个小时加赠送一个小时免费停车消费200元就可以停车三小时古镇翻新着实不易一开始以为有750多亩心中预期很高到了后发现商业街区要小很多有点落差调整好预期后再次参观就觉得蟠龙古镇确实有它的一招鲜能在目前上海第几个古镇中独树一帜有它的道理[赞R] 古镇需要有点人气在又不是人山人海的时候最为美妙,1,"古镇原貌,商业水平不高,童年的梦,改建出色,悠闲,水清,维护用心,美食丰富,店铺时尚,特色菜系,环境优美,停车方便,一招鲜,独树一帜",,,,,,,,,,,,,,,,,,,,,,,,,,,,,,,,,,,,,,,,,,,,,,,,,,,,,,,,,,,,,,,,,,,
休闲遛狗喝茶好去处,8,休闲,遛狗,喝茶,好去处,,,,,,,,,,,,,,,,,,,,,,,,,,,,,,,,,,,,,,,,,,,,,,,,,,,,,,,,,,,,,,,,
上海蟠龙天地位于青浦区是瑞安集团打造的城市微度假目的地集商业住宅酒店绿地于一体总占地面积为752亩自2023年4月正式开业这次选择工作日前去蟠龙古镇有了比较全面的体验??蟠龙古镇有多大网上的攻略有些说足够玩半天有些说1小时都嫌多主要原因在于其宣传的752亩地其实包括了商业住宅酒店绿地所有这些但真正的蟠龙古镇商业街区估计只有100亩左右街区本身改建得相当出色走走看看2-3个小时还是很悠闲的??蟠龙古镇几点开门网上查询显示10点开门但是蟠龙古镇本身不收门票一早去当然可以进只不过古镇里的店铺大多都没有开麦当劳是7点开门是整个景区最早的其次是Manner和Seesaw在7:30开门再之后是几家简餐店稍早些开门景区内大部分商店和餐厅是10点至11点开门??过早到景区可以做什么10点之前的景区里没什么人气店也没开要么看看景区没有苏醒的样子要么去周边闲逛了解民生这段时间会感觉得到远处高架的声音可能是景区比较安静随着10点后店铺开始运营游客络绎不绝整个景区也进入了状态也更容易让人感受到蟠龙古镇的美景区的水很清很绿维护得很用心??景区的美食蟠龙古镇的美食和其他古镇完全不同并不是传统印象中的那套近20家上海首店超过60家区域首店汇聚在这里这里的环境虽是古镇但店铺都很时尚是能代表各国各地的特色菜系并且几乎不重复查询大众点评发现很多餐厅都在该区域排名数一数二选品非常优秀这种业态相比传统古镇其实和EKA天物更相似一个是老厂房改建一个是古镇古建筑改建??景区的停车蟠龙古镇本身就有多个停车场8元一小时P1P2离商业街区入口最近用餐积分满100元可以兑换一个小时一天最多兑换两个小时加赠送一个小时免费停车消费200元就可以停车三小时古镇翻新着实不易一开始以为有750多亩心中预期很高到了后发现商业街区要小很多有点落差调整好预期后再次参观就觉得蟠龙古镇确实有它的一招鲜能在目前上海第几个古镇中独树一帜有它的道理[赞R] 古镇需要有点人气在又不是人山人海的时候最为美妙,8,"蟠龙古镇, 改建, 悠闲, 水, 清, 绿, 维护, 美食, 上海首店, 区域首店, 特色菜系, 选品优秀, 停车场, 免费停车, 翻新, 一招鲜, 人气",,,,,,,,,,,,,,,,,,,,,,,,,,,,,,,,,,,,,,,,,,,,,,,,,,,,,,,,,,,,,,,,,,,
五一假期不想挤热闹去蟠龙天地看江南风物季错峰去看一看蟠龙的石桥牌坊戏台怎样被非遗盘扣包裹看看10米的巨型盘扣龙船廊桥下的市集微风徐徐坐在开满蔷薇花的河边喝杯咖啡看船来人往惬意时光??4.26-6.10江南风物季?织造篇,9,"石桥,牌坊,戏台,非遗盘扣,巨型盘扣龙船,市集,蔷薇花,河边,咖啡,船来人往,惬意时光,江南风物季",,,,,,,,,,,,,,,,,,,,,,,,,,,,,,,,,,,,,,,,,,,,,,,,,,,,,,,,,,,,,,,,,,,
听两脚兽们说今天毛孩子都玩的超开心??坐小车??荡秋千??走红毯???本周末必须C位出道安排迫不及待康康毛孩子的今日美照啦?? 欢迎大家明天继续嗨皮继续来玩儿?4.19-4.20 11:00-18:00??高地广场/萌宠乐园,9,"毛孩子,小车,秋千,红毯,美照,萌宠乐园",,,,,,,,,,,,,,,,,,,,,,,,,,,,,,,,,,,,,,,,,,,,,,,,,,,,,,,,,,,,,,,,,,,
6年前来蟠龙路和诸光路地铁站的时候这里到处都是破破烂烂的地方和空地连个便利店都很难找到的那种现在突然多了好多写字楼住宅楼甚至还有一个新的景点-蟠龙古镇[哭惹R][哭惹R][哭惹R] 人山人海而且特别漂亮这里以前明明就是一块空地[惊恐R][惊恐R][惊恐R]我全程震惊脸[石化R][石化R][石化R]怀疑自己进入了平行时空,8,"人山人海,特别漂亮",,,,,,,,,,,,,,,,,,,,,,,,,,,,,,,,,,,,,,,,,,,,,,,,,,,,,,,,,,,,,,,,,,,
瑞安首个城市微度假项目-蟠龙天地将23万方绿地和江南水乡文化浸润出古镇里的新天地把mall搬进古镇让现代邂逅历史打造了新中式江南古镇商圈[清单R]地点蟠龙天地??地址青浦区 蟠鼎路123弄8号??交通地铁17号线 蟠龙路站 2号口 过天桥就到???停车有5个停车场8元/小时?时间10:00 -22:00??门票无需门票[彩虹R]古韵蟠龙新十景Culture Walk古寺鸣钟 [向右R]十字街 [向右R]香花桥影 [向右R]溪桥渔泊 [向右R]烟雨廊桥 [向右R]程祠故里 [向右R]龙江古渡 [向右R]曲水萦居 [向右R]蟠龙湾 [向右R]艺海听竹[烟花R]推荐龙江古渡50元/人单程15分钟200元/船最多容纳6人[彩虹R]文艺余德耀美术馆将自然与传统现代融为一体定期会呈现高品质的艺术展览有本馆和古镇中的分馆雪竹轩[彩虹R]亲子[气球R]童心乐园超大亲子乐园蹦床滑梯攀爬附近还有滑板公园[气球R]法布尔花园观察昆虫标本还能亲手做一个自然花园标本[气球R]喷泉广场夏天适合小朋友们嬉水[气球R]骑乐马术可以体验马术课以及童趣互动的马房课[彩虹R]休闲[咖啡R]沿河咖啡馆BLUE BOTTLESEESAWBOBOLEELOKAL申井冰室[咖啡R]今日宜喝茶TEA' STONEIDT'EA 宋明客厅[咖啡R]周末有热闹的蟠龙水集[彩虹R]美食[太阳R]中餐厅潮桔桔西塔老太太苏小柳如一鲍鱼鸡平成屋肥汁米兰丰和日丽等[太阳R]西餐厅兰巴赫粉红汉堡TapaTapaBAKER & SPICE,9,"古镇,新天地,mall,历史,新中式江南古镇,商圈,绿地,江南水乡文化,古韵蟠龙新十景,古寺鸣钟,十字街,香花桥影,溪桥渔泊,烟雨廊桥,程祠故里,龙江古渡,曲水萦居,蟠龙湾,艺海听竹,龙江古渡,余德耀美术馆,雪竹轩,童心乐园,法布尔花园,喷泉广场,骑乐马术,沿河咖啡馆,BLUE BOTTLE,SEESAW,BOBOLEE,LOKAL,申井冰室,今日宜喝茶,TEA' STONE,IDT'EA,宋明客厅,蟠龙水集,潮桔桔,西塔老太太,苏小柳,如一鲍鱼鸡,平成屋,肥汁米兰,丰和日丽,兰巴赫,粉红汉堡,TapaTapa,BAKER & SPICE",,,,,,,,,,,,,,,,,,,,,,,,,,,,,,,,,,,,,,,,,,,,,,,,,,,,,,,,,,,,,,,,,,,
工作日人不是特别多天气也很好走走逛逛吃个午餐开了很多店挺有意思的居然还有话梅,8,"工作日,人不是特别多,天气也很好,走走逛逛,吃个午餐,开了很多店,挺有意思,居然还有话梅",,,,,,,,,,,,,,,,,,,,,,,,,,,,,,,,,,,,,,,,,,,,,,,,,,,,,,,,,,,,,,,,,,,
怎么没有刷到别人发啊[生气R][生气R][生气R]开始我以为是古镇呢结果除了外观像古镇其他完全不搭嘎啊真的又好逛又好吃停车或者坐地铁都巨方便啊啊啊[哇R][哇R][哇R]去了还想再去吃吃喝喝湖边吹吹风真的太舒服啦..最初是因为想吃麻六记顺便可以逛逛后面发现实在太宝藏了[暗中观察R][暗中观察R][暗中观察R]随机买的霓裳茶舞出奇的清爽l椿的食材更是爆打苏州人均一千多的日料晚上吃完妥妥的意满离??????..??上海蟠龙新天地??17号线 蟠龙路,9,"好逛,好吃,停车,地铁,方便,湖边,吹风,舒服,麻六记,霓裳茶舞,l椿,食材,日料",,,,,,,,,,,,,,,,,,,,,,,,,,,,,,,,,,,,,,,,,,,,,,,,,,,,,,,,,,,,,,,,,,,
时尚和古镇融合的很完美花园里的商场这个商场很多餐厅都对宠物友好最近有点喜欢上了泰国菜这家露台餐厅MUM LIKES 风景很好环境也不错东西也好吃虽然很多感觉都是预制菜服务员都是年轻的小哥哥临走还问我要不要虾片给我装一袋打包带走真的是有点受宠若惊里面餐厅巨多夜景也是真的好美对了里面有一个集市可以逛逛有卖水果小吃点心饰品等等还有一个马场记得吃东西或者买东西的发票去马场斜对面的服务中心让她给你积分可以停车使用哦,1,"时尚,古镇,花园,商场,餐厅,宠物友好,泰国菜,MUM LIKES,风景,环境,预制菜,服务员,小哥哥,虾片,露台,夜景,集市,水果,小吃,点心,饰品,马场,发票,服务中心,积分,停车",,,,,,,,,,,,,,,,,,,,,,,,,,,,,,,,,,,,,,,,,,,,,,,,,,,,,,,,,,,,,,,,,,,
漫无目的地闲逛 seize the moment,6,"漫无目的,闲逛,seize,the,moment",,,,,,,,,,,,,,,,,,,,,,,,,,,,,,,,,,,,,,,,,,,,,,,,,,,,,,,,,,,,,,,,,,,
我的快乐又回来了就在蟠龙天地不过早上10:00就有人排队了[抓狂R]我的快乐只配在工作日有周末人太多拍是挤不进去,4,"快乐, 蟠龙天地, 工作日, 周末, 人太多",,,,,,,,,,,,,,,,,,,,,,,,,,,,,,,,,,,,,,,,,,,,,,,,,,,,,,,,,,,,,,,,,,,
刚发现上海这个神仙地方蟠龙天地真的太太太适合周末放松了?? 推荐理由??江南水乡+现代美学小桥流水白墙黛瓦但又有超多艺术装置和网红店古今碰撞超有feel??人少景美比起外滩武康路这里真的清净很多拍照不用抢机位??逛吃天堂从%Arabica到本地小吃还有文艺手作店根本停不下来??遛娃/宠友好超大草坪儿童乐园带娃放电一整天没问题?? 必打卡点??烟雨廊桥傍晚灯亮时绝美仿佛穿越回古代??滨河咖啡店点杯咖啡坐看游船氛围感直接拉满?? 穿搭建议浅色系/新中式和景超配?? 地址青浦区蟠鼎路123弄?? 交通17号线蟠龙路站步行10分钟姐妹们快冲这里真的能待一整天,1,"江南水乡,现代美学,小桥流水,白墙黛瓦,艺术装置,网红店,古今碰撞,人少景美,清净,拍照,逛吃天堂,%Arabica,本地小吃,文艺手作店,遛娃,宠友好,超大草坪,儿童乐园,烟雨廊桥,傍晚灯亮,穿越回古代,滨河咖啡店,游船,氛围感,浅色系,新中式",,,,,,,,,,,,,,,,,,,,,,,,,,,,,,,,,,,,,,,,,,,,,,,,,,,,,,,,,,,,,,,,,,,
说到上海蟠龙天地的中式生活美学那可真是把老祖宗的优雅和年轻人的潮玩结合得超有感觉比如你逛着逛着前一秒还在明清老宅改建的茶馆里捧着青花瓷杯喝茶下一秒拐个弯就能撞见网红咖啡店玻璃房子外头就是小桥流水[流汗R]最绝的是他们把江南水乡的烟火气玩出了新花样早上去非遗工坊学做蓝印花布中午在蟠龙市集啃着青浦本地阿婆现蒸的定胜糕下午还能带娃去马场骑马晚上直接坐在百年香花桥边看水幕光影秀一天过得像在古镇剧本杀里打卡不同副本[哇R]为啥专门挑蟠龙天地当案例呢就因为它根本不像普通商场啊别的商业项目可能塞满连锁品牌但这里直接把50万平米土地搞成了文化主题乐园本期CM带大家深入了解上海蟠龙天地如何文化焕新呈现极致中式美学[仙女R]上海蟠龙天地项目背景介绍[仙女R]千年蟠龙古镇的历史底蕴[仙女R]历史古镇的现代化再生[仙女R]艺术性装置与现代元素[仙女R]江南非遗与市井文化的复兴[仙女R]活动IP新集打造[仙女R]夜间文化消费场景[仙女R]小众品牌与首店经济的聚集地[仙女R]原住民与社区记忆的延续说白了蟠龙天地就像个会赚钱的博物馆让你掏钱消费时还觉得自己在传承文化这波中式美学生意经不服不行,10,"中式生活美学,老祖宗的优雅,年轻人的潮玩,明清老宅改建的茶馆,青花瓷杯,网红咖啡店,小桥流水,江南水乡的烟火气,非遗工坊,蓝印花布,蟠龙市集,定胜糕,马场骑马,百年香花桥,水幕光影秀,古镇剧本杀,文化主题乐园,千年蟠龙古镇的历史底蕴,历史古镇的现代化再生,艺术性装置与现代元素,江南非遗与市井文化的复兴,活动IP新集打造,夜间文化消费场景,小众品牌与首店经济的聚集地,原住民与社区记忆的延续",,,,,,,,,,,,,,,,,,,,,,,,,,,,,,,,,,,,,,,,,,,,,,,,,,,,,,,,,,,,,,,,,,,
挺美一小镇晴天的景很出片,8,"美,小镇,晴天,景,出片",,,,,,,,,,,,,,,,,,,,,,,,,,,,,,,,,,,,,,,,,,,,,,,,,,,,,,,,,,,,,,,,,,,
剥离了装饰和风格一座建筑会呈现怎样的状态??装饰就是罪恶阿道夫路斯相比于西方过去各种柱式拱券以及中国古代的斗拱脊兽彩画等当下的极简风格建筑充斥着玻璃幕墙极简风格乍一看装饰好像真的变少了但是事实真的是这样吗本篇不妨我们将视角落位到上海蟠龙天地的集z坊它的设计灵感来源于法国建筑理论家劳吉尔Marc-Antoine Laugier所提出的所有建筑的基础原型都是原始木屋 (primitive hut)这种剥离了装饰与风格的原始木屋建立了人与自然最基本的关系它为人类提供了庇护场所并与自然互相连接这与集z坊想要传达的理念相契合天然纤维材质是生活与自然的纽带置入式的木屋结构塑造了融合居住与生活的精神空间为产品提供了展示平台那么正在关注此贴的建筑师和正在学设计的你我关于这一话题你有什么看法室内设计如恩设计研究室项目地点上海青浦完成时间2023年4月建筑面积200平方米Woven Moonlight店110平方米集z坊蟠龙天地店,8,古镇原貌,商业水平不高,童年的梦,,,,,,,,,,,,,,,,,,,,,,,,,,,,,,,,,,,,,,,,,,,,,,,,,,,,,,,,,,,,,,,,,
"??Blue Bottle Coffee蓝瓶咖啡创立于 2002 年以只卖出炉不超过 48 小时的咖啡闻名也被誉为咖啡界Apple??自2022年进入中国内地市场后蓝瓶咖啡陆续在上海开设7家正式门店和1家Pop-up Cafe. 作为第三代咖啡浪潮的主导者每家店的设计也都各有特色下面就让我们一起来看看吧1??裕通开业时间2022年??内地首店位于建造于上个世纪20年代的裕通面粉厂高级职工宿舍清水砖墙与格架门窗承载着时代的印记新旧交融焕然一新2??静安嘉里中心开业时间2022年??第二家门店位于繁华的南京西路商圈以石库门建筑为灵感打造建筑中的建筑一共使用了一万三千余块手工烧制的陶土砖3??张园开业时间2022年??第三家门店位于沪上第一名园张园设计师在室内置入一个原始的屋舍作为动线的交汇之处空间的视觉焦点也是咖啡师调制饮品的吧台区域4??蟠龙天地开业时间2023年??蟠龙天地店在旧宅与新居之间构造出传统与现代的层次交叠比照江南留白之美打造出回溯江南文化诗性以及水乡生活的咖啡体验5??前滩开业时间2023年??前滩店的选址位于现代化的建筑空间植栽布满屋顶自然之意从户外延伸至室内在楼宇森林中为顾客带来开放通透亲近自然的咖啡体验6??港汇恒隆广场 pop-up cafe开业时间2023年??该店整体空间配置的灵感来自位于美国旧金山海耶斯谷社区小巷里的创始门店,构造出一个内街的小花园7??浦东机场T2航站楼开业时间2024年??设计师采用了极简的白色来回应机场的纷扰与嘈杂建筑分为两部分上半部用涂料勾勒出表面的细腻肌理下半部则使用了特别定制的手工弧形砖雕琢出弧形吧台以适应场地8??上生新所开业时间2024年??上生新所店以无形屋舍 下的家宅印记为中心邀请访客参与到日常生活之中领略不期而遇的惊喜你最喜欢哪一家呢快来评论区一起聊聊吧[偷笑R]",7,古镇原貌,商业水平不高,童年的梦,,,,,,,,,,,,,,,,,,,,,,,,,,,,,,,,,,,,,,,,,,,,,,,,,,,,,,,,,,,,,,,,,
[太阳R]春和景明适合出门溜达                                                    [两颗心R]蟠龙天地是个难得的可以逛可以吃还可以喝茶的地方里面有很多小资小调的服装店奶茶店咖啡店西餐厅里面还有一个花鸟市场pop mart也有店[害羞R]非常适合去躺一下午河边喝喝茶晒晒太阳掏个耳朵聊聊天吃吃饭觉得生活又美好了[偷笑R],9,"春和景明,出门溜达,蟠龙天地,逛,吃,喝茶,小资小调,服装店,奶茶店,咖啡店,西餐厅,花鸟市场,pop mart,躺一下午,河边,喝喝茶,晒晒太阳,掏个耳朵,聊聊天,吃吃饭,生活,美好",,,,,,,,,,,,,,,,,,,,,,,,,,,,,,,,,,,,,,,,,,,,,,,,,,,,,,,,,,,,,,,,,,,
乘船小码头,5,"乘船,小码头",,,,,,,,,,,,,,,,,,,,,,,,,,,,,,,,,,,,,,,,,,,,,,,,,,,,,,,,,,,,,,,,,,,
本薯可是来得巧了今天蟠龙天地的吧唧树下好生热闹啊不仅有正式被确诊为安小鸟的鸟妃报道还迎来了一波狗置置鄞鼯只毓纷纷开启大型吧唧许愿现场解锁自己的逆风如解意~4.19-4.20上海蟠龙天地高地广场宠物巡游展大型宠物甄执持续上演中欢迎宠物娘娘们来解锁自己的逆风如解意,8,"热闹,宠物巡游展,大型宠物甄执",,,,,,,,,,,,,,,,,,,,,,,,,,,,,,,,,,,,,,,,,,,,,,,,,,,,,,,,,,,,,,,,,,,
"几天的阴雨让今年的樱花季变得格外的短抓住这个周末再去一趟蟠龙天地樱花大道的樱花都开了主街两侧的樱花也都开得正盛有些树枝已经开始冒绿叶横跨河岸的桥上也都装点了春意不时有花船从桥洞中来回花期将晚尽情欣赏吧~??富士XT50 / 1855II f2.8胶片模拟CC颗粒效果弱 小色彩效果弱彩色FX蓝色关白平衡自动动态范围DR400色调曲线H1,S0色彩+3锐度+2清晰度0高ISO降噪0??调色VSCO滤镜A6+10 | 曝光度+0.5 | 对比度-0.5 | 锐化+1.5 | 饱和度+0.8 | 色温+1 | 色调+0.5",8,"樱花, 樱花大道, 主街, 樱花盛开, 绿叶, 桥, 春意, 花船, 花期",,,,,,,,,,,,,,,,,,,,,,,,,,,,,,,,,,,,,,,,,,,,,,,,,,,,,,,,,,,,,,,,,,,
漾应的火塘蟠龙天地店上海 / 上海实在建筑设计工作室漾应的火塘蟠龙天地店是继南京老门东无锡运河汇之后我们受邀设计的第三家店也是火塘在上海的首店蟠龙天地由瑞安地产开发历经五年打造承载了1400余年的深厚历史也融合了江南水乡与海派文化的独特韵味成为上海的时尚新地标,7,古镇原貌,商业水平不高,童年的梦,,,,,,,,,,,,,,,,,,,,,,,,,,,,,,,,,,,,,,,,,,,,,,,,,,,,,,,,,,,,,,,,,
来了蟠龙天地闲逛???????1小时的地铁值了[doge]江南水乡的味道拉满[暗中观察R][暗中观察R]景色宜人吃的多很惬意??想想??拍照遛娃遛狗也太舒服了[赞R][向右R]位置上海蟠龙天地??导航停车场???地铁17号线蟠龙路2.3口,9,"江南水乡,景色宜人,吃的多,惬意,拍照,遛娃,遛狗,舒服",,,,,,,,,,,,,,,,,,,,,,,,,,,,,,,,,,,,,,,,,,,,,,,,,,,,,,,,,,,,,,,,,,,
去之后谁说这地方土啊这地方可太好了特别喜欢这里的蓝瓶咖啡p2-4咖啡店所在一栋比较老式的建筑里但空间打通比较开阔角落里摆放着禅意十足的盆景隔着石板小路是一栋新式的沿河小楼去的时候是周二咖啡买一送一??这个季节有樱花季限定活动p7-8桥上的樱花装置很可爱粉嫩得不行超适合拍照还有花船水集到处都是fafa水集就是水边廊亭里的花鸟市场这个市集概念真的很棒穿越到古代的小资生活大概就是这个感觉吧水集清明假期过完就结束了这里引进的餐饮很多是baker & spiceLokal哈根达斯Tims等都市品牌也有一些老字号和高档中餐元古云境皖荟越稽等服装店知名的有maia active蕉内还有买手店别的商店也都很有趣爱丽丝漫游仙境风的瓷器店昆虫&爬行类动物标本店非遗秤砣店自助花店河边小亭子里的开放式花鸟店总之绝对都不白来最喜欢的是这里的软装虽然是古镇但不太种柳树绿化风格更偏现代都市一看就是精心设计过比起古色古香更多了时尚的氛围感灯笼和鱼灯也都不是大红大绿用的是很宋代美学的马卡龙色灯光打得偏暗更像古代用烛火照明的氛围感入夜后也很美,10,"蓝瓶咖啡, 老式建筑, 空间开阔, 禅意盆景, 新式沿河小楼, 咖啡买一送一, 樱花季限定活动, 桥上樱花装置, 花船水集, fafa水集, 花鸟市场, 小资生活, baker & spice, Lokal, 哈根达斯, Tims, 元古云境, 皖荟, 越稽, maia active, 蕉内, 买手店, 爱丽丝漫游仙境风瓷器店, 昆虫&爬行类动物标本店, 非遗秤砣店, 自助花店, 开放式花鸟店, 软装设计, 现代都市风格, 宋代美学, 马卡龙色灯光, 烛火照明氛围感, 入夜美景",,,,,,,,,,,,,,,,,,,,,,,,,,,,,,,,,,,,,,,,,,,,,,,,,,,,,,,,,,,,,,,,,,,
??花间市过春天3.7-4.20限时绽放??"江南无醉意春风十里香"的浪漫具象化?五大沉浸体验??? 幻梦花船巡游魔都首个水上花瀑秘境?? 3D立体花路千米水岸变身鲜花长廊?? 水坞悠游剧场古桥边的流动花艺展?? 水上灵感市集鲜花/手作/咖啡香气交织?? 萌宠社交场鹦鹉互动+绵羊牧场投喂??小贴士??建议上午10点前到达 承包空镜拍摄??蓝调时刻17:30-18:30花船亮灯绝美??交通攻略??导航蟠龙天地P1或者P5停车场较近??地铁17号线蟠龙路站2号/3号口?推荐时段周末建议早点去上午10点,3,"江南,春风,浪漫,沉浸体验,花船巡游,水上花瀑,3D立体花路,水岸,鲜花长廊,水坞悠游剧场,流动花艺展,水上灵感市集,鲜花,手作,咖啡香气,萌宠社交场,鹦鹉互动,绵羊牧场,蓝调时刻,花船亮灯,蟠龙天地,停车场,地铁17号线,蟠龙路站",,,,,,,,,,,,,,,,,,,,,,,,,,,,,,,,,,,,,,,,,,,,,,,,,,,,,,,,,,,,,,,,,,,
感觉现在艺术的东西根本没有受众美术馆里很冷清整个蟠龙天地非常的出片最近又增加了中秋的专属装饰晚上亮了灯会更漂亮本次拍摄涉及到夜景镜头选用了适马最新的2470二代以及神牛的860闪光灯,6,"艺术,受众,美术馆,冷清,蟠龙天地,出片,中秋,装饰,亮灯,漂亮,夜景,适马,2470二代,神牛,860闪光灯",,,,,,,,,,,,,,,,,,,,,,,,,,,,,,,,,,,,,,,,,,,,,,,,,,,,,,,,,,,,,,,,,,,
圣诞假期第一次拜访小巧的一座圣堂,6,"圣诞假期,第一次,拜访,小巧,圣堂",,,,,,,,,,,,,,,,,,,,,,,,,,,,,,,,,,,,,,,,,,,,,,,,,,,,,,,,,,,,,,,,,,,
"上海蟠龙天地是瑞安房地产开发的大型城市改造项目项目以文化唤醒自然融合城市焕新""为核心理念匠筑上海前门院江南新天地打造一张面向世界的江南文化名片项目总占地面积752亩规划三大功能空间包含约23万方公共公园绿地-蟠龙公园约5万方水乡古镇商业蟠龙天地以及约25万方摩登江南人居范本-蟠龙国际住区Studio Su 担任蟠龙天地导向标识系统的设计顾问工作Located at Hongqiao Central Business District, Shanghai, Panlong Tiandi is an urban retreat destination developed by Shui On Group that integrates commercial, residence, hotel & green space. Evolving the XINTIANDI brand, Panlong Tiandi has a master-planning community of more than 500,000 sqm, including a 53,000 sqm commercial space and a 230,000 sqm green & public space. It will build a new XINTIANDI surrounded by green parks celebrating urban retreat concept.",7,"文化唤醒,自然融合,城市焕新,上海前门院,江南新天地,江南文化,蟠龙公园,水乡古镇商业,摩登江南人居范本",,,,,,,,,,,,,,,,,,,,,,,,,,,,,,,,,,,,,,,,,,,,,,,,,,,,,,,,,,,,,,,,,,,
湖中映月桥边花月夜色下格外迷人,9,"湖中映月,桥边花,月夜色,格外迷人",,,,,,,,,,,,,,,,,,,,,,,,,,,,,,,,,,,,,,,,,,,,,,,,,,,,,,,,,,,,,,,,,,,
上海人都给我去过年足不出沪我选择来蟠龙天地逛gai看鱼灯人流量不大不用门票??就可以看美美的灯会啦晚上超美我这次主要拍了烟雨长街北市街戏台广场全部逛下来游玩时间需要3小时惠山古镇人多到走不动在上海也能吃好逛好MUMO复兴面馆元古云境等等购物???美食??选择超多而且过年??(注意营业时间?营业时间10:00-22:00??地址地铁17号线蟠龙路站出站步行600米,1,"人流量不大,不用门票,美美的灯会,晚上超美,烟雨长街,北市街,戏台广场,游玩时间需要3小时,购物,美食,选择超多,过年",,,,,,,,,,,,,,,,,,,,,,,,,,,,,,,,,,,,,,,,,,,,,,,,,,,,,,,,,,,,,,,,,,,
位置:蟠龙水集交通:17号线2号口镜头:35gm,6,"位置,交通,镜头",,,,,,,,,,,,,,,,,,,,,,,,,,,,,,,,,,,,,,,,,,,,,,,,,,,,,,,,,,,,,,,,,,,
??上海市区常去的古镇七宝太小召稼楼在翻新新场风光又不太秀丽唯独这个人造古镇蟠龙天地为了售卖楼盘打造的地方却别有一番风味河水蜿蜒小桥横卧亭台楼阁柳绿花红人群熙攘车水马龙,7,"河水,小桥,亭台楼阁,柳绿花红,人群熙攘,车水马龙",,,,,,,,,,,,,,,,,,,,,,,,,,,,,,,,,,,,,,,,,,,,,,,,,,,,,,,,,,,,,,,,,,,
拍摄于除夕蟠龙天地富士xt5cc/nc@摄影薯 ,5,古镇原貌,商业水平不高,童年的梦,,,,,,,,,,,,,,,,,,,,,,,,,,,,,,,,,,,,,,,,,,,,,,,,,,,,,,,,,,,,,,,,,
在水乡的当下遇见往日的江南百年前诗人冯淮迁居蟠龙因寄意雪竹别筑书斋称雪竹轩我们栖身此处俯身拾起砖瓦修葺书房承袭文人风骨许下一林修竹撑起老宅脊梁自此推开任一扇窗都有竹风绕怀四时起兴如此便在上海落成一处新家邀你怀竹待雪一同唤回百年前的风雅平常,10,"水乡,江南,诗人,冯淮,蟠龙,雪竹,书斋,雪竹轩,砖瓦,书房,文人风骨,修竹,老宅,窗,竹风,四时,上海,风雅平常",,,,,,,,,,,,,,,,,,,,,,,,,,,,,,,,,,,,,,,,,,,,,,,,,,,,,,,,,,,,,,,,,,,
??蟠龙天地五月的周末有水集一整个大开眼界真实的江南百景图还可以偶遇NPC??Olympus EP7可玩性太高啦最近一直在用的是色轮模式这次用的是仿CC配方感觉有个70%相似,8,"水集,真实,江南百景图,NPC,Olympus EP7,可玩性,色轮模式,仿CC配方",,,,,,,,,,,,,,,,,,,,,,,,,,,,,,,,,,,,,,,,,,,,,,,,,,,,,,,,,,,,,,,,,,,
蟠龙天地每一季都很好看怎么拍都好看在河边清闲的吃个漂亮饭非常惬意吃完饭直接夜景散步真的是泗泾人的后花园不知道吃什么来蟠龙天地就可以了,8,"蟠龙天地,河边,清闲,漂亮饭,惬意,夜景散步,泗泾人的后花园",,,,,,,,,,,,,,,,,,,,,,,,,,,,,,,,,,,,,,,,,,,,,,,,,,,,,,,,,,,,,,,,,,,
上海的春天真的太治愈了发现了一个宝藏赏春地正逢赏樱的时间这里的樱花还开的很旺盛还有一大片油菜花田除了赏花还有花鸟集市花坞花船等众多春日活动和装饰拍照氛围感十足很适合亲子情侣春日citywalk.???地点青浦区蟠龙天地??交通地铁17号线2/3号口 步行5分钟??自驾导航至蟠鼎路P1-P2停车场.??推荐打卡点?梦呓花船铺满鲜花的小船在河中穿梭很治愈?水岸花坞桥上装扮的巨型樱花很适合当背景拍摄夜景也很好看?花鸟鱼市最近的一场4.4-4.6 11.00-20.00众多鲜花绿植文创零售还有非遗体验太好逛了?樱花径靠近童心乐园一排的樱花很适合拍人像街区巷子里也分散着很多樱花可以和建筑结合拍照??图18游览地图,9,"春天,治愈,宝藏,赏春,樱花,油菜花田,花鸟集市,花坞,花船,亲子,情侣,citywalk,地点,青浦区,蟠龙天地,交通,地铁,自驾,停车场,推荐打卡点,梦呓花船,鲜花,小船,河,水岸花坞,桥,巨型樱花,背景,夜景,花鸟鱼市,鲜花绿植,文创零售,非遗体验,樱花径,童心乐园,人像,建筑",,,,,,,,,,,,,,,,,,,,,,,,,,,,,,,,,,,,,,,,,,,,,,,,,,,,,,,,,,,,,,,,,,,
五一假期又该把蟠龙天地列入假期打卡目的地啦目前上海蟠龙天地江南风物季已启动首届江南风物季期间蟠龙天地将聚焦江南在地文化以与蟠龙历史渊源颇深的织造为题邀请织造领域创意机构与艺术家共同解构江南织物作为江南水乡的蟠龙旧时以种植棉花为盛是江南闻名的扣布产地镇上布行布市兴盛此次蟠龙天地邀请致力于焕新地方手工艺的叁喜意文化聚焦江南织物中的上海非物质文化遗产盘扣工艺解构江南十二镂花纹样式并结合春日花朵以大型公共艺术装置的形式全新呈现蟠龙天地与艺术家共创长达10米的巨型盘扣龙船活动期间龙船将在蟠龙湾航行邀请消费者登船体验船宴及龙船下午茶蟠龙天地的戏台牌坊石桥街巷等空间也将由盘扣装点在江南织物的细腻演绎里蟠龙天地焕新迎来一周年此外上海纺织博物馆将馆藏展品带到蟠龙天地在诗经演天工织物美学体验快闪空间观众能近距离观赏清代的云肩马面裙等了解中华织物的美学源流江南风物季期间蟠龙天地还为市民和游客提供多样化的文化与消费体验在蟠龙街巷内消费者可体验多场古代江南职业情境互动也可参与天选打工人线上小游戏了解江南风物的背后故事在蟠龙天地原创打造的蟠龙MIAO语民众可体验赛博请福收获福气和礼品在蟠小龙的店收集江南风物季定制印章成为社交平台集章达人亦可在多场手作沙龙亲身体验江南风物制作过程此外沪剧非遗传承人茅善玉青年国风音乐文化社群氧音映社等将带来多场演出让蟠龙的微度假之旅更有声色同时活动期间正值上海五五购物节蟠龙天地也推出众多互动演出和福利蟠龙天地的原创IP市集蟠龙水集全面升级五一假期邀请100+名摊主参与既有与织物相关的东方美学体验亦有户外自然趣味的后备箱市集ps:蟠龙天地目前已入驻160余家品牌其中各级首店占比达75%全国及上海首店达20%.自2023年4月29日开业以来蟠龙天地持续挖掘在地内容共举办420余场活动和演出近百场社群社区活动打造差异化场景以联结消费者吸引共计2500万客流成为沪上市民城市微度假首选目的地之一(来源绿色青浦),1,"蟠龙天地,江南风物季,蟠龙历史,织造,江南织物,非物质文化遗产,盘扣工艺,蟠龙湾,戏台,牌坊,石桥,街巷,上海纺织博物馆,诗经演天工,织物美学,文化与消费体验,古代江南职业情境互动,天选打工人,蟠龙MIAO语,赛博请福,江南风物季定制印章,手作沙龙,沪剧非遗传承人,氧音映社,五五购物节,蟠龙水集,东方美学体验,后备箱市集,原创IP市集,在地内容,社群社区活动,城市微度假",,,,,,,,,,,,,,,,,,,,,,,,,,,,,,,,,,,,,,,,,,,,,,,,,,,,,,,,,,,,,,,,,,,
??一个充满诗意与古韵的新天地上海蟠龙天地????位置与交通?地址位于上海虹桥商务区核心区域具体地址是青浦区鼎誉路123号8弄???地铁地铁17号线直达从地铁站出来步行即可到达交通十分便捷???自驾导航至进博会P12停车场出入口入场时收费20元/次/天如果游玩时间比较长这里停车比较划算/??历史与文化蟠龙天地的起源可以追溯到1400多年前的隋朝这里曾是商贸云集人才辈出的繁华之地??在现代都市的喧嚣中它宛如一颗璀璨的明珠将古镇遗韵与现代生活完美融合?/??商业特色商业面积虽然不大约5.3万平米但拥有超23万平米的绿地和丰沛的自然水系为游客提供了独特的购物体验??这里汇聚了近20家上海及全国首店60+家区域首店无论是品牌选择还是商品种类都极为丰富??精心打造的蟠龙新十景连接着蟠龙的过去与未来让人们在购物的同时也能感受到江南水乡的韵味??/?美食与休闲不仅有Blue Bottle Coffee等知名品牌入驻还有在地美食品牌年之糕为大家带来记忆中的江南味道??余德耀美术馆燃冉青年艺术家孵化计划等文化活动也为游客提供了丰富的精神食粮??近800平方米的宠物公园更是爱宠人士的天堂可以带着毛孩子来一场愉快的聚会??/?总结上海蟠龙天地是一个集历史文化商业休闲于一体的综合性项目无论你是喜欢购物的时尚达人还是喜欢寻找历史文化痕迹的探索者都能在这里找到属于自己的乐趣??,10,"诗意, 古韵, 位置, 交通, 地铁, 自驾, 历史, 文化, 隋朝, 古镇遗韵, 现代生活, 商业面积, 绿地, 自然水系, 购物体验, 蟠龙新十景, 江南水乡, 美食, Blue Bottle Coffee, 在地美食, 年之糕, 江南味道, 余德耀美术馆, 燃冉青年艺术家孵化计划, 宠物公园, 爱宠人士, 历史文化, 商业休闲",,,,,,,,,,,,,,,,,,,,,,,,,,,,,,,,,,,,,,,,,,,,,,,,,,,,,,,,,,,,,,,,,,,
从历史上看蟠龙最早可以追溯到距今1400年前的隋朝时期因水而兴的蟠龙旧时商业繁盛是一个典型的江南富庶水乡然而21世纪以来蟠龙风貌不再成为了一个典型的城中村经过多轮沟通和公开遴选瑞安的改造方案脱颖而出最终成为了蟠龙城中村改造的实施主体随着虹桥国际开放枢纽建设的推进距离国家会展中心上海只有一站地铁的蟠龙古镇不仅具有历史保护意义也有很好的文商旅开发价值改造后的蟠龙天地于2023年4月29日开业迎客~蟠龙古镇在保留着江南特色的基础上庵市南市北市及十字街精心打造蟠龙新十景打破千镇一面的刻板印象沉浸式感受另一种江南2023年4月29开业以来蟠龙天地以Culture文化唤醒Nature自然融合Future城市焕新为理念关注江南在地文化新生以蟠龙水集张灯结彩天地世界音乐节水乐蟠龙光影上海光予蟠龙等众多活动打造独特的城市微度假体验~,9,"江南特色, 庵市, 南市, 北市, 十字街, 蟠龙新十景, 文化唤醒, 自然融合, 城市焕新, 江南在地文化, 蟠龙水集, 张灯结彩, 天地世界音乐节, 水乐蟠龙, 蟠龙光影, 上海光予蟠龙, 城市微度假体验",,,,,,,,,,,,,,,,,,,,,,,,,,,,,,,,,,,,,,,,,,,,,,,,,,,,,,,,,,,,,,,,,,,
蟠龙天地真的太赞了[赞R][赞R]专属的宠物公园可以带狗随便撒野阳光好的时候太治愈了没有狗狗去围观一下也很有趣[哇R][哇R],10,"蟠龙天地,宠物公园,带狗,撒野,阳光,治愈,狗狗,围观",,,,,,,,,,,,,,,,,,,,,,,,,,,,,,,,,,,,,,,,,,,,,,,,,,,,,,,,,,,,,,,,,,,
听两脚兽们说今天毛孩子都玩的超开心??坐小车??荡秋千??走红毯???本周末必须C位出道安排迫不及待康康毛孩子的今日美照啦?? 欢迎大家明天继续嗨皮继续来玩儿?4.19-4.20 11:00-18:00??高地广场/萌宠乐园,9,"小车,荡秋千,红毯,C位出道,美照,萌宠乐园",,,,,,,,,,,,,,,,,,,,,,,,,,,,,,,,,,,,,,,,,,,,,,,,,,,,,,,,,,,,,,,,,,,
在这个春日暖阳下蟠龙天地迎来了 1??周岁的盛典今年也迎来了首届江南风物季将江南的织造艺术融入海派都市的日常生活-超壮观的水上巨型装置??苏式盘扣江南龙船荡漾在湖面上香花桥蟠龙牌坊北市教堂附近油纸伞??每一处都展现着江南织造的独特魅力在诗经演天工织物美学体验快闪空间里也领略到了江南织造的精髓-??宠物友好有专属的宠物公园? 游玩建议游玩2-3小时 想看夜景建议下午到-?? 地点蟠龙天地蟠鼎路123弄8号?? 交通地铁17号线蟠龙路 3号口出 步行983m 自驾停车???? 门票??-?? 马上到五一正好迎来蟠龙天地首届风物季这里是春天就要上春山的绝佳去处快来蟠龙天地感受城市微度假的轻松惬意享受假日的悠闲时光吧,10,"春日暖阳,江南风物季,江南织造艺术,海派都市,水上巨型装置,苏式盘扣,江南龙船,香花桥,蟠龙牌坊,北市教堂,油纸伞,江南织造,诗经演天工,织物美学体验快闪空间,宠物友好,宠物公园,城市微度假,轻松惬意,假日,悠闲时光",,,,,,,,,,,,,,,,,,,,,,,,,,,,,,,,,,,,,,,,,,,,,,,,,,,,,,,,,,,,,,,,,,,
春天来了快去踏青吧??蟠龙天地-蟠鼎路123弄8号地铁17号线蟠龙路站2号口出步行大概600米地下停车场8r/小时交通超方便必打卡点位1?? 香花桥粉色龙蛇盘踞在桥上桥身桥下都能找到超棒机位和龙蛇同框浪漫又喜庆分分钟出大片2?? 蟠小龙的店香花桥下的一家小店窗景超美粉色蛇灯映衬下氛围感拉满出片率超高3?? 元古云境紫色灯笼街白墙黑瓦国风意境十足漫步其中仿佛穿越回古代随便一拍都是古风大片4?? 程祠广场蟠龙水集就在这里各种鱼灯年宵花手工艺品琳琅满目好吃好玩好逛好拍白天阳光加持已经很美了晚上亮灯更是绝美宝子们一定要来感受一下5?? 涵春广场两条巨型大红锦鲤晚上会亮灯喜庆度直接拉满拍照超有氛围感6?? 烟雨廊桥江南风味十足挂了两排大彩灯16:00到22:00点亮夜景超美宝子们一定要来打卡不走回头路游玩路线市街广场  香花桥  涵春广场  映月桥  北市街十字北街  元古云境  烟雨廊桥  蟠龙水集,1,"春天,踏青,蟠龙天地,交通,香花桥,粉色龙蛇,浪漫,喜庆,蟠小龙的店,窗景,氛围感,元古云境,紫色灯笼街,白墙黑瓦,国风意境,程祠广场,蟠龙水集,鱼灯,年宵花,手工艺品,好吃好玩好逛好拍,白天,晚上,亮灯,涵春广场,大红锦鲤,喜庆度,氛围感,烟雨廊桥,江南风味,彩灯,夜景",,,,,,,,,,,,,,,,,,,,,,,,,,,,,,,,,,,,,,,,,,,,,,,,,,,,,,,,,,,,,,,,,,,
??要是我划这个船我要开心了??感觉这个划船的老爷爷也没有很开心??唉 毕竟是在上班,4,"划船,老爷爷,上班",,,,,,,,,,,,,,,,,,,,,,,,,,,,,,,,,,,,,,,,,,,,,,,,,,,,,,,,,,,,,,,,,,,
作为街区商业项目四通八达的动线相比于盒子型商业的简单明了优缺点都非常明显优点当然是乐趣游逛感自然自在等体验对消费者来说符合当下无目的放空citywalk的趋势缺点恰恰也在优点的反面消费者经常吐槽不知道有什么品牌逛得晕头转向找不着北找不到想去的商家位置商管团队内部也苦于有客流却没有转化率进店率低等等问题应对这个只逛不买的问题其实未必要大量的SP活动发券而是让商家及其核心亮点的产品与服务充分曝光给游逛的消费者蟠龙天地在几乎所有位置的主干道交叉口通往二楼的楼梯处各个位置用统一的商家导视充分地给各个商家引流曝光对商家而言不会变成藏在次动线或冷区的小透明对消费者而言又能充分地了解有哪些品牌门店和产品激发消费欲望,7,"乐趣, 游逛感, 自然, 自在, 体验, 符合, 趋势, 商家导视, 引流, 曝光, 激发, 消费欲望",,,,,,,,,,,,,,,,,,,,,,,,,,,,,,,,,,,,,,,,,,,,,,,,,,,,,,,,,,,,,,,,,,,
?? 在标准化商业体泛滥的今天上海蟠龙天地以非标姿态杀出重围开业首月客流量超400万节假日单日最高达20万人次成为全国首个将城市更新与微度假深度绑定的现象级文旅地标以下将从三个维度拆解这场非标逆袭背后的商业密码1? 历史肌理与当代需求的非标缝合 不同于简单复刻青砖黛瓦的古镇改造模式蟠龙天地首创城市针灸术? 空间缝合完整保留隋唐时期形成的十字街巷肌理通过2-3米窄巷0.46-0.7街墙比复刻江南水乡尺度却在细节处植入现代工艺70%屋面采用回收旧青瓦空调设备藏于坡顶夹层实现形古而质新? 功能缝合将23万公共绿地切割为古镇遗址区+亲子乐园+马术场+湿地公园让游客在200米步行半径内切换逛展/遛娃/露营/看戏多元场景2? 文化资产运营的非标范式 项目团队深谙文化不是展品而是生产要素? 历史IP再造挖掘蟠龙镇志中的十景传说打造新蟠龙十景如将废弃粮仓改造为余德耀美术馆让乾隆年间的香花桥成为蓝瓶咖啡门店结构支撑实现文化记忆的消费转化? 非遗活态实验引入普天同秤民艺馆汉服工坊等非遗体验业态配合二十四节气市集形成可触摸的文化供应链3? 微度假商业的非标方程式 蟠龙天地破解了文旅项目周末爆满平日冷清的魔咒? 精准客群切割瞄准城市新中产构建5+2生活圈5公里内虹桥商务区白领解决日常消费50公里半径家庭客群实现周末微度假通过宠物友好设施露天冰场等场景将日均停留时长拉升至4.2小时? 反传统招商逻辑拒绝连锁店大满贯引入50%区域首店如将LADURE马卡龙旗舰店植入清代木构民居用法式甜品+东方建筑制造传播爆点?? 数据背后的冷思考尽管年营业额预估突破50亿但项目仍需警惕过度商业化稀释文化浓度现存7栋保护建筑仅占商业面积12%节假日超载影响体验国庆单日客流过7万在地居民参与度不足原住民回迁率低于15%?? 当多数文旅项目还在仿古建筑+小吃街的泥潭挣扎蟠龙天地用非标证明真正的城市更新是让历史成为流动的盛宴这场实验的价值或许不在于再造一个网红而是为全国2000余个等待重生的古镇提供了可复制的活化样本,8,"历史肌理,当代需求,空间缝合,功能缝合,文化资产运营,历史IP再造,非遗活态实验,微度假商业,精准客群切割,反传统招商逻辑",,,,,,,,,,,,,,,,,,,,,,,,,,,,,,,,,,,,,,,,,,,,,,,,,,,,,,,,,,,,,,,,,,,
如果你问我上海哪里能够感受儿时年味那我肯定首先给你推荐蟠龙天地????江南百景 万家灯火千盏巳物灯盏绚烂点亮盏盏鱼灯随风起舞迎八方来客打造乙巳蛇年美好江南灯会更有巨型灵蛇彩灯盘绕千年香花桥上传承非遗元素栩栩如生 萌态十足??我觉得这是本命年最爱的一条萌蛇你觉的呢无论在那个方位只要能和这灵蛇合影绝对能收获属于乙巳蛇年的年度大片??漫步桥畔水榭间一抹火红抓人眼球非遗工艺打造的中国红鲤鱼花灯活灵活现随风游弋与江南古镇的亭台楼阁千盏蛇影灯一起点亮烟火人间重现盛世江南年味灯会???????在古镇热闹的的小巷里随着人流串行河边的廊桥旁突然传来了美妙的音乐声闻声而至居然看到了水岸光影秀水幕投影蟠龙十景光影流转间讲诉老上海的人间百味故事极致的中式浪漫在这光影间有了具象化??温馨提示过年期间人流众多建议错开白天高峰期晚上五点左右到达古镇避开人从众??[捂脸]??美食提示春节期间古镇每家饭店基本客满吃饭建议先去拿号然后附近逛逛或者先喝个咖啡奶茶用好心情等待美食????交通指南地铁17号线蟠龙路站2号口出步行五分钟??自驾停车建议停在麻六记旁边的P2停车场八块钱一个小时但是车位相对好找些其他停车场春节期间白天基本都要等待半小时起步,9,"儿时年味,江南百景,万家灯火,千盏巳物灯盏,鱼灯,八方来客,乙巳蛇年,美好江南灯会,灵蛇彩灯,香花桥,非遗元素,栩栩如生,萌态十足,本命年,灵蛇合影,年度大片,桥畔水榭,火红,中国红鲤鱼花灯,活灵活现,随风游弋,亭台楼阁,千盏蛇影灯,烟火人间,盛世江南年味灯会,热闹的小巷,人流串行,河边廊桥,美妙的音乐声,水岸光影秀,水幕投影,蟠龙十景,光影流转,老上海,人间百味故事,极致中式浪漫,具象化",,,,,,,,,,,,,,,,,,,,,,,,,,,,,,,,,,,,,,,,,,,,,,,,,,,,,,,,,,,,,,,,,,,
从虹桥站乘车的时候如果足够时间宽裕17号线两站地铁就可以到达蟠龙天地夏夜走走也挺舒适整体很干净,7,"虹桥站,时间宽裕,17号线,两站地铁,蟠龙天地,夏夜,走走,舒适,整体,干净",,,,,,,,,,,,,,,,,,,,,,,,,,,,,,,,,,,,,,,,,,,,,,,,,,,,,,,,,,,,,,,,,,,
今天麻麻带我去蟠龙天地咯又是工作日中午又没想到还是有很多小朋狗[偷笑R],8,"麻麻,蟠龙天地,工作日中午,小朋狗",,,,,,,,,,,,,,,,,,,,,,,,,,,,,,,,,,,,,,,,,,,,,,,,,,,,,,,,,,,,,,,,,,,
"最近小龙又有好消息和大家分享啦蟠龙天地近日入选文化和旅游部新一批国家级旅游休闲街区欢迎大家多来蟠龙走走我们每天都有新鲜事~~走进公园里的新天地感受人文的江南在这里每一个日常都不寻常URBAN RETREAT城市微度假目的地We have a good news to share with you todayPanlong Tiandi has recently been selected as a new batch of ""National Tourism Leisure Street Blocks"" by the Ministry of Culture and TourismWelcome everyone to come and take a stroll around Panlong,We have new things every day~~!Walk around  ""Xintiandi in the Park""Experience the 'Humanities of JiangnanEveryday is unusual here.Urban Retreat  Staycation Destination in Shanghai",10,"蟠龙天地,国家级旅游休闲街区,公园,人文的江南,城市微度假目的地,URBAN RETREAT,Staycation Destination",,,,,,,,,,,,,,,,,,,,,,,,,,,,,,,,,,,,,,,,,,,,,,,,,,,,,,,,,,,,,,,,,,,
?? 春日暴走实录 | 闯入江南的粉色结界在魔都竟藏着一座被樱花与花船点亮的千年水乡当手摇船载着花瀑划过涟漪我才懂什么是春和景明的极致浪漫青砖黛瓦的檐角轻托着千年时光而香花桥头的巨型樱花装置正以每秒五厘米的速度坠落花瓣那是江南写给春天的十四行诗?? 交通指南 | 地铁自驾双攻略?? ?地铁党福音17号线蟠龙路站3号口出过天桥步行5分钟直达核心区?? ?自驾党贴士导航至蟠鼎路停车场?P1-P58元/小时推荐P1-2停车场出来即刻拥有樱花和大草坪?? 春日必拍打卡点 | 坐标直出1?? 梦呓花船南墅泾码头瑭所旁?抓拍老爷爷摇橹载花船的瞬间木质桥体与樱花同框宛如梦华录剧照用长焦压缩河道纵深拍出花船入画的奇幻感2?? 水岸花坞水曲桥/映月桥以桥上巨型樱花装置为背景蹲低视角拍桥面樱花倒影手机也能拍出镜花水月大片3?? 蟠龙水集程祠草坪11:00-20:00?俯拍花鸟鱼市全景金鱼缸折射的光斑与人群形成天然滤镜4?? 涵春鸟亭涵春广场用广角镜头框住古亭飞檐与灵鸟群瞬间穿越知否片场,10,"青砖黛瓦,檐角,千年时光,香花桥头,巨型樱花装置,江南,春天,十四行诗,粉色结界,樱花,花船,春和景明,极致浪漫,水乡",,,,,,,,,,,,,,,,,,,,,,,,,,,,,,,,,,,,,,,,,,,,,,,,,,,,,,,,,,,,,,,,,,,
蟠龙天地里的世外桃源,10,"蟠龙天地,世外桃源",,,,,,,,,,,,,,,,,,,,,,,,,,,,,,,,,,,,,,,,,,,,,,,,,,,,,,,,,,,,,,,,,,,
耐泶旱较崦酚昙狙Y的江南水l雨朦V避_了周末@Y的人潮スぷ魅障硎苡撵o下午茶??r光@期片子Y合了好多次眢待天地打卡的齑婕糨而成K於可以放出砹,8,"江南水l, 雨朦V, 避_, 人潮, 工作日, 幽o, 下午茶, r光, 打卡, 库存, 剪辑",,,,,,,,,,,,,,,,,,,,,,,,,,,,,,,,,,,,,,,,,,,,,,,,,,,,,,,,,,,,,,,,,,,
景观行18   蟠龙天地空间氛围非常的舒服松弛尤其是晚上一定要去逛逛,8,"空间氛围,舒服松弛,晚上",,,,,,,,,,,,,,,,,,,,,,,,,,,,,,,,,,,,,,,,,,,,,,,,,,,,,,,,,,,,,,,,,,,
Blue bottle 在内地的第四家门店空间是美的 坐在水边是舒服的看跨河的石桥旁边是船舶停靠的码头可以在玻璃移门构成的立面享受通透的视野仿佛在现代和历史当中穿行环境??????????出品??????晚餐是皖荟新徽菜出品????????服务??????????,10,"空间美,水边舒服,石桥,码头,通透视野,现代历史穿行,环境,出品,服务",,,,,,,,,,,,,,,,,,,,,,,,,,,,,,,,,,,,,,,,,,,,,,,,,,,,,,,,,,,,,,,,,,,
蟠龙天地又放大招啦??这里除了盛开的樱花有趣的集市还有这艘吸睛的小船满载繁花白天浪漫入夜梦幻快来蟠龙天地 赴一场春天的花花世界之约??,9,"樱花,集市,小船,繁花,浪漫,梦幻,春天,花花世界",,,,,,,,,,,,,,,,,,,,,,,,,,,,,,,,,,,,,,,,,,,,,,,,,,,,,,,,,,,,,,,,,,,
本来第一个想写瑞虹写成片开发也是因为朋友想买瑞虹但是自己一直对那一片有偏见怕开头没开好还是先写蟠龙吧蟠龙天地是瑞安在上海市的第五个天地系列项目也是在上海第二个成片的开发项目第一个是瑞虹天地蟠龙成片开发的信息还是挺杂的就说说1生态2商业3住宅4交通生态环境是蟠龙先天优势蟠龙项目周边以城市绿地为主最终呈现的是商业+生态的产品这个也比较符合当下POD趋势Park-Oriented Development新杨思桃浦横沔北蔡楔形绿地等都强调生态均配套大量公园水系生态绿地对于蟠龙商业其硬件建筑本身是被弱化的建筑有点粗糙[笑哭R]细节处理的不好但运营招商物业等与人相关软实力会在这个新的空间内则会被放大目前来看商业还是风风火火瑞安也是花了很大心思在活动策划上哪怕夏季炎热人流量一直都很高不过深扒之下大多还是连锁商业为主商业氛围跟市区知名街区有差距还需要时间慢慢沉淀住宅就不展开了新商品房比市区市区非豪宅舒适度提升了最后聊聊交通这个片区交通主要依靠地铁和自驾自驾体验日常在非高峰期是没有问题的节假日的话人流量高体验一般整体驾车感受肯定是优于市区堵车的地铁方面从地铁站到片区核心区这个步行距离在夏季应该是让人很难接受的如果是老人或者是带孩子家长地铁交通这块其实是大大减分的地铁的事规划开发很难干涉只能说一句理解万岁总结蟠龙的成片开发是瑕不掩瑜虽然说很多细节都让人觉得遗憾但是确实是受到了大范围的认可目前周边资金价格还是远超预期的这个项目也是成了古镇模版经常就是xxxx版的蟠龙天地后面机缘巧合的类似产品迪士尼旁金茂申迪合作的横沔玖境跟横沔同时期传出的召家楼天地以及这两年没什么声音的前滩南只出现在三林楼盘广告里的筠溪小镇都免不得把蟠龙天地作为案例研究了,7,"生态,商业,住宅,交通,城市绿地,公园,水系,生态绿地,活动策划,人流量,连锁商业,商业氛围,新商品房,舒适度,地铁,自驾,步行距离,规划开发,古镇模版,资金价格,案例研究",,,,,,,,,,,,,,,,,,,,,,,,,,,,,,,,,,,,,,,,,,,,,,,,,,,,,,,,,,,,,,,,,,,
手摇船载着一船春意划过涟漪在瑭所的窗边隔岸赏花敲碎透明的糖晶切开粉色玉兰蛋糕待天色渐晚食一桌元古的时令春鲜夜幕里点燃烛火谨庆祝普通一日春不止可以赏可触可闻也可尝在上海的江南小镇过了一个浪漫春天,9,"手摇船, 春意, 涟漪, 筇所, 赏花, 糖晶, 玉兰蛋糕, 时令春鲜, 烛火, 浪漫春天",,,,,,,,,,,,,,,,,,,,,,,,,,,,,,,,,,,,,,,,,,,,,,,,,,,,,,,,,,,,,,,,,,,
春节南下准备回京的上午无意间看到一张粉蛇花灯的图片打车去了蟠龙天地一处依托在古镇的新商圈粉蛇盘在一处古石桥上头身在桥一侧尾在桥另一处古镇并不大所幸依旧能看到江南小桥流水的景致蟠龙天地离市区不近没有值不值去看到自己心心念念的风景就值,8,"古镇,江南小桥流水,风景",,,,,,,,,,,,,,,,,,,,,,,,,,,,,,,,,,,,,,,,,,,,,,,,,,,,,,,,,,,,,,,,,,,
在上海短暂的适宜季节在微风阵阵的傍晚在夜色撩人风景如画的古镇水乡坐在露天餐厅用餐是怎样的感受[得意]打造上海新天地的瑞安集团在青浦蟠龙天地打造了一个古镇江南水乡的商业街区整个街区囊括了大部分商业形态主要为餐饮且很多餐厅都为半开放式或有露天座位[调皮]上海适宜的季节短暂而珍贵在古色古香的街区逛一逛在露天餐厅能坐一坐品尝点美食看着撩人夜色看着人来人往用心发现生活的简单美好[愉快],1,"上海, 短暂, 适宜季节, 微风阵阵, 傍晚, 夜色撩人, 风景如画, 古镇, 水乡, 露天餐厅, 用餐, 瑞安集团, 青浦蟠龙天地, 古镇江南水乡, 商业街区, 商业形态, 餐饮, 半开放式, 露天座位, 上海适宜季节, 古色古香, 街区, 逛一逛, 品尝, 美食, 撩人夜色, 人来人往, 生活, 简单美好",,,,,,,,,,,,,,,,,,,,,,,,,,,,,,,,,,,,,,,,,,,,,,,,,,,,,,,,,,,,,,,,,,,
试着回答纯个人感受与体验觉得一是在地化改造有历史有人文谁不爱江南的小桥流水人家二是是古镇也是现代商业没有臭豆腐味[笑哭R]有干净的??餐饮虽然本地化特色不明显但选择丰富相对比较放心又因为丰富的业态可以让游客停下来走进去呆一会儿不至于让狭窄的街道摩肩接踵人挤人三是运营运营运营一年四季有主题就比如春天的花船囊括一切春日元素的市集真的是太懂了而这些拍照点并不是集中一处处处皆景处处可拍,1,"在地化改造,历史,人文,江南,小桥流水,现代商业,干净,餐饮,选择丰富,放心,业态,游客,街道,运营,主题,春天,花船,市集,春日元素,拍照点,处处皆景,处处可拍",,,,,,,,,,,,,,,,,,,,,,,,,,,,,,,,,,,,,,,,,,,,,,,,,,,,,,,,,,,,,,,,,,,
春天来了 趁周六天气好和男朋友约着去附近的古镇转了转有好几家卖花的小摊五颜六色 各种各样的花真的好美这里风景和建筑很好看今天太阳好大 晒的人懒洋洋的喝了茉酸奶 吃了芝士牛肉卷明天又是加班打工的一天加油??,9,"卖花,小摊,五颜六色,花,风景,建筑,太阳,茉酸奶,芝士牛肉卷",,,,,,,,,,,,,,,,,,,,,,,,,,,,,,,,,,,,,,,,,,,,,,,,,,,,,,,,,,,,,,,,,,,
上海青浦徐泾 ,5,古镇原貌,商业水平不高,童年的梦,,,,,,,,,,,,,,,,,,,,,,,,,,,,,,,,,,,,,,,,,,,,,,,,,,,,,,,,,,,,,,,,,
吃了午饭散步到蟠龙天地看到这里搭建了一个没见过的装置似乎是宠物的游乐园蛮有意思的好多小狗在里面玩秋千看得我也想进去荡一下呜呜但我已经是大人了不仅坐不下周末大小周还要上班这玩意好像周六正式对外营业还看到有些装置可以走红毯什么的狗的命比我好明天我要悄咪咪的来摸狗释放一下工作压力,8,"装置,宠物,游乐园,有意思,小狗,玩秋千,正式对外营业,走红毯",,,,,,,,,,,,,,,,,,,,,,,,,,,,,,,,,,,,,,,,,,,,,,,,,,,,,,,,,,,,,,,,,,,
岁岁有风风拂岁岁慢慢即漫漫期盼以年年有余的从容消融尘世所有的匆忙奔波愿旧梦皆已圆新岁有新盼愿山高路可行水深舟可渡??蟠龙水集|乙巳庙会?1.17-1.19/1.30-2.4/2.12-2.16 (11:00-21:00)??上海蟠龙天地??R6II+RF70200f2.8???Lightroom,7,古镇原貌,商业水平不高,童年的梦,,,,,,,,,,,,,,,,,,,,,,,,,,,,,,,,,,,,,,,,,,,,,,,,,,,,,,,,,,,,,,,,,
现在那些靠着复制粘贴的古镇正在慢慢消失可上海蟠龙天地这个带着浓浓商业味的古镇却在春节期间单周销售额直接超过3000万客流更是突破了百万大关它到底做对了什么咱们今天就拆开来看看视频来源?@李晨晨商业更新观察?已授权?,7,"浓浓商业味,销售额,客流",,,,,,,,,,,,,,,,,,,,,,,,,,,,,,,,,,,,,,,,,,,,,,,,,,,,,,,,,,,,,,,,,,,
年古镇活了一条灵蛇灯点亮魔都最惊艳的江南年当非遗彩灯遇上千年水乡连空气都浸透了年味站在蟠龙天地的香花桥上一条由国家级非遗传承人手工打造的巨型灵蛇灯蜿蜒于古桥与流水间蛇身披鳞祥云缭绕仿佛下一秒便要化龙腾空夜幕降临千盏蛇影灯随风轻晃灯笼上的蛇纹暗藏玄机水榭旁的红色鲤鱼灯与灵蛇遥相呼应这里没有豫园的摩肩接踵却能独享一场非遗版的沉浸式春节谁说上海年味淡了蟠龙天地用一场巳物影江南年告诉你儿时的烟火气从未走远??地址上海蟠龙天地1??新春市集??蟠龙水集?乙巳庙会??1.17-1.19 / 1.30-2.4 / 2.12-2.16??11:00-21:00??程祠草坪2??蛇年灯会??巳物影江南年??即日起2025.2??香花桥涵春水榭北市街映月桥3??春节活动??非遗舞龙舞狮演出??活动时间2025.2.2初五10:00-11:002025.2.5初八10:00-11:002025.2.12元宵17:00-18:00??祈福广场??非遗皮影戏演出??1.29-1.31初一至初三??每日17:0018:0019:0020:00整点每场演出15分钟??蟠龙天地戏台??门票免费??富士XT5,10,"灵蛇灯, 古桥, 流水, 非遗传承人, 手工打造, 巨型, 祥云, 年味, 水乡, 蟠龙天地, 香花桥, 蛇影灯, 蛇纹, 红色鲤鱼灯, 灵蛇, 豫园, 摩肩接踵, 沉浸式春节, 上海, 年味淡, 巳物影江南年, 烟火气",,,,,,,,,,,,,,,,,,,,,,,,,,,,,,,,,,,,,,,,,,,,,,,,,,,,,,,,,,,,,,,,,,,
位置:蟠龙水集交通:17号线2号口镜头:35gm,35,"位置,交通,镜头",,,,,,,,,,,,,,,,,,,,,,,,,,,,,,,,,,,,,,,,,,,,,,,,,,,,,,,,,,,,,,,,,,,
上海一座造公园上瘾的城市前些年满大街冒口袋公园去年开始连公园围墙都给拆了24小时大门敞开更绝的是商场也在跟着魔改让商业更自然更社区也更像公园造丛林造院落还原古镇气质给城市铺上公园地毯既老钱又玩自然艺术这次我们来一起沉浸式聊聊上海的公园商业 ,8,古镇气质,,,,,,,,,,,,,,,,,,,,,,,,,,,,,,,,,,,,,,,,,,,,,,,,,,,,,,,,,,,,,,,,,,,
挺美一小镇晴天的景很出片,8,"美,小镇,晴天,景,出片",,,,,,,,,,,,,,,,,,,,,,,,,,,,,,,,,,,,,,,,,,,,,,,,,,,,,,,,,,,,,,,,,,,
??一个充满诗意与古韵的新天地上海蟠龙天地????位置与交通?地址位于上海虹桥商务区核心区域具体地址是青浦区鼎誉路123号8弄???地铁地铁17号线直达从地铁站出来步行即可到达交通十分便捷???自驾导航至进博会P12停车场出入口入场时收费20元/次/天如果游玩时间比较长这里停车比较划算/??历史与文化蟠龙天地的起源可以追溯到1400多年前的隋朝这里曾是商贸云集人才辈出的繁华之地??在现代都市的喧嚣中它宛如一颗璀璨的明珠将古镇遗韵与现代生活完美融合?/??商业特色商业面积虽然不大约5.3万平米但拥有超23万平米的绿地和丰沛的自然水系为游客提供了独特的购物体验??这里汇聚了近20家上海及全国首店60+家区域首店无论是品牌选择还是商品种类都极为丰富??精心打造的蟠龙新十景连接着蟠龙的过去与未来让人们在购物的同时也能感受到江南水乡的韵味??/?美食与休闲不仅有Blue Bottle Coffee等知名品牌入驻还有在地美食品牌年之糕为大家带来记忆中的江南味道??余德耀美术馆燃冉青年艺术家孵化计划等文化活动也为游客提供了丰富的精神食粮??近800平方米的宠物公园更是爱宠人士的天堂可以带着毛孩子来一场愉快的聚会??/?总结上海蟠龙天地是一个集历史文化商业休闲于一体的综合性项目无论你是喜欢购物的时尚达人还是喜欢寻找历史文化痕迹的探索者都能在这里找到属于自己的乐趣??,10,"位置与交通,地铁17号线直达,步行即可到达,交通十分便捷,起源可以追溯到1400多年前的隋朝,古镇遗韵与现代生活完美融合,商业面积虽然不大,超23万平米的绿地和丰沛的自然水系,独特的购物体验,近20家上海及全国首店,60+家区域首店,品牌选择,商品种类,蟠龙新十景,江南水乡的韵味,Blue Bottle Coffee,在地美食品牌,记忆中的江南味道,余德耀美术馆,燃冉青年艺术家孵化计划,宠物公园,历史文化,商业休闲",,,,,,,,,,,,,,,,,,,,,,,,,,,,,,,,,,,,,,,,,,,,,,,,,,,,,,,,,,,,,,,,,,,
在这个春日暖阳下蟠龙天地迎来了 1??周岁的盛典今年也迎来了首届江南风物季将江南的织造艺术融入海派都市的日常生活-超壮观的水上巨型装置??苏式盘扣江南龙船荡漾在湖面上香花桥蟠龙牌坊北市教堂附近油纸伞??每一处都展现着江南织造的独特魅力在诗经演天工织物美学体验快闪空间里也领略到了江南织造的精髓-??宠物友好有专属的宠物公园? 游玩建议游玩2-3小时 想看夜景建议下午到-?? 地点蟠龙天地蟠鼎路123弄8号?? 交通地铁17号线蟠龙路 3号口出 步行983m 自驾停车???? 门票??-?? 马上到五一正好迎来蟠龙天地首届风物季这里是春天就要上春山的绝佳去处快来蟠龙天地感受城市微度假的轻松惬意享受假日的悠闲时光吧,10,"春日暖阳,江南风物季,江南织造艺术,海派都市,水上巨型装置,苏式盘扣,江南龙船,香花桥,蟠龙牌坊,北市教堂,油纸伞,江南织造,诗经演天工,织物美学体验快闪空间,宠物友好,宠物公园,城市微度假,轻松惬意,假日,悠闲时光",,,,,,,,,,,,,,,,,,,,,,,,,,,,,,,,,,,,,,,,,,,,,,,,,,,,,,,,,,,,,,,,,,,
可可爱爱心情愉快??????大家可以去逛上海蟠龙天地的HARMAY话梅店铺是面包工坊主题店里面有TYAKASHA的店中店有许多专属定制的产品可以买到[色色R][大笑R][派对R],8,"可可爱爱,心情愉快,上海蟠龙天地,HARMAY话梅,面包工坊,TYAKASHA,店中店,专属定制,产品",,,,,,,,,,,,,,,,,,,,,,,,,,,,,,,,,,,,,,,,,,,,,,,,,,,,,,,,,,,,,,,,,,,
设计师力求避免传统商业演出空间的繁复装饰与夜店属性通过声学空间的原型探索及自然材料的使用增强火塘特有的文艺性和精神性使其成为供人疗愈心灵的场所及精神文化空间项目名称漾应的火塘蟠龙天地店项目地点中国上海???????????? ????上海实在建筑设计工作室.,8,"古镇原貌,商业水平不高,童年的梦",,,,,,,,,,,,,,,,,,,,,,,,,,,,,,,,,,,,,,,,,,,,,,,,,,,,,,,,,,,,,,,,,,,
蕞近都开了特意来蟠龙拍照游玩还解锁了一家潮汕融合餐厅??工作日点晚上居然满坐一定很好吃??春季上新香椿豆腐将香椿芽与白水洋豆腐搭配口味清淡清爽满是春天的气息半煎煮海鱼保留海鱼鲜味尽显潮汕菜对食材本味的追求砂锅妙龄乳鸽非常有特色肉质鲜嫩多汁在外面没吃到过这种口味的hin推荐如果头一回来这边吃饭一定要试试冰皮抹茶糕桂花酒酿米浆口感清甜为味蕾带来别样享受就餐时特意点了潮汕比较有代表的凤凰单枞聊天品茗尝着美味惬意十足无论是菜品还是环境这里都是朋友聚会的不二之选透过窗外樱花一览无余开的正旺此刻沉浸式感受这份春色??,10,"古镇,潮汕融合餐厅,满坐,香椿豆腐,春天的气息,海鱼,鲜味,砂锅妙龄乳鸽,特色,肉质鲜嫩多汁,冰皮抹茶糕,桂花酒酿米浆,口感清甜,凤凰单枞,聊天品茗,樱花,春色",,,,,,,,,,,,,,,,,,,,,,,,,,,,,,,,,,,,,,,,,,,,,,,,,,,,,,,,,,,,,,,,,,,
这是离虹桥枢纽最近的一个小镇是上海首批城中村改造项目之一也是老东家的项目总体感觉它既是古镇又是区域商业说起蛇年将近谁能拒绝这满满少女心的粉龙蛇呢整体小镇新老建筑错落有致怎么看都不会腻重点是沿河岸的餐厅咖啡店都有景观位坐在河边吹吹风看看小桥流水放空一下真非常舒服也是冬季晒晒太阳的好去处蟠龙天地位于上海虹桥商务区是瑞安房地产Urban Retreat城市微度假产品线的首个项目其前身蟠龙镇始于隋建于宋兴于明清拥有1400余年历史?小镇以文化唤醒自然融合城市焕新为理念保留了传统十字街的空间肌理修缮了20多处历史建筑如程家祠堂香花桥和凤来桥等?在建筑风貌上承袭江南水乡粉墙黛瓦的特色并融合现代设计形成了新老建筑错落有致的布局?PS近期还有新春庙会蟠龙水集年味氛围拉满小镇宠物友好不用担心娃一个人在家特别点赞17号地铁线上海话方言报站这应该是我继广东香港乌鲁木齐第四个听到地铁方言报站的城市??地址蟠龙天地青浦区蟠鼎路123弄8号??公共交通地铁17号线蟠龙路站2号口出地铁沿着指示牌走天桥步行12分钟??蟠龙天地PL1停车场C区离小镇方便出来就可以吃吃喝喝逛逛??FUJIFILM XS-20 /XF16-80??富士相机参数滤镜CC颗粒效果关色彩效果强 彩色FX蓝色强白平衡AUTO白色优先 R-2B-2色调曲线H-2 S0色彩+1锐度+2 高ISO降噪0清晰度0??富士相机参数暖调滤镜CC颗粒效果关色彩效果强 彩色FX蓝色强白平衡AUTO白色优先 R+2B-2色调曲线H-2 S+1色彩+1锐度+2 高ISO降噪-4清晰度0,10,"古镇,区域商业,粉龙蛇,新老建筑,沿河岸,餐厅,咖啡店,景观位,小桥流水,冬季,晒太阳,文化唤醒,自然融合,城市焕新,十字街,空间肌理,历史建筑,程家祠堂,香花桥,凤来桥,江南水乡,粉墙黛瓦,现代设计,布局,新春庙会,蟠龙水集,年味,宠物友好,17号地铁线,上海话方言报站",,,,,,,,,,,,,,,,,,,,,,,,,,,,,,,,,,,,,,,,,,,,,,,,,,,,,,,,,,,,,,,,,,,
?? **魔都新爆款出片圣地蟠龙天地24小时胶片感攻略请收好** ??? **一半水墨江南一半摩登幻境**白墙青瓦摇橹船玻璃幕墙映晚霞谁说古镇只能穿汉服西装牛仔裙和百年石桥同框竟也毫无违和感?? **??必拍机位**? 古戏台转角处绿竹与钢筋的几何切割? 水巷咖啡馆把夕阳装进鎏金拿铁? 程家祠堂光影墙树影斑驳泼墨成诗? 石板桥俯拍游船划开天空之镜?? **追光时刻表**??15:00-17:00玻璃廊桥的克莱因蓝倒影??17:30-18:30金色潮汐漫过马头墙带反光板??19:00后灯笼亮起时穿越千年的电影感??Tips穿素色更高级广角拍建筑张力长焦抓屋檐与云对话九宫格根本塞不下这里的层次感手机调色往青橙撞色拉满**你更爱哪个时刻的蟠龙**????评论区蹲调色教程/机位导航,10,"古镇, 白墙青瓦, 玻璃幕墙, 摇橹船, 晚霞, 水墨江南, 摩登幻境, 古戏台, 绿竹, 钢筋, 几何切割, 水巷咖啡馆, 夕阳, 鎏金拿铁, 程家祠堂, 光影墙, 树影, 斑驳, 泼墨成诗, 石板桥, 游船, 天空之镜, 玻璃廊桥, 克莱因蓝, 倒影, 金色潮汐, 马头墙, 灯笼",,,,,,,,,,,,,,,,,,,,,,,,,,,,,,,,,,,,,,,,,,,,,,,,,,,,,,,,,,,,,,,,,,,
来上海游玩不一定非要去市中心人挤人推荐??虹桥机场附近的三处绝美拍照地可以沉浸式感受魔都独有的海派文化气息??闵行区博物馆共有三个主题的陈列展厅一定要去看二楼的上海县七百年展诉说了从古至今的上海发展追根溯源的同时还复原了许多曾经的场景土著看了也大受震撼旁边还有一个宝龙美术馆可以一起参观???蟠龙古镇1400多年前就已存在的水乡古镇千年后被改造修复成了蟠龙天地商场但依旧保留了江南会客厅般的复古原貌建议傍晚时刻来刚亮起灯的古镇建筑真的绝美???虹桥凤颐酒店以一城一境的理念用魔都南洋旧梦作为主题完美展现了传统海派?时尚摩登的交织感??整个公区一步一景每一处都很出片??坐上八角亭里的黄包车穿越回老上海??走进后花园感受户外泳池和绿意盎然??感受中式茶艺室与西式壁炉的雪茄吧???42平米起3种主题房型宽敞又舒适??雅致的用餐环境高颜值与美味并存,9,"蟠龙古镇,江南会客厅,复古原貌,魔都,南洋旧梦,传统海派,时尚摩登,一步一景,老上海,户外泳池,绿意盎然,中式茶艺室,西式壁炉,雪茄吧,主题房型,用餐环境,高颜值,美味",,,,,,,,,,,,,,,,,,,,,,,,,,,,,,,,,,,,,,,,,,,,,,,,,,,,,,,,,,,,,,,,,,,
蟠龙天地花鸟水集是春天的气息呀[扯脸H],8,"蟠龙天地,花鸟水集,春天的气息",,,,,,,,,,,,,,,,,,,,,,,,,,,,,,,,,,,,,,,,,,,,,,,,,,,,,,,,,,,,,,,,,,,
2023年11月蟠龙天地鲜牛腩砂锅煲,2023,古镇原貌,商业水平不高,童年的梦,,,,,,,,,,,,,,,,,,,,,,,,,,,,,,,,,,,,,,,,,,,,,,,,,,,,,,,,,,,,,,,,,
昨天我们导盲犬狗狗小队去了位于青浦的上海蟠龙天地游玩狗狗们在草坪上玩得可开心了,8,草坪,,,,,,,,,,,,,,,,,,,,,,,,,,,,,,,,,,,,,,,,,,,,,,,,,,,,,,,,,,,,,,,,,,,
现在那些靠着复制粘贴的古镇正在慢慢消失可上海蟠龙天地这个带着浓浓商业味的古镇却在春节期间单周销售额直接超过3000万客流更是突破了百万大关它到底做对了什么咱们今天就拆开来看看视频来源?@李晨晨商业更新观察?已授权?,7,古镇原貌,商业水平不高,童年的梦,,,,,,,,,,,,,,,,,,,,,,,,,,,,,,,,,,,,,,,,,,,,,,,,,,,,,,,,,,,,,,,,,
天空飘着细雨在光影映衬下蟠龙天地美出了新高度,10,"细雨,光影,蟠龙天地,美出了新高度",,,,,,,,,,,,,,,,,,,,,,,,,,,,,,,,,,,,,,,,,,,,,,,,,,,,,,,,,,,,,,,,,,,
玩了一年皮划艇也就划过5次[笑哭R]第一次参加比赛 @跳岛 举办的 船@MRS先是手划船抢鸭子 一群成年人瞬间比小孩还疯[笑哭R]然后单艇赛和团队赛超好玩 二拖一也第八名有奖品 有粽子吃 还有超敬业的工作人员 大家都很享受也可以按时间租船感受一下?@上海蟠龙天地 水很干净 商业发达 很多可以逛 吃的喝的玩的 遛娃很好晚上灯光好看还有灯光秀三岁的娃今天超给力 也享受到了 居然也要自己划不一样的端午[大笑R],9,"水很干净,商业发达,灯光好看,灯光秀",,,,,,,,,,,,,,,,,,,,,,,,,,,,,,,,,,,,,,,,,,,,,,,,,,,,,,,,,,,,,,,,,,,
??地址青浦区蟠鼎路123弄8号??交通地铁17号线蟠龙路站3号出口??停车5个停车场8R/小时?时间3-4小时逛完喜欢打卡美食的集美们可以下午过去晚上在看个夜景晚上7点钟左右人流量比较少??美食百年龙袍蟹黄汤包馆环境古色古香大众点评上面点了全家福双人套餐实际上是三个女生吃刚好合适的量我们两个人吃不完黄金蟹粉板面/鲜虾小馄饨这两个挺不错的香港林糖水环境复古港风点了一份香芒雪糕拉面两个人尝一尝份量很足点评说一般糖水铺子水准我个人觉得还不错的看自己口味吧Tapa Tapa环境在沿河二楼可以看到湖景和古镇风光适合拍照和用餐我们没有吃他们套餐三个人的话就吃套餐比较划算量很足点了三个菜只有海鲜塔不是很满意品质一般北娥螺有点腥总体逛下来感觉还不错的吃吃喝喝边逛边休息有靠河的咖啡店和差馆很喜欢这种有很多可以坐着休息的地方逛累了休息下接着走我们过去没有赶上水集以后有机会再过去吧??,7,"环境古色古香,黄金蟹粉板面,鲜虾小馄饨,环境复古港风,香芒雪糕拉面,份量很足,湖景,古镇风光,适合拍照,靠河的咖啡店,差馆,边逛边休息,水集",,,,,,,,,,,,,,,,,,,,,,,,,,,,,,,,,,,,,,,,,,,,,,,,,,,,,,,,,,,,,,,,,,,
第一次带小崽子打卡线下好朋??好朋??的大趴体??地点上海蟠龙天地逆子出门秒变菜猫全程哈或被哈个不停??天气真热呀不光爆炸头墨镜造型没用上衣服都当场剥掉了[满月R]姨姨们才是小崽子的舒适圈古镇风建筑超搭的最后依旧在一声声好帅好可爱中迷失自我[种草R]吧唧和社交贴贴都get啦[种草R]感谢@德文卷??社牛喵俱乐部 提供的伴手礼小崽子当场开动吃完又可以??????啦,9,"古镇风建筑,姨姨们,舒适圈,社交贴贴,伴手礼",,,,,,,,,,,,,,,,,,,,,,,,,,,,,,,,,,,,,,,,,,,,,,,,,,,,,,,,,,,,,,,,,,,
48H上海咖啡日记3 蓝瓶咖啡 BLUE BOTTLE 蟠龙天地村里没有到了上海必喝平时举铁没白练为了对齐颗粒度两只手要断了废片率99%这家蓝瓶店面设计感并不强利用了原有古建筑关山樱花拿铁糖浆太甜最后喝这一杯飞回北京牛马有自己的快捷通道和头等舱[笑哭R],1,"古镇原貌,商业水平不高,童年的梦",,,,,,,,,,,,,,,,,,,,,,,,,,,,,,,,,,,,,,,,,,,,,,,,,,,,,,,,,,,,,,,,,,,
挺美一小镇晴天的景很出片,8,"美,小镇,晴天,景,出片",,,,,,,,,,,,,,,,,,,,,,,,,,,,,,,,,,,,,,,,,,,,,,,,,,,,,,,,,,,,,,,,,,,
蟠龙天地每一季都很好看怎么拍都好看在河边清闲的吃个漂亮饭非常惬意吃完饭直接夜景散步真的是泗泾人的后花园不知道吃什么来蟠龙天地就可以了,9,"蟠龙天地,河边,清闲,漂亮饭,惬意,夜景散步,泗泾人的后花园",,,,,,,,,,,,,,,,,,,,,,,,,,,,,,,,,,,,,,,,,,,,,,,,,,,,,,,,,,,,,,,,,,,
最近带家人又去逛了蟠龙天地人很多很热闹感叹为何蟠龙天地好像越来越火比我上次来人还要多个人觉得大概有如下原因吧????地下停车场停车位充足????离市区近但又有乌镇风光很适合周末staycation????宠物友好可以遛狗????有免费的儿童乐园周末超多小朋友在玩????有好逛的市集甚至可以买到花花草草和农家产品????有很多环境不错味道也不错的餐厅不像很多景点都是千篇一律的臭豆腐和烤串就是排队有点久建议去之前提前在美团预约好我带老妈去的是Foodie Tempo美  时蟠龙天地店差不多提前三个小时团好套餐然后预约到店时间的到店可以直接就餐她家一楼有河边的景观位不过我更推荐二楼的户外景观位很安静惬意可以避开人群嘈杂我们在美团团了一个双人餐再单点了几个菜酱烤猪肋排和鹅肝蘑菇烩饭很好吃大家可以上美团??美时888抢尝鲜包花小钱体验隐藏吃法美团独享限时尝鲜优惠,9,"地下停车场,停车位充足,离市区近,乌镇风光,宠物友好,免费的儿童乐园,好逛的市集,环境不错,味道也不错的餐厅,Foodie Tempo美时蟠龙天地店,河边的景观位,二楼的户外景观位,酱烤猪肋排,鹅肝蘑菇烩饭,美团独享限时尝鲜优惠",,,,,,,,,,,,,,,,,,,,,,,,,,,,,,,,,,,,,,,,,,,,,,,,,,,,,,,,,,,,,,,,,,,
[红色心形R]蟠龙天地花间市过春天原本以为要错过魔都的樱花季了心里满是遗憾没想到在蟠龙天地遇上了春天最后的浪漫穿梭在亭台楼阁间遇见几树樱花开的正盛坐在树下花瓣零落下来洒在台阶上肩头甚至有几瓣调皮地飘到水杯里似乎要酿一杯樱花饮给我......此间乐不思蜀[蓝色心形R]春日打卡点今年是D1次来看蟠龙赏樱花在蟠龙庵旁有一片樱花径仿古建筑之间也点缀了一些还挺搭此外蟠龙还精心打造了多处春日主题装置正是赏花好时候[一R]梦呓花船装满繁花的梦中小船[种草R]位置南墅泾码头[二R]樱花径小河两岸盛开的樱花[种草R]位置蟠龙庵旁[三R]水岸花坞水曲桥和映月桥上巨型樱花装饰[种草R]位置水曲桥[四R]水岸花瀑布蟠龙市河两岸花开如瀑[种草R]位置香花桥旁[五R]南市花街彩色花瓣铺装的商业街[种草R]位置南市近gaga[六R]蟠龙水集以花鸟鱼虫主题集市[种草R]位置程祠草坪[七R]涵春鸟亭鸟语花香[种草R]位置涵春广场[八R]余德耀美术馆油菜花田[种草R]位置余德耀美术馆[紫色心形R]游览路线樱花径(蟠龙庵旁)->蟠龙水集(程祠草坪)->梦呓花船(近香花桥)->水岸花瀑布->涵春鸟亭->水岸花坞(瑭所)->南市花街->余德耀美术馆油菜花.,9,"樱花径,仿古建筑,春日主题装置,梦呓花船,南墅泾码头,水岸花瀑布,香花桥旁,南市花街,蟠龙水集,程祠草坪,涵春鸟亭,水岸花坞,余德耀美术馆油菜花田",,,,,,,,,,,,,,,,,,,,,,,,,,,,,,,,,,,,,,,,,,,,,,,,,,,,,,,,,,,,,,,,,,,
一半素心以清简一半寂静许清欢,8,"素心,寂静",,,,,,,,,,,,,,,,,,,,,,,,,,,,,,,,,,,,,,,,,,,,,,,,,,,,,,,,,,,,,,,,,,,
最后半天去蟠龙天地走一走下一站淮安,5,蟠龙天地,,,,,,,,,,,,,,,,,,,,,,,,,,,,,,,,,,,,,,,,,,,,,,,,,,,,,,,,,,,,,,,,,,,
周末驱车25km去蟠龙玩啦以下是攻略1. 交通自驾:导航至上海蟠龙天地古镇设有停车场公共交通:地铁17号线蟠龙路站下车2号口步行约10分钟即可到达2. 游玩路线核心游览区蟠龙庵程家祠堂天主教堂香花桥凤来桥等特色体验乘坐摇橹船游览古镇水系感受江南水乡的独特魅力美食推荐大虾泰泰 好吃3. 住宿推荐古镇周边选择古镇周边的酒店性价比更高建议游玩时间半天在快节奏的都市生活中来蟠龙古镇寻找心中的诗和远方在这里你可以放慢脚步感受生活的美好找回内心的平静,8,"古镇,水系,江南水乡,美食,诗和远方,生活的美好,内心的平静",,,,,,,,,,,,,,,,,,,,,,,,,,,,,,,,,,,,,,,,,,,,,,,,,,,,,,,,,,,,,,,,,,,
看到上海蟠龙天地近日有春日限定花鸟鱼市便在周末驱车前往晒晒太阳踏春去~在这真切感受和期待春天生命力已经压按捺住啦~??偶遇一支花船阳光洒在上面花瓣闪烁着微光这一刻所有的烦恼都被治愈了~涵春鸟亭笼子里许多小鸟在春日阳光下跳跃寓意生机勃勃超有春日氛围天呐噜终于知道樱花季要和朋友去哪玩了??实在太好玩了快带你好闺闺来真的hin好丸~??,10,"春日,限定,花鸟鱼市,阳光,踏春,春天,生命力,花船,花瓣,微光,烦恼,治愈,涵春鸟亭,小鸟,跳跃,生机勃勃,春日氛围,樱花季,朋友,好玩",,,,,,,,,,,,,,,,,,,,,,,,,,,,,,,,,,,,,,,,,,,,,,,,,,,,,,,,,,,,,,,,,,,
清明打卡蟠龙天地虽然是纯粹人造古镇但感觉还不错里面引进的商户个人觉得还是可以逛一逛的,7,"人造古镇,商户,逛一逛",,,,,,,,,,,,,,,,,,,,,,,,,,,,,,,,,,,,,,,,,,,,,,,,,,,,,,,,,,,,,,,,,,,
??xt50+23f1.4坐标上海蟠龙天地青浦人气最旺的商场真的建议大家真的要来看看[哇R],9,"坐标,上海蟠龙天地,青浦,人气最旺,商场,建议,哇R",,,,,,,,,,,,,,,,,,,,,,,,,,,,,,,,,,,,,,,,,,,,,,,,,,,,,,,,,,,,,,,,,,,
哈喽友友们[害羞R]哪怕辞职了也不要在家emo哦自己一个人撸了个妆容去蟠龙天地逛逛啦?总结这里其实就是一个古镇化的商场[笑哭R]里面很多河边吃烛光晚餐的西餐厅拿个小夜灯氛围感十足下次约会选这里ps价格略微昂贵也有很多没那么贵的米线奶茶云南菜?很适合和朋友来约会拍照?养狗人必去是个带狗狗散步的好地方最近科目三kuku练车ing终于上路了好兴奋,1,古镇化的商场,河边吃烛光晚餐,西餐厅,小夜灯,氛围感,价格略微昂贵,米线,奶茶,云南菜,养狗人,带狗狗散步,,,,,,,,,,,,,,,,,,,,,,,,,,,,,,,,,,,,,,,,,,,,,,,,,,,,,,,,,
上海不仅是摩登都市更是诗意江南今天我们推出三个中式城市更新项目将传统与现代完美融合在春日感受诗意江南快收下这份打卡指南??1. 广富林文化遗址水下博物馆里的上海之根?? 特点4000年历史的文明遗址被称为上海之根标志性水上金字塔博物馆悬浮湖面水下展区展示先民生活场景还有古寺书院稻田一秒坠入历史长河?? 打卡点水下博物馆穿越时空看崧泽文化到近代的文物玻璃幕墙外是碧波游鱼科幻感拉满富林塔与红墙唐风建筑搭配春天的樱花仿佛京都小景朵云书院明代徽派老宅改造的书店庭院竹林喝茶超治愈25?? Tips穿素色衣服更出片适合一日游P1-52.蟠龙天地摩登江南的公园商业综合体?? 特点千年古镇变身公园里的新天地保留十字街古桥水系融合艺术展览户外运动网红餐饮年轻人扎堆的微度假胜地?? 打卡点余德耀美术馆老粮仓改造的艺术空间定期有先锋展览Blue Bottle咖啡百年老宅里的蓝瓶咖啡坐在天井看小桥流水户外马场与皮划艇上海首座户外马场体验骑马划船野趣十足39月见蟠龙光影秀夜间灯光点亮水乡游船穿行如画中游?? Tips地铁17号线直达宠物友好周末市集和汉服活动超多记得尝非遗叶榭软糕P6-113. 世博文化公园申园浦江畔的古典光影秘境?? 特点藏在世博文化公园里的江南园林以城市山林为理念复刻传统园林的叠山理水亭台楼榭夜晚还有沪上首场古典园林光影秀申园满庭芳十二花神主题的沉浸式演出笛声戏曲与光影交织一秒穿越千年?? 打卡点光影秀杜鹃绽梅花引等八大主题场景脚下繁花盛放水幕倒映圆月超梦幻园林八景古柯晚渡荷风鱼乐纯木榫卯建筑细节满分穿汉服拍古风写真绝配?? Tips19点后入园看光影秀门票需小程序预约P12-16?? 交通指南申园地铁13号线世博大道站步行10分钟广富林地铁9号线松江大学城站打车10分钟蟠龙天地地铁17号线蟠龙路站出站即达?? 穿搭建议新中式穿搭汉服或简约纯色系搭配折扇油纸伞更出片上海的城市更新不止于建筑更是一场文化与生活的复兴快来这三个地方感受传统与现代碰撞的中国式浪漫吧??,10,"千年古镇,保留,十字街,古桥,水系,艺术展览,户外运动,网红餐饮,年轻人扎堆,微度假胜地,余德耀美术馆,老粮仓,改造,先锋展览,Blue Bottle咖啡,百年老宅,天井,小桥流水,户外马场,皮划艇,宠物友好,周末市集,汉服活动,非遗叶榭软糕",,,,,,,,,,,,,,,,,,,,,,,,,,,,,,,,,,,,,,,,,,,,,,,,,,,,,,,,,,,,,,,,,,,
果然是上海夏天除了博物馆还真有好玩又凉快的地方????你以为是商场其实是依水而建的古镇你以为是江南古镇其实是商场还自带市集的那种??上海的后花园不用跨市随处可见的凉亭3分种喷一波水汽真的凉快??巨型大冰块随地大小摸??还有冰推车的汽水饮料比冰箱更凉快赶水集还是很有意思的每一处都值得打卡??蟠龙天地你是真懂年轻人啊在这里吃点东西逛个街赶个集听听草地音乐??喝一杯太惬意啦,9,"古镇, 商场, 江南, 上海, 后花园, 凉亭, 水汽, 巨型大冰块, 冰推车, 汽水饮料, 草地音乐",,,,,,,,,,,,,,,,,,,,,,,,,,,,,,,,,,,,,,,,,,,,,,,,,,,,,,,,,,,,,,,,,,,
就在上海蟠龙天地的花鸟水集???带你穿越花海玩转春日啦趁着休息和朋友浅玩一下这些地方真的巨美巨划算~??梦呓花船满载鲜花的小船把春天全装了进去氛围感超绝 光影?照下来整个画面酝酿着浓浓诗意????涵春鸟亭涵春桥边的鸟亭小鸟们超活泼站在亭子里听着它们叽叽喳喳感觉整个人都被春天的活力包围了??蟠龙水集花鸟鱼市真的热闹非凡春日气息十足浓浓烟火气?3.21-3.23\3.28-3.30\4.4-4.6如遇雨天活动可能取消哦来这里熙熙攘攘的初春真的好不热闹??,10,"上海蟠龙天地,花鸟水集,穿越花海,春日,休息,朋友,地方,巨美,巨划算,梦呓花船,鲜花,春天,氛围感,光影,诗意,涵春鸟亭,涵春桥,鸟亭,小鸟,叽叽喳喳,春天的活力,蟠龙水集,花鸟鱼市,热闹非凡,春日气息,烟火气,熙熙攘攘,初春",,,,,,,,,,,,,,,,,,,,,,,,,,,,,,,,,,,,,,,,,,,,,,,,,,,,,,,,,,,,,,,,,,,
打工牛马内耗满格的一周过完想要找个地方短时间回??+0元rua??的话那一定是蟠龙天地??赶上了这周的 City Pet宠物巡游真的是在人群和小猫小狗群的N重包围中原地复活????? 超多毛孩子排着队巡游狗狗车队小狗荡秋千还有吧唧风铃DIY每一只都像情绪小补丁一路rua过去感觉全身的打工怨气都被吸走了?0元撸狗+春日晒太阳+宠物互动体验这种满满幸福感强谁懂啊??最惊喜的是这届天地绿动生活节绿心社区好绿友计划上线了? 自带杯买咖啡? 徒步逛宠物集市? 绿色消费 + 活动签到都能积攒??心 兑换再生材料做的春日疗愈小礼艾草按摩捶种子卡片真的环保又贴心??不夸张地说蟠龙天地狗界的环球影城打工人的松弛游乐场来rua狗沐春风攒绿心顺便赶走一整周的负能量就问这还不快快冲嘛,1,"蟠龙天地,City Pet宠物巡游,毛孩子,狗狗车队,小狗荡秋千,吧唧风铃DIY,情绪小补丁,rua狗,春日晒太阳,宠物互动体验,天地绿动生活节,绿心社区好绿友计划,自带杯买咖啡,徒步逛宠物集市,绿色消费,活动签到,积攒??心,再生材料,春日疗愈小礼,艾草按摩捶,种子卡片,环保,贴心,狗界的环球影城,打工人的松弛游乐场",,,,,,,,,,,,,,,,,,,,,,,,,,,,,,,,,,,,,,,,,,,,,,,,,,,,,,,,,,,,,,,,,,,
上海蟠龙天地无意间发现的上海宝藏商圈非常好逛,9,"上海蟠龙天地,无意间发现,宝藏商圈,非常好逛",,,,,,,,,,,,,,,,,,,,,,,,,,,,,,,,,,,,,,,,,,,,,,,,,,,,,,,,,,,,,,,,,,,
蟠龙镇的兴起应该得缘于水陆交通的蟠龙港之前看上海和青浦的地方志里提到过这个地名说它像个江南古镇其实又不太像建筑都是翻新的商业受众不是面对本地人的大部分没有水乡特色绿化和布景又刻意又精致充满了资本家的设计味道河道里的水干净得堪比平江路总之看起来像一个沉浸式古镇经营游戏沙盘说它只是个接着古镇壳子开的商场又不完全是至少小桥流水粉墙黛瓦评弹花灯之类的基本元素看起来像模像样一些原生故事和建筑历史也被发掘了让人逛起来至少一路上有新发现原来生活在蟠龙镇的人看到此情此景是什么想法呢[看R][公路车R]交通地铁17号线蟠龙路距离虹桥火车站两站路自驾的话停在进博会p12一次20,1,"河道,水干净,平江路,小桥流水,粉墙黛瓦,评弹,花灯,原生故事,建筑历史",,,,,,,,,,,,,,,,,,,,,,,,,,,,,,,,,,,,,,,,,,,,,,,,,,,,,,,,,,,,,,,,,,,
五一小长假如果不想出去堵车堵心也不想宅在家中无所事事推荐来蟠龙天地的江南风物季吧美轮美奂的苏式盘扣江南龙船热闹非凡的蟠龙水集高雅动听的古曲新声天工织物的美学体验走过古色古香的香花桥穿越精美绝伦的蟠龙牌坊穿梭琳琅满目的江南风物在这里发现生活的另一种写法收获足不出沪的微度假心情,10,"美轮美奂,苏式盘扣,江南龙船,热闹非凡,蟠龙水集,高雅动听,古曲新声,天工织物,美学体验,古色古香,香花桥,精美绝伦,蟠龙牌坊,琳琅满目,江南风物,微度假心情",,,,,,,,,,,,,,,,,,,,,,,,,,,,,,,,,,,,,,,,,,,,,,,,,,,,,,,,,,,,,,,,,,,
在魔都想要超前体验浓浓的新春年味赶紧来蟠龙天地吧这里的灯会绝对会惊艳到你不容错过的主要灯组1.香花桥超赞的大型蛇年灯组2.涵春广场喜庆的巨型鱼灯3.烟雨廊桥独特的大号灯笼4.北市街浪漫的紫色灯组5.还有星愿树涵春桥各种打卡点整个蟠龙天地就是一个新春灯海此外还有蟠龙水集乙巳庙会非遗表演年味直接拉满想感受新春年味还有喜欢拍照的小伙伴们可千万别错过啦Tips:蟠龙水集 乙巳庙会时间1.10-1.121.17-1.191.30-2.42.12-2.16 的11:00-21:00 地点程祠草坪非遗灯影舞龙醒狮时间2025.1.1(元旦) 17:00-18:002.2 初五10:00-11:002.5初八10:00- 11:002.12元宵17:00-18:00交通地铁17号线蟠龙路2号口出来过马路到蟠鼎路进,10,"新春年味,灯会,香花桥,大型蛇年灯组,涵春广场,巨型鱼灯,烟雨廊桥,大号灯笼,北市街,紫色灯组,星愿树,涵春桥,打卡点,新春灯海,蟠龙水集,乙巳庙会,非遗表演,年味,拍照",,,,,,,,,,,,,,,,,,,,,,,,,,,,,,,,,,,,,,,,,,,,,,,,,,,,,,,,,,,,,,,,,,,
果然带孩子们来蟠龙天地没错蛇年新春氛围已就绪啦[福R]路边到处都装点了紫色的灯笼[福R]一条巨型灵蛇环绕在香花桥上穿梭在水边街巷之中[福R]两条红色大鱼悬浮在水边廊桥上晚上的时候灯亮起来也太好看了.在巨大灵蛇河对面可以关注领取限定印章??太好看了有十几个印章??盖也可以自己带本子来盖呢都是蛇年限定.一路走到了蟠龙水集乙巳庙会??一如既往的热闹有很多活动都特别有年味孩子们东瞧瞧西看看因为穿的太喜庆了还引来了不少人围观孩子们用积分参加了拓印活动孩子们非遗体验?1过阵子还有许多的新年活动和非遗演出呢期待一下.??市街广场的'星愿树'在天黑的时候太好看了孩子们把新年的期待写在小纸条里塞进邮筒??祝?希望蛇年巳巳如意呀.,10,"蛇年新春氛围,紫色灯笼,巨型灵蛇,香花桥,红色大鱼,限定印章,蟠龙水集乙巳庙会,年味,拓印活动,非遗体验,新年活动,非遗演出,星愿树,天黑,孩子们",,,,,,,,,,,,,,,,,,,,,,,,,,,,,,,,,,,,,,,,,,,,,,,,,,,,,,,,,,,,,,,,,,,
蟠龙天地&小红书宠物友好level up现场的毛孩子各凭本事各种花式炸街吸睛无数彭茶茶和钱多多做了吧唧许愿签同时也为无法到场的B崽子和家长们也做了N多的吧唧幸福感满满现场也碰到了彭茶茶的女粉被女粉围起来撸的那种感觉尽在不言中最最关键的今天见证了彭茶茶和钱多多结婚登记仪式感觉今天的蟠龙天地聚集了上海三分之一的人活动还在继续想要撸毛孩子的ee们速速来吧彭茶茶还在哦PS它博会期间彭茶茶会在狐B王国站台想撸的ee们记得来约来撸,10,"宠物友好,毛孩子,花式炸街,吸睛,吧唧许愿签,幸福感,女粉,撸,结婚登记仪式,蟠龙天地",,,,,,,,,,,,,,,,,,,,,,,,,,,,,,,,,,,,,,,,,,,,,,,,,,,,,,,,,,,,,,,,,,,
余德耀美术馆新馆位于蟠龙新镇紧邻河道的绿环之中我们用廊道将其划分成由西南水稻田西北草坪广场东北河埠头东南美术馆组成的四象限空间格局交汇处的庭院成为美术馆的半室外玄关将艺术活动向外延展链接当地文脉营造出可以交互转换的共有文化空间由传统变异而来的半山墙双飞檐构成了建筑的基本语言半墙左右交替支撑的双飞檐廊用互承结构的方式交织成整个廊院系统内部空间则在延续这一语言的同时回归双坡顶并引入柔和的自然光相同的模数结构材料融合了建筑里外的界限实现了不同场景之间的交互与共有地点上海市蟠龙天地功能展览文化交流活动咖啡厅面积1868.5地上889.9地下978.6,7,古镇原貌,商业水平不高,童年的梦,,,,,,,,,,,,,,,,,,,,,,,,,,,,,,,,,,,,,,,,,,,,,,,,,,,,,,,,,,,,,,,,,
?? 春日暴走实录 | 闯入江南的粉色结界在魔都竟藏着一座被樱花与花船点亮的千年水乡当手摇船载着花瀑划过涟漪我才懂什么是春和景明的极致浪漫青砖黛瓦的檐角轻托着千年时光而香花桥头的巨型樱花装置正以每秒五厘米的速度坠落花瓣那是江南写给春天的十四行诗?? 交通指南 | 地铁自驾双攻略?? ?地铁党福音17号线蟠龙路站3号口出过天桥步行5分钟直达核心区?? ?自驾党贴士导航至蟠鼎路停车场?P1-P58元/小时推荐P1-2停车场出来即刻拥有樱花和大草坪?? 春日必拍打卡点 | 坐标直出1?? 梦呓花船南墅泾码头瑭所旁?抓拍老爷爷摇橹载花船的瞬间木质桥体与樱花同框宛如梦华录剧照用长焦压缩河道纵深拍出花船入画的奇幻感2?? 水岸花坞水曲桥/映月桥以桥上巨型樱花装置为背景蹲低视角拍桥面樱花倒影手机也能拍出镜花水月大片3?? 蟠龙水集程祠草坪11:00-20:00?俯拍花鸟鱼市全景金鱼缸折射的光斑与人群形成天然滤镜4?? 涵春鸟亭涵春广场用广角镜头框住古亭飞檐与灵鸟群瞬间穿越知否片场,10,"青砖黛瓦,檐角,千年时光,香花桥,樱花装置,花瓣,江南,春天,粉色结界,樱花,花船,春和景明,极致浪漫,水乡,手摇船,花瀑,涟漪,巨型樱花,十四行诗,梦呓花船,南墅泾码头,老爷爷摇橹,木质桥体,樱花同框,梦华录剧照,河道纵深,水岸花坞,水曲桥,映月桥,桥面樱花倒影,镜花水月,蟠龙水集,程祠草坪,花鸟鱼市,金鱼缸,光斑,人群,天然滤镜,涵春鸟亭,涵春广场,古亭飞檐,灵鸟群,知否片场",,,,,,,,,,,,,,,,,,,,,,,,,,,,,,,,,,,,,,,,,,,,,,,,,,,,,,,,,,,,,,,,,,,
蟠龙水集也是我想记录的一个部分这个集市存在于整个项目西侧的边缘区是在滨水的桥边的一片砾石区集市里面有常见的饰品玩具3D打印的模型烤肠什么的零食比较让我有记忆点的是他们跟科研机构合作卖玉米画海娜的小姐姐说他没想到国庆7天3甜是下雨天晴天的时候人比较多下雨天人不是很多但还可以不是一个人都没有的那种生意主要是带小孩的会有消费年轻人不多也会消费中老年群体消费会少一些来消费的人主要是买零食会多一些虽然说现在集市有很多但我个人感觉我比较少会在这种集市上消费虽然做个人工作室的有很多我也加了很多做手工的做甜酒的做香水的七七八八的微信但还是感觉整体集市上的东西价格会比较偏高当然个性是个性没错毕竟也是摊主的一片心血很多也是用不到的小工艺品啥的带回家玩两天就闲置了吃吃喝喝到还好我比较印象深刻的是在长宁国际的一个集市在卖梅见的摊位体验投壶还有一个是在南丰城的中秋集市体验自己做香包还可以在走廊中间跟路人下五子棋希望很多的集市这种体验性的项目更多一些吧,4,"蟠龙水集, 集市, 滨水, 桥边, 砾石区, 饰品, 玩具, 3D打印, 模型, 烤肠, 玉米画, 海娜, 科研机构, 国庆, 下雨天, 晴天, 带小孩, 消费, 年轻人, 中老年群体, 零食, 手工, 甜酒, 香水, 微信, 价格, 个性, 摊主, 心血, 小工艺品, 吃吃喝喝, 长宁国际, 梅见, 投壶, 南丰城, 中秋集市, 香包, 走廊, 路人, 五子棋, 体验性, 项目",,,,,,,,,,,,,,,,,,,,,,,,,,,,,,,,,,,,,,,,,,,,,,,,,,,,,,,,,,,,,,,,,,,
这个周末在蟠龙天地高地广场举办了宠物友好巡游活动现场好多可爱的装置带着悠酱一个个打卡悠酱遇到了不少小狗狗都好可爱呀我最喜欢茶杯还有花车巡游悠酱上场时还单脱手一看就是老司机[大笑R]蟠龙天地真是铲屎官们宝藏遛狗胜地太好逛啦??免费????宠物友好???P1P2P5都有车位P5离得最近8元/小时可以用积分抵扣周密200积分抵1小时还是不错滴,9,"宠物友好,可爱,装置,打卡,小狗狗,茶杯,花车巡游,老司机,蟠龙天地,铲屎官,遛狗胜地,好逛,免费,车位,积分抵扣",,,,,,,,,,,,,,,,,,,,,,,,,,,,,,,,,,,,,,,,,,,,,,,,,,,,,,,,,,,,,,,,,,,
??最近被蟠龙天地的宠物友好活动刷屏了??原来是宠物友好计划有大事发生???上海28度的天气愣是有38度的体感??于是让爱中暑的法国佬在家里吹风扇??狗主人我顶着高温 驱车1小时独自前往???超大草坪 人均有狗??毛孩子的社交大会阿拉斯加萨摩耶德国牧羊犬拉布拉多金毛柴犬边牧灵缇柯基比熊全上海的狗几乎都来了???宠物秋千??像小吊篮一样的惊喜秋千中等体型的狗狗柴犬也能稳稳坐住???萌宠大茶杯??把狗狗放在茶杯里就能冒充茶杯犬了???宠物吧唧许愿树??把对毛孩子的心愿和期待写下来挂在许愿树上???宠物花车巡游??最重磅的节目什么毛孩子比我先出名??坐在小汽车/手动推车/购物车里交通工具不限限时开启巡游在宠物红毯上礼貌亮相????????????TIPS???活动地点??? 蟠龙天地-高地广场|青浦区蟠鼎路123弄8号??撒欢时间???4月19日-4月20日 每天11:00-18:00??宠物花车巡游下午3点开始喔???Hi我是劳小王一个利用周末打卡上海本地及周边好玩地的女子~?,9,"超大草坪,宠物秋千,萌宠大茶杯,宠物吧唧许愿树,宠物花车巡游",,,,,,,,,,,,,,,,,,,,,,,,,,,,,,,,,,,,,,,,,,,,,,,,,,,,,,,,,,,,,,,,,,,
周末逛到青浦的蟠龙天地没想到不出上海就获得了一片江南水乡当载满春花的摇橹船划入视线独属于江南的浪漫一下就被开启立马收获春日限定体验??蟠龙水集花鸟鱼市繁花瀑布文鸟在笼中啁啾鱼跃霓裳程祠草坪的春日限定最后一场是4.4-4.6注意别跑空??水上花船巡游NPC老伯摇着花船和路人互动??水岸花坞小桥流水间巨型樱花盛开??夜景闲适的友友可以悠哉逛到晚上灯光下的江南水乡更会有另外一种浪漫??快收好这份春日限定的浪漫去邂逅青浦最chill的江南水乡吧??地铁17号线 蟠龙路3号口出??SONY A7C2索蔡55 F1.8??25.3.30,10,"江南水乡,春花,摇橹船,浪漫,春日限定,蟠龙水集,花鸟鱼市,繁花瀑布,文鸟,鱼跃霓裳,程祠草坪,水上花船巡游,NPC老伯,花船,水岸花坞,小桥流水,巨型樱花,夜景,灯光,江南水乡,地铁17号线,蟠龙路3号口",,,,,,,,,,,,,,,,,,,,,,,,,,,,,,,,,,,,,,,,,,,,,,,,,,,,,,,,,,,,,,,,,,,
最近天气这么好决定带着家人和孩子来离市区稍微近一点的江南古镇逛逛只能说后悔没早点来哈哈[赞R][赞R]相比于其他古镇这里小桥流水与摩登店铺并存店铺都毕竟日式清新非常适合周末微旅行亲子游或文艺打卡[一R]亮点???江南水乡plus版- 复原蟠龙港香花桥等历史景观保留庵市程祠故里等文化遗址夜间灯光映衬下整个小镇更具韵味- 推荐打卡点十字街蟠龙湾游船??50元/人沉浸式感受水乡风情?文艺与商业融合-余德耀美术馆当代艺术展览+网红旋转楼梯- 特色店铺猫空书店Blue Bottle咖啡木墨家居适合拍照发呆- 市集活动周末常有手作农夫市集或汉服巡游?亲子友好体验- 童心乐园超大无动力儿童游乐区免费??- 萌宠乐园可带宠物互动????????[二R]实用信息????地址上海市青浦区蟠鼎路123弄??交通- 地铁17号线蟠龙路站2号口步行约10分钟- 自驾导航至蟠龙天地停车场周末建议早到停车费8元/小时??门票免费部分展览/体验单独收费??建议游玩时间半天至1天[向右R]Tips1. 最佳拍照时段清晨或傍晚避开人流且光线柔和2. 游船建议傍晚乘坐夜景更美如果是家庭出游建议包船350元往返3. 穿舒适平底鞋部分石板路不平4. 周末人流较大错峰体验更佳蟠龙天地完美平衡了传统与现代无论是想寻一处静谧还是体验都市慢生活这里都能满足你计划一场逃离喧嚣的小江南之旅吧,1,"小桥流水,摩登店铺,日式清新,江南水乡plus版,复原蟠龙港,香花桥,历史景观,文化遗址,夜间灯光,十字街,蟠龙湾游船,余德耀美术馆,当代艺术展览,网红旋转楼梯,猫空书店,Blue Bottle咖啡,木墨家居,手作农夫市集,汉服巡游,童心乐园,萌宠乐园,免费,无动力儿童游乐区,沉浸式感受,文艺与商业融合,亲子友好体验",,,,,,,,,,,,,,,,,,,,,,,,,,,,,,,,,,,,,,,,,,,,,,,,,,,,,,,,,,,,,,,,,,,
今天逛蟠龙天地偶然看到水面上有位老爷爷正撑船划行船上摆满了五彩缤纷的花加上今天的好天气美得我走不动道,9,"老爷爷,撑船,划行,船,五彩缤纷,花,好天气,美",,,,,,,,,,,,,,,,,,,,,,,,,,,,,,,,,,,,,,,,,,,,,,,,,,,,,,,,,,,,,,,,,,,
今天天气很好蟠龙天地邀请了国外艺术家在水上表演歌剧氛围感拉满了底下两个潜水员装扮也好可爱,9,"天气很好,水上表演,歌剧,氛围感,潜水员,装扮,可爱",,,,,,,,,,,,,,,,,,,,,,,,,,,,,,,,,,,,,,,,,,,,,,,,,,,,,,,,,,,,,,,,,,,
整个区域是商圈和古镇的巧妙结合体市集里有许多有趣的小玩意适合夏天夜晚出游躲避炎热古镇的感觉没有被商业化破坏饭后散步很是惬意????上海蟠龙天地???停车场 8R/小时,8,"商圈,古镇,市集,小玩意,夏天夜晚,躲避炎热,商业化,饭后散步,惬意,停车场",,,,,,,,,,,,,,,,,,,,,,,,,,,,,,,,,,,,,,,,,,,,,,,,,,,,,,,,,,,,,,,,,,,
帐篷绿植露营灯氛围感直接拉满仿佛真的置身于户外露营场地空间十分宽敞有专门适合团建的大长桌大家围坐在一起热闹又温馨烤肉的种类繁多新鲜的牛肉羊肉五花肉色泽诱人纹理清晰放在烤盘上滋滋冒油香气扑鼻工作人员热情周到细心询问我们的用餐感受有任何需求都能迅速响应并解决 ,10,"帐篷,绿植,露营灯,氛围感,户外,空间,宽敞,大长桌,团建,热闹,温馨,烤肉,种类繁多,新鲜,牛肉,羊肉,五花肉,色泽诱人,纹理清晰,烤盘,滋滋冒油,香气扑鼻,工作人员,热情,周到,细心,用餐感受,需求,响应,解决",,,,,,,,,,,,,,,,,,,,,,,,,,,,,,,,,,,,,,,,,,,,,,,,,,,,,,,,,,,,,,,,,,,
1??古镇与商业区一体的综合性商业建筑???喜欢古镇喜欢露天喜欢商场喜欢拍照??喜欢city walk的无脑冲??2??吃的很多 有小吃也有连锁 咖啡??也有很多牌子不必担心等位排队非常快3??傍着小桥流水真的很小资很惬意尤其出太阳??的时候4??很多市集很多卖花的??还有围炉烧烤??适合团建跟三五小聚5??宠物友好可以带猫狗??可以认识很多小朋友??6??玩一下午是没有问题的旁边还有公园??还有寺庙7??拍照也很出片真的非常适合??喜欢出去玩跟拍照的朋友也适合遛娃??8??有宠物乐园还有马场学骑马还有猫咖狗咖还有很多便利店到处都是卫生间??天阿 蟠龙天地太好逛了,1,"古镇,露天,商场,拍照,city walk,小吃,连锁,咖啡,小桥流水,市集,围炉烧烤,团建,宠物友好,猫狗,小朋友,公园,寺庙,出片,遛娃,宠物乐园,马场,学骑马,猫咖,狗咖,便利店,卫生间,蟠龙天地",,,,,,,,,,,,,,,,,,,,,,,,,,,,,,,,,,,,,,,,,,,,,,,,,,,,,,,,,,,,,,,,,,,
上海蟠龙天地不仅还原了传统江南水乡的韵味还将古镇造出了新中式古典美和专属上海的小资浪漫情调,9,"传统江南水乡,新中式古典美,小资浪漫情调",,,,,,,,,,,,,,,,,,,,,,,,,,,,,,,,,,,,,,,,,,,,,,,,,,,,,,,,,,,,,,,,,,,
蟠龙天地真的适合所有年龄段的人来溜达周末 节假日都有集市活动 超级热闹,9,"蟠龙天地,所有年龄段,溜达,周末,节假日,集市活动,热闹",,,,,,,,,,,,,,,,,,,,,,,,,,,,,,,,,,,,,,,,,,,,,,,,,,,,,,,,,,,,,,,,,,,
上海漫步回归日常生活的鸿寿坊也不例外??25年前的城市封面上海新天地新近热闹的蟠龙天地Urban Retreat城市微度假目的地都是瑞安操盘的城市更新项目都是富有吸引力的城市旅行目的地??普陀区鸿寿坊新会路长寿路西康路均可通达??7号线13号线 长寿路站鸿寿坊尺度不大带着城市的记忆成为时尚又有烟火气的高颜菜场FOODIE SOCIAL鸿寿坊食集是鸿寿坊的灵气所在食集室内空间12米挑高裸露的屋架?可打开的天窗?摇曳的大吊扇有点东南亚又有点原生态??集结了老字号品质网红与口碑名店等30多个美食品牌有菜场茶馆夜宵甚至麻辣烫还卖葱油饼黄泥螺烧腊大壶春生煎??????内街有咖啡店闲来小坐也是惬意[红色心形R]??几个入口处的装置艺术品也是老上海的油条蒸屉竹簸箩记忆感满满??鸿寿坊用新一代的精致烟火气理解附近拥抱附近满足附近这里宛如CITYROOM[红色心形R][拍立得R][自拍R][拔草R][拔草R][拔草R]上海漫步攻略周末走起,10,"城市更新项目,城市旅行目的地,城市的记忆,时尚,烟火气,高颜菜场,灵气所在,老字号,品质网红,口碑名店,菜场茶馆夜宵,麻辣烫,葱油饼,黄泥螺,烧腊,大壶春生煎,咖啡店,艺术品,老上海,油条,蒸屉,竹簸箩,精致烟火气",,,,,,,,,,,,,,,,,,,,,,,,,,,,,,,,,,,,,,,,,,,,,,,,,,,,,,,,,,,,,,,,,,,
落日尽染融化在蟠龙的浮光跃金?蟠龙落日最佳观赏时间16:00 - 17:00??水域视野开阔芒草粉黛点缀画面蟠龙的一切晒得闪闪发光快架好相机来烟雨廊桥拍一场世纪落日让美好停留在记忆中?,10,"落日,水域视野开阔,芒草,粉黛,画面,闪闪发光,烟雨廊桥,世纪落日,美好",,,,,,,,,,,,,,,,,,,,,,,,,,,,,,,,,,,,,,,,,,,,,,,,,,,,,,,,,,,,,,,,,,,
如恩为天然生活方式品牌集z坊设计了蟠龙天地两家门店以木屋与洞穴为设计灵感用白橡木手工陶砖木纹混凝土等简单的材料营造出轻松而又富有力量的自然朴素之美-项目名集z坊地点Woven Moonlight店上海市青浦区蟠鼎路123弄8号蟠龙天地十字大街SD101集z坊蟠龙天地店上海市青浦区蟠鼎路123弄8号蟠龙天地十字大街SD103完成时间2023年4月客户?@集z坊 Jisifang项目内容外立面设计室内设计产品设计项目功能零售建筑面积Woven Moonlight店200平方米集z坊蟠龙天地店110平方米室内设计如恩设计研究室软装设计及采购?@设计共和灯光顾问@DLX驭韶照明设计施工总包南通市华强装饰装潢工程有限公司,9,"木屋,洞穴,白橡木,手工陶砖,木纹混凝土,自然朴素之美",,,,,,,,,,,,,,,,,,,,,,,,,,,,,,,,,,,,,,,,,,,,,,,,,,,,,,,,,,,,,,,,,,,
养宠人的天堂天气好 好多猫猫狗狗 好可爱,9,"养宠人的天堂,天气好,猫猫狗狗,可爱",,,,,,,,,,,,,,,,,,,,,,,,,,,,,,,,,,,,,,,,,,,,,,,,,,,,,,,,,,,,,,,,,,,
1??古镇与商业区一体的综合性商业建筑???喜欢古镇喜欢露天喜欢商场喜欢拍照??喜欢city walk的无脑冲??2??吃的很多 有小吃也有连锁 咖啡??也有很多牌子不必担心等位排队非常快3??傍着小桥流水真的很小资很惬意尤其出太阳??的时候4??很多市集很多卖花的??还有围炉烧烤??适合团建跟三五小聚5??宠物友好可以带猫狗??可以认识很多小朋友??6??玩一下午是没有问题的旁边还有公园??还有寺庙7??拍照也很出片真的非常适合??喜欢出去玩跟拍照的朋友也适合遛娃??8??有宠物乐园还有马场学骑马还有猫咖狗咖还有很多便利店到处都是卫生间??天阿 蟠龙天地太好逛了,1,"古镇,露天,商场,拍照,city walk,小吃,连锁,咖啡,小桥流水,市集,围炉烧烤,团建,宠物友好,猫狗,小朋友,公园,寺庙,遛娃,宠物乐园,马场,骑马,猫咖,狗咖,便利店,卫生间,蟠龙天地",,,,,,,,,,,,,,,,,,,,,,,,,,,,,,,,,,,,,,,,,,,,,,,,,,,,,,,,,,,,,,,,,,,
打工牛马内耗满格的一周过完想要找个地方短时间回??+0元rua??的话那一定是蟠龙天地??赶上了这周的 City Pet宠物巡游真的是在人群和小猫小狗群的N重包围中原地复活????? 超多毛孩子排着队巡游狗狗车队小狗荡秋千还有吧唧风铃DIY每一只都像情绪小补丁一路rua过去感觉全身的打工怨气都被吸走了?0元撸狗+春日晒太阳+宠物互动体验这种满满幸福感强谁懂啊??最惊喜的是这届天地绿动生活节绿心社区好绿友计划上线了? 自带杯买咖啡? 徒步逛宠物集市? 绿色消费 + 活动签到都能积攒??心 兑换再生材料做的春日疗愈小礼艾草按摩捶种子卡片真的环保又贴心??不夸张地说蟠龙天地狗界的环球影城打工人的松弛游乐场来rua狗沐春风攒绿心顺便赶走一整周的负能量就问这还不快快冲嘛,10,"宠物巡游, 毛孩子, 狗狗车队, 小狗荡秋千, 吧唧风铃DIY, 情绪小补丁, 打工怨气, 擦撸狗, 春日晒太阳, 宠物互动体验, 幸福感, 天地绿动生活节, 绿心社区好绿友计划, 自带杯买咖啡, 徒步逛宠物集市, 绿色消费, 活动签到, 再生材料, 春日疗愈小礼, 艾草按摩捶, 种子卡片, 环保, 贴心, 蟠龙天地, 松弛游乐场",,,,,,,,,,,,,,,,,,,,,,,,,,,,,,,,,,,,,,,,,,,,,,,,,,,,,,,,,,,,,,,,,,,
??蟠龙天地蛇年装扮已上线????免费??市集里有套圈圈写对联拓印糖画打钱眼飞镖打年糕免费卖吃的喝的玩的但其实市集比较小上面套圈圈打年糕是集中在一起图2-4图2就是进口处拍的整个横向宽度会有很多然后沿着小路边边一长条吃的喝的玩的图5-8??只大人可以逛市集拍拍照不过市集开的时候人多很难拍出很好看的图??有小孩的逛完市集可以去童心乐园小孩更爱图9-12??童心乐园免费的大小滑滑梯跷跷板沙坑洞洞屋秋千床弹簧网独木桥攀爬支柱转转床平衡弹力桥..特别多不是小区那种设施付费的滑板滑冰喂各种动物??分散在蟠龙天地里还有小喷泉骑马付费狗狗乐园免费但是就是草坪秃了的土地?几个秋千一些铁艺造型纯属于狗狗都在一起玩比较开心等慢慢逛都可以看到还有各种装饰,7,"免费,市集,套圈圈,写对联,拓印,糖画,打钱眼,飞镖,打年糕,童心乐园,滑滑梯,跷跷板,沙坑,洞洞屋,秋千,床,弹簧网,独木桥,攀爬支柱,转转床,平衡弹力桥,小喷泉,狗狗乐园,铁艺造型,装饰",,,,,,,,,,,,,,,,,,,,,,,,,,,,,,,,,,,,,,,,,,,,,,,,,,,,,,,,,,,,,,,,,,,
周一前夜我灵魂不想上班??肉体冲进蟠龙天地新开的银座仁志川钱包你礼貌吗??关于这家店真相?? 面包界的爱马仕刺客生吐司一袋98rmb但咬下去的瞬间救命云朵成精了吧??软糯到想原地躺平本牛马喜提了两个口味草莓奶油和香蕉红豆奶油内心OS吃完这口奶油吐司周一开会老板骂我或许能笑出来吧 苦笑.jpg,98,"面包界的爱马仕刺客生吐司,软糯",,,,,,,,,,,,,,,,,,,,,,,,,,,,,,,,,,,,,,,,,,,,,,,,,,,,,,,,,,,,,,,,,,,
羡慕哭了离我家只有10公里离珉珉最近的一次[哭惹R][哭惹R][哭惹R]此刻我们的爱不再是一叠纸片[红色心形R],8,"羡慕哭了,只有10公里,离珉珉最近,爱,一叠纸片",,,,,,,,,,,,,,,,,,,,,,,,,,,,,,,,,,,,,,,,,,,,,,,,,,,,,,,,,,,,,,,,,,,
上海过年是真无聊但凡有点年味的景点都是人山人海水泄不通蟠龙天地也不例外看xhs差点被劝退??不过躺平也有躺平的玩法想要噶闹忙但又体力不支的可以参考-?错峰时段10:30--18:30人流高峰别说停车吃饭找个地方坐下休息都难另外这里都是石桥石板路什么婴儿车轮椅一推一个不吱声??-最适合躺平人士的玩法订酒店这边靠近四叶草酒店非常多而且都比较新春节淡季200-300元一晚顺便解决停车问题周边看了几家酒店之后我们最后选在瑞廷西郊S酒店环境不错停车方便离盘龙天地步行不到500米唯一美中不足的是入住的旅行团略多大厅有一点点嘈杂-?躺平计划第一天下午三点左右入住四五点出门逛逛熟悉地形看夕阳花灯和夜景整体人流量尚可-第二天上午九点出门打卡白天景点商家一般10点开业如果饿了可以奥乐齐买点11点前搞定中饭完美避开人流高峰美滋滋?,1,"错峰时段,石桥石板路,订酒店,四叶草酒店,环境不错,停车方便,步行不到500米,旅行团略多,大厅有一点点嘈杂,熟悉地形,看夕阳花灯夜景,人流量尚可,奥乐齐买点,避开人流高峰",,,,,,,,,,,,,,,,,,,,,,,,,,,,,,,,,,,,,,,,,,,,,,,,,,,,,,,,,,,,,,,,,,,
前阵子冒着持续的梅雨季探访了位于上海普陀区的鸿寿坊这个被关注了已久的项目终于在我淋得一身湿后如约而至我在上海工作的时候对于这一片区很陌生几乎很少到达那时徐家汇和淮海路更为熟络一些鸿寿坊始建于民国二十二年1933年由商人潘守仁投资兴建的一处里弄旧址曾经是沪西著名的商业聚集地新会路西康路附近一带曾是上海近代工业发源地这里依旧保留了石库门建筑的风貌这也是当时境外开发企业在吸取了江南地区民居的特点注重进和院落的式样开发的产品曾开发新天地项目的上海瑞安集团于2019年拍得地块并对地块进行更新改造鸿寿坊的历史建筑采用了原址保护整体复建构件再利用的更新新改建的空间保留了主弄空间动线供商业人流来往西侧次弄的空间则规划为独立二层的食集采用了玻璃顶封顶保证室内的采光透通因为雨天到访商业区块的连廊很好的解决了这一问题东塔与西塔通过2-3屋的连廓空间贯穿与里弄商业区块围合在一起这种共享式的连廊与一层集市商业街区为楼上办公的人士提供了便捷的服务能产生互动互促的微循环作用它的空间策划注重创新性也看重烟火气的营造并希望通过商务办公与商业的互动提升可持续性不同于新天地的高奢定位也不同于瑞安蟠龙天地的休闲度假鸿寿坊的里弄式商业面积仅为1.5万方其中鸿寿坊食集为双层独栋空间业态引入了FOODIE SOCIAL食集荟森生鲜FRESH MARKET等显得更为年轻化项目的形象定位于精致烟火气彰显了开发企业对项目的思考也为城市中心的小地块商业找到不一样的项目气质很多城市中的小地块以及存量商业也有历史的痕迹和对未来的重塑计划在更新和重建中不妨借鉴参考一下鸿寿坊的思路这可能为我们解决商业在定位策划招商以及运营过程中提供一种可探讨的方向在新会路入口处设有艺术装置上海点心将1200个双子织带圆环以当代艺术风格呈现抽象的油条这也体现了上海烟火气与市民生活的温度这里正成为上海老年人群的打卡胜地也是年轻人放松休闲的理想去处人们沉浸其中各自在城市中寻找属于自己的精神世界,9,"古镇原貌,商业水平不高,童年的梦",,,,,,,,,,,,,,,,,,,,,,,,,,,,,,,,,,,,,,,,,,,,,,,,,,,,,,,,,,,,,,,,,,,
??蟠龙天地是个把古镇风情与现代商业结合的宠物友好商场在之前古镇的旧址上进行改建而来????地址上海市青浦区蟠龙天地古镇???停车有地下停车场8元一小时P1崧泽大道1576号;P2崧泽大道1598号;P3华徐路500号;P5蟠龙路1133号??从市中心开车过去差不多要45分钟??整个小镇都是宠物友好超过半数的商户都是宠物友好店铺可以带着宝贝一起享受购物和用餐的乐趣其中还有个800平方米的宠物公园让毛孩子们可以在这里尽情撒欢??宠物乐园不仅提供了宠物排泄物收集袋还有专门的过滤水装置等??蟠龙天地还有露营马场同心乐园棒球场滑板公园运动乐园等??游船体验在3公里的河道上以非遗编织技艺装点的江南游船让人们体验水乡人家的生活也可以带着宠物一起享受这独特的游船体验?,9,"古镇风情,现代商业,宠物友好,改建,地下停车场,宠物公园,毛孩子,宠物乐园,排泄物收集袋,过滤水装置,露营,马场,同心乐园,棒球场,滑板公园,运动乐园,游船体验,非遗编织技艺,江南游船,水乡人家生活",,,,,,,,,,,,,,,,,,,,,,,,,,,,,,,,,,,,,,,,,,,,,,,,,,,,,,,,,,,,,,,,,,,
岁岁有风风拂岁岁慢慢即漫漫期盼以年年有余的从容消融尘世所有的匆忙奔波愿旧梦皆已圆新岁有新盼愿山高路可行水深舟可渡??蟠龙水集|乙巳庙会?1.17-1.19/1.30-2.4/2.12-2.16 (11:00-21:00)??上海蟠龙天地??R6II+RF70200f2.8???Lightroom,8,古镇原貌,商业水平不高,童年的梦,,,,,,,,,,,,,,,,,,,,,,,,,,,,,,,,,,,,,,,,,,,,,,,,,,,,,,,,,,,,,,,,,
虽然天气今天不是很好但是站在这高处看古镇也别有一番风味,7,"天气,高处,古镇,风味",,,,,,,,,,,,,,,,,,,,,,,,,,,,,,,,,,,,,,,,,,,,,,,,,,,,,,,,,,,,,,,,,,,
春天课代表来了今日份不走花??路走水路上海蟠龙天地的水集太好逛了五一小长假第一天竟然没有想象中人挤人大家这都是反向旅游了么太惬意了吧[彩虹R]??坐乌篷船??玩各种传统游戏??玩免费??儿童乐园??撸狗????喂羊驼喂小鹿骑马??玩累了就来小桥边喝奶茶发会呆拍照打卡点超级丰富还有很多节目送小礼物??好拍又好逛妥妥可以安排一天[气球R]具体地址:蟠龙天地??门票:免费??,10,"水集,乌篷船,传统游戏,免费,儿童乐园,撸狗,喂羊驼,喂小鹿,骑马,小桥,喝奶茶,发会呆,拍照打卡点,节目,送小礼物",,,,,,,,,,,,,,,,,,,,,,,,,,,,,,,,,,,,,,,,,,,,,,,,,,,,,,,,,,,,,,,,,,,
蟠龙天地周末狗狗聚会就在家附近希望每周都有可以带毛孩子去玩啦,9,"蟠龙天地, 周末, 狗狗聚会, 家附近, 毛孩子, 玩",,,,,,,,,,,,,,,,,,,,,,,,,,,,,,,,,,,,,,,,,,,,,,,,,,,,,,,,,,,,,,,,,,,
哪有什么王佳芝只是一个爱凹造型的搞笑女罢了标题党了.??不需要门票的蟠龙天地这么美为什么好评这么少古与今江南水乡与现代商业的完美融合就是又复古又洋气的感觉我好爱这里的建筑??.??拍照心得??四点多抵达以室内探店为主吹吹冷气吃吃甜品??五点前后光线柔和来室外拍照更美??六点多微风拂面超有氛围感.这里还是个宠物友好的聚集地停车也方便有地下停车场工作日来人少更出片,8,"不需要门票,古与今,江南水乡,现代商业,完美融合,复古,洋气,建筑,光线柔和,室外拍照,微风拂面,氛围感,宠物友好,停车方便,地下停车场,工作日,人少",,,,,,,,,,,,,,,,,,,,,,,,,,,,,,,,,,,,,,,,,,,,,,,,,,,,,,,,,,,,,,,,,,,
家就住在古镇里面出门即是蟠龙古镇,7,"家,住在,古镇,出门,即是,蟠龙古镇",,,,,,,,,,,,,,,,,,,,,,,,,,,,,,,,,,,,,,,,,,,,,,,,,,,,,,,,,,,,,,,,,,,
家人们谁能想到在上海也能吃到这么正宗的徽菜皖荟新徽菜(蟠龙天地店)真的给了我一个大惊喜?他家主打用安徽山区好食材从皖南山区散养120天的葱香鸡到太平湖上等鲜活鳜鱼制成的黄山臭鳜鱼每一口都是家乡的味道强烈安利几道必点菜????山里散养葱香鸡不愧是头牌菜早上9点前新鲜到店鸡肉鲜嫩多汁葱香浓郁吃一口就停不下来~??黄山臭鳜鱼徽菜经典闻着臭吃着香鱼肉呈蒜瓣状嫩滑Q弹古法腌制的味道太绝了??八公山手工豆腐豆腐发源地的手艺真不是盖的手工制作搭配老母鸡火腿熬的汤鲜掉眉毛~??番茄酸汤鲜牛肉山里番茄和当天鲜送吊龙的组合鲜上加鲜酸汤开胃牛肉嫩滑我能炫三碗饭??淮南牛肉汤鲜烤蒙城烧饼牛肉汤醇厚鲜香烧饼酥脆掉渣这对黄金搭档谁吃谁爱??红烧山里麻鸭农家散养麻鸭红烧后色泽红亮酱香浓郁鸭肉紧实有嚼劲~餐厅环境也很有氛围感古色古香和蟠龙天地的江南水乡风完美融合特别适合拍照打卡服务也超贴心店员热情周到体验感拉满??爱吃徽菜的宝子们千万别错过赶紧码住来打卡吧??皖荟新徽菜(蟠龙天地店),10,"新鲜,家乡的味道,头牌菜,鲜嫩多汁,葱香浓郁,经典,蒜瓣状,嫩滑Q弹,古法腌制,手工制作,鲜掉眉毛,鲜上加鲜,酸汤开胃,牛肉嫩滑,醇厚鲜香,酥脆掉渣,色泽红亮,酱香浓郁,紧实有嚼劲,古色古香,江南水乡,氛围感,拍照打卡,贴心,热情周到,体验感拉满",,,,,,,,,,,,,,,,,,,,,,,,,,,,,,,,,,,,,,,,,,,,,,,,,,,,,,,,,,,,,,,,,,,
感慨蟠龙天地好多韩国人只听懂他们的忒吧,4,"感慨,蟠龙天地,韩国人,忒吧",,,,,,,,,,,,,,,,,,,,,,,,,,,,,,,,,,,,,,,,,,,,,,,,,,,,,,,,,,,,,,,,,,,
蟠龙天地江南水乡里的春日??装置已经让你提前拥抱春天啦??来可以直接去这几个点位不能错过梦呓花船??停靠站在桥中似误入仙境之感尤其夜晚灯光暖意ju美从入口处熙熙攘攘的人群擦肩而过一路上感受涵春鸟亭的自然气息和小鸟的欢快叫声除此之外还有必须逛的蟠龙水集各种鲜花绿植文创一整个逛到停不下来????3.21-3.23\3.28-3.30\4.4-4.6如遇雨天活动可能取消快带上闺蜜来打卡随手一拍都是大片,10,"江南水乡,春日,装置,拥抱春天,梦呓花船,桥中,仙境,夜晚,灯光,暖意,ju美,入口处,熙熙攘攘,人群,涵春鸟亭,自然气息,小鸟,欢快叫声,蟠龙水集,鲜花绿植,文创,逛到停不下来,雨天,活动,闺蜜,打卡,随手一拍,大片",,,,,,,,,,,,,,,,,,,,,,,,,,,,,,,,,,,,,,,,,,,,,,,,,,,,,,,,,,,,,,,,,,,
蟠龙天地看到的一件雕塑艺术作品一眼看去看到了反重力现象其实运用到了张拉整体的力学概念,7,"雕塑艺术作品,反重力现象,张拉整体,力学概念",,,,,,,,,,,,,,,,,,,,,,,,,,,,,,,,,,,,,,,,,,,,,,,,,,,,,,,,,,,,,,,,,,,
