title,author,date
“故宫.茶世界”，观茶——茶文化精品文物展（四）：明清画卷,云又淡风又轻,3个月内
杭州跨年活动 | 鱼灯/音乐节/市集,爱丽芬城堡19,6个月内
元旦跨年活动合集,缪蓝缪蓝,6个月内
湖滨将组织跨年夜活动？官方回应！元旦杭州哪些地方可以玩？,喜爱网,6个月内
以茶为媒，香沁龙坞！绿城美好产业龙坞茶镇九街春日雅集圆满落幕,拉风的卡卡,1个月内
看人形机器人跳“科目三”，放“赛博风筝”，拍AI写真……,拉风的卡卡,半年以上
瓶窑老街2025贺新春，五十余场非遗大戏轮番上演,拉风的卡卡,6个月内
初中生爱上非遗绒花，校园版“李子柒”来啦！,19楼,6个月内
【2024晒游记】张家界、长沙4晚5天游,chenone,6个月内
开街一周年｜吉祥里向上生长，焕新祥符美学生活,拉风的卡卡,半年以上
元宵节·杭州吉祥里（祥符老街）爆燃英歌舞（下）,云又淡风又轻,3个月内
元宵节·杭州吉祥里（祥符老街）爆燃英歌舞（上）,云又淡风又轻,3个月内
元旦跨年活动合集,缪蓝缪蓝,6个月内
以茶为媒，香沁龙坞！绿城美好产业龙坞茶镇九街春日雅集圆满落幕,拉风的卡卡,1个月内
湖滨将组织跨年夜活动？官方回应！元旦杭州哪些地方可以玩？,喜爱网,6个月内
瓶窑老街2025贺新春，五十余场非遗大戏轮番上演,拉风的卡卡,6个月内
看人形机器人跳“科目三”，放“赛博风筝”，拍AI写真……,拉风的卡卡,半年以上
【2024晒游记】张家界、长沙4晚5天游,chenone,6个月内
蛇舞新春，巳巳如意 ——杭州市小河小学新学期开学系列活动,19楼,3个月内
开街一周年｜吉祥里向上生长，焕新祥符美学生活,拉风的卡卡,半年以上
杭州跨年活动 | 鱼灯/音乐节/市集,爱丽芬城堡19,6个月内
以茶为媒，香沁龙坞！绿城美好产业龙坞茶镇九街春日雅集圆满落幕,拉风的卡卡,1个月内
元旦跨年活动合集,缪蓝缪蓝,6个月内
湖滨将组织跨年夜活动？官方回应！元旦杭州哪些地方可以玩？,喜爱网,6个月内
看人形机器人跳“科目三”，放“赛博风筝”，拍AI写真……,拉风的卡卡,半年以上
瓶窑老街2025贺新春，五十余场非遗大戏轮番上演,拉风的卡卡,6个月内
【2024晒游记】张家界、长沙4晚5天游,chenone,6个月内
暴涨！全红婵的丑拖鞋、黄雨婷的发卡…这些“奥运同款”火了?,我是你汉子,半年以上
【滨江光影.环境之美】温暖浪漫“我的家”——御宾府,滨江公羽,半年以上
即日起至明年底，四川甘孜所有A级景区对浙江三地市民免费,弥陀寺囯强,半年以上
“故宫.茶世界”，观茶——茶文化精品文物展（四）：明清画卷,云又淡风又轻,3个月内
杭州跨年活动 | 鱼灯/音乐节/市集,爱丽芬城堡19,6个月内
以茶为媒，香沁龙坞！绿城美好产业龙坞茶镇九街春日雅集圆满落幕,拉风的卡卡,1个月内
元旦跨年活动合集,缪蓝缪蓝,6个月内
看人形机器人跳“科目三”，放“赛博风筝”，拍AI写真……,拉风的卡卡,半年以上
瓶窑老街2025贺新春，五十余场非遗大戏轮番上演,拉风的卡卡,6个月内
初中生爱上非遗绒花，校园版“李子柒”来啦！,19楼,6个月内
【2024晒游记】张家界、长沙4晚5天游,chenone,6个月内
暴涨！全红婵的丑拖鞋、黄雨婷的发卡…这些“奥运同款”火了?,我是你汉子,半年以上
【滨江光影.环境之美】温暖浪漫“我的家”——御宾府,滨江公羽,半年以上
以茶为媒，香沁龙坞！绿城美好产业龙坞茶镇九街春日雅集圆满落幕,拉风的卡卡,1个月内
看人形机器人跳“科目三”，放“赛博风筝”，拍AI写真……,拉风的卡卡,半年以上
【2024晒游记】张家界、长沙4晚5天游,chenone,6个月内
开街一周年｜吉祥里向上生长，焕新祥符美学生活,拉风的卡卡,半年以上
【滨江光影.环境之美】温暖浪漫“我的家”——御宾府,滨江公羽,半年以上
即日起至明年底，四川甘孜所有A级景区对浙江三地市民免费,弥陀寺囯强,半年以上
太湖边的三绝“紫砂、大佛、园林”,陈年往斯,半年以上
杭州东方文化园景区,萧山旅游82113616,半年以上
杭州东方文化园景区,ocpark,半年以上
杭州上海世外中学第四届数学学科节活动,杭州上世外中学,半年以上
元宵节·杭州吉祥里（祥符老街）爆燃英歌舞（下）,云又淡风又轻,3个月内
“故宫.茶世界”，观茶——茶文化精品文物展（四）：明清画卷,云又淡风又轻,3个月内
看人形机器人跳“科目三”，放“赛博风筝”，拍AI写真……,拉风的卡卡,半年以上
【2024晒游记】张家界、长沙4晚5天游,chenone,6个月内
即日起至明年底，四川甘孜所有A级景区对浙江三地市民免费,弥陀寺囯强,半年以上
【春日溜娃】+灵山小环线,掠过,半年以上
杭州东方文化园景区,萧山旅游82113616,半年以上
杭州东方文化园景区,ocpark,半年以上
银行入场，财大联合，杭州这所小学发行了自己的“货币”！,19楼,半年以上
“重生之我在卖盖饭/麻辣烫/炒面”！爽文外卖火了，你刷到过吗？,不离不弃的撕扯,半年以上
湖滨将组织跨年夜活动？官方回应！元旦杭州哪些地方可以玩？,喜爱网,6个月内
看人形机器人跳“科目三”，放“赛博风筝”，拍AI写真……,拉风的卡卡,半年以上
科技创新 强国有我——杭二中白马湖教育集团初中部运动会开幕式,19楼,半年以上
【2024晒游记】张家界、长沙4晚5天游,chenone,6个月内
暴涨！全红婵的丑拖鞋、黄雨婷的发卡…这些“奥运同款”火了?,我是你汉子,半年以上
太湖边的三绝“紫砂、大佛、园林”,陈年往斯,半年以上
龙腾启新程·筑梦向未来，杭州天杭教育集团温暖开学报到日,智慧小云朵,半年以上
杭州东方文化园景区,萧山旅游82113616,半年以上
杭州东方文化园景区,ocpark,半年以上
杭州市民，免费、打折！又有多地官宣,新百分通讯,半年以上
祥符老街“新”玩法，百人长桌宴迎重阳,拉风的卡卡,半年以上
元旦跨年活动合集,缪蓝缪蓝,6个月内
湖滨将组织跨年夜活动？官方回应！元旦杭州哪些地方可以玩？,喜爱网,6个月内
科技创新 强国有我——杭二中白马湖教育集团初中部运动会开幕式,19楼,半年以上
看人形机器人跳“科目三”，放“赛博风筝”，拍AI写真……,拉风的卡卡,半年以上
开街一周年｜吉祥里向上生长，焕新祥符美学生活,拉风的卡卡,半年以上
【2024晒游记】张家界、长沙4晚5天游,chenone,6个月内
暴涨！全红婵的丑拖鞋、黄雨婷的发卡…这些“奥运同款”火了?,我是你汉子,半年以上
即日起至明年底，四川甘孜所有A级景区对浙江三地市民免费,弥陀寺囯强,半年以上
太湖边的三绝“紫砂、大佛、园林”,陈年往斯,半年以上
元宵节·杭州吉祥里（祥符老街）爆燃英歌舞（下）,云又淡风又轻,3个月内
看人形机器人跳“科目三”，放“赛博风筝”，拍AI写真……,拉风的卡卡,半年以上
初中生爱上非遗绒花，校园版“李子柒”来啦！,19楼,6个月内
开街一周年｜吉祥里向上生长，焕新祥符美学生活,拉风的卡卡,半年以上
暴涨！全红婵的丑拖鞋、黄雨婷的发卡…这些“奥运同款”火了?,我是你汉子,半年以上
周末游杭州（一百零一）之小营巷,箫琴xq,半年以上
太湖边的三绝“紫砂、大佛、园林”,陈年往斯,半年以上
杭州东方文化园景区,萧山旅游82113616,半年以上
杭州东方文化园景区,ocpark,半年以上
塘塘携手再迈步  教育共富奔未来,19楼,半年以上
第四届长三角菊花精品展，暨杭州第十届菊花艺术展,云又淡风又轻,6个月内
祥符老街“新”玩法，百人长桌宴迎重阳,拉风的卡卡,半年以上
第四届长三角菊花精品展，暨杭州第十届菊花艺术展,WXD194588,6个月内
“故宫.茶世界”，观茶——茶文化精品文物展（四）：明清画卷,云又淡风又轻,3个月内
杭州跨年活动 | 鱼灯/音乐节/市集,爱丽芬城堡19,6个月内
元旦跨年活动合集,缪蓝缪蓝,6个月内
以茶为媒，香沁龙坞！绿城美好产业龙坞茶镇九街春日雅集圆满落幕,拉风的卡卡,1个月内
看人形机器人跳“科目三”，放“赛博风筝”，拍AI写真……,拉风的卡卡,半年以上
暴涨！全红婵的丑拖鞋、黄雨婷的发卡…这些“奥运同款”火了?,我是你汉子,半年以上
成长日记（二十三）之2024.4（时光公园、皋亭千桃园）,箫琴xq,半年以上
第四届长三角菊花精品展，暨杭州第十届菊花艺术展,云又淡风又轻,6个月内
看人形机器人跳“科目三”，放“赛博风筝”，拍AI写真……,拉风的卡卡,半年以上
即日起至明年底，四川甘孜所有A级景区对浙江三地市民免费,弥陀寺囯强,半年以上
太湖边的三绝“紫砂、大佛、园林”,陈年往斯,半年以上
杭州东方文化园景区,萧山旅游82113616,半年以上
带娃逛浙江大学，参观每个学院和艺术与考古博物馆，重温校园生活,cf263025194,半年以上
杭州东方文化园景区,ocpark,半年以上
引领城市更新风尚，围炉共话百日庆典！,19时尚街区,半年以上
银行入场，财大联合，杭州这所小学发行了自己的“货币”！,19楼,半年以上
五云山上的千年银杏黄了！附超详细集祥云攻略,乌龟养在下水道,半年以上
元旦跨年活动合集,缪蓝缪蓝,6个月内
湖滨将组织跨年夜活动？官方回应！元旦杭州哪些地方可以玩？,喜爱网,6个月内
杭州跨年活动 | 鱼灯/音乐节/市集,爱丽芬城堡19,6个月内
看人形机器人跳“科目三”，放“赛博风筝”，拍AI写真……,拉风的卡卡,半年以上
瓶窑老街2025贺新春，五十余场非遗大戏轮番上演,拉风的卡卡,6个月内
【2024晒游记】张家界、长沙4晚5天游,chenone,6个月内
餐饮消费气象新,铁骨柔情,3个月内
暴涨！全红婵的丑拖鞋、黄雨婷的发卡…这些“奥运同款”火了?,我是你汉子,半年以上
即日起至明年底，四川甘孜所有A级景区对浙江三地市民免费,弥陀寺囯强,半年以上
太湖边的三绝“紫砂、大佛、园林”,陈年往斯,半年以上
看人形机器人跳“科目三”，放“赛博风筝”，拍AI写真……,拉风的卡卡,半年以上
即日起至明年底，四川甘孜所有A级景区对浙江三地市民免费,弥陀寺囯强,半年以上
太湖边的三绝“紫砂、大佛、园林”,陈年往斯,半年以上
杭州上海世外中学第四届数学学科节活动,杭州上世外中学,半年以上
杭州市民，免费、打折！又有多地官宣,新百分通讯,半年以上
亚运研学系列一：探访“宸宸”诞生地，体验智能亚运,19时尚街区,半年以上
暑期市内遛娃不重样！来看看19楼宝爸宝妈的私藏宝地,19128373,半年以上
“2023文旅市集·杭州奇妙夜”启动！邀您共游双YUN融合奇妙空间,拉风的卡卡,半年以上
中国游客到了，这国派出副总理机场迎接,禾二柒,半年以上
半身男孩，是他！,你好风语者,半年以上
元宵节·杭州吉祥里（祥符老街）爆燃英歌舞（下）,云又淡风又轻,3个月内
元宵节·杭州吉祥里（祥符老街）爆燃英歌舞（上）,云又淡风又轻,3个月内
杭州跨年活动 | 鱼灯/音乐节/市集,爱丽芬城堡19,6个月内
元旦跨年活动合集,缪蓝缪蓝,6个月内
湖滨将组织跨年夜活动？官方回应！元旦杭州哪些地方可以玩？,喜爱网,6个月内
蛇舞新春，巳巳如意 ——杭州市小河小学新学期开学系列活动,19楼,3个月内
暴涨！全红婵的丑拖鞋、黄雨婷的发卡…这些“奥运同款”火了?,我是你汉子,半年以上
太湖边的三绝“紫砂、大佛、园林”,陈年往斯,半年以上
“外国友人都找到这了？！”杭城网友晒图火了,喜爱网,半年以上
构建老市井里的新烟火，绿城吉祥里城市更新项目的新范本,19时尚街区,半年以上
元旦跨年活动合集,缪蓝缪蓝,6个月内
湖滨将组织跨年夜活动？官方回应！元旦杭州哪些地方可以玩？,喜爱网,6个月内
看人形机器人跳“科目三”，放“赛博风筝”，拍AI写真……,拉风的卡卡,半年以上
【2024晒游记】张家界、长沙4晚5天游,chenone,6个月内
太湖边的三绝“紫砂、大佛、园林”,陈年往斯,半年以上
八宝饭,箫琴xq,半年以上
杭州东方文化园景区,萧山旅游82113616,半年以上
带娃逛浙江大学，参观每个学院和艺术与考古博物馆，重温校园生活,cf263025194,半年以上
杭州东方文化园景区,ocpark,半年以上
杭州城北万象城11月5日温暖启幕，进阶城市商业活力！,19时尚街区,半年以上
元旦跨年活动合集,缪蓝缪蓝,6个月内
暴涨！全红婵的丑拖鞋、黄雨婷的发卡…这些“奥运同款”火了?,我是你汉子,半年以上
成长日记（二十三）之2024.4（时光公园、皋亭千桃园）,箫琴xq,半年以上
太湖边的三绝“紫砂、大佛、园林”,陈年往斯,半年以上
塘塘携手再迈步  教育共富奔未来,19楼,半年以上
这是今天的西湖，地铁站挤成这样了！网友：出行还得靠它,小老虎12315,半年以上
杭州市民，免费、打折！又有多地官宣,新百分通讯,半年以上
今天，这趟列车正式投运！有人凌晨3点从上海来杭州打卡,大漠孤烟一刀流,半年以上
81年富阳籍短婚离异无孩子~注册安全工程师真诚征女知心爱人,富阳阿郎,半年以上
杭州超全赏荷地图，这个荷花秘密基地你知道吗,兔美酱拍拍,半年以上
杭州跨年活动 | 鱼灯/音乐节/市集,爱丽芬城堡19,6个月内
10元一份，每天限量开抢,爱笑笑的猫猫,半年以上
暑期市内遛娃不重样！来看看19楼宝爸宝妈的私藏宝地,19128373,半年以上
中国游客到了，这国派出副总理机场迎接,禾二柒,半年以上
今晚你在哪里跨年？武林广场上千停车位免费,佬古董,半年以上
半身男孩，是他！,你好风语者,半年以上
探秘德寿宫！每天限额500人，无需门票，免费开放,专心种菜,半年以上
浙江多地发布紧急提醒！这些人请主动报备,在路上_走,半年以上
健康乐跑，绿色杭州,糯米粉的姐姐UU,半年以上
致敬筑家劳动者丨每一个家的背后，都有这样一群特殊的人！,芸香若芷,半年以上
杭州跨年活动 | 鱼灯/音乐节/市集,爱丽芬城堡19,6个月内
元旦跨年活动合集,缪蓝缪蓝,6个月内
开街一周年｜吉祥里向上生长，焕新祥符美学生活,拉风的卡卡,半年以上
暴涨！全红婵的丑拖鞋、黄雨婷的发卡…这些“奥运同款”火了?,我是你汉子,半年以上
即日起至明年底，四川甘孜所有A级景区对浙江三地市民免费,弥陀寺囯强,半年以上
杭州东方文化园景区,萧山旅游82113616,半年以上
杭州东方文化园景区,ocpark,半年以上
杭州亚运会，到底藏了多少惊喜与黑科技？,缪蓝缪蓝,半年以上
构建老市井里的新烟火，绿城吉祥里城市更新项目的新范本,19时尚街区,半年以上
杭州市民，免费、打折！又有多地官宣,新百分通讯,半年以上
2025年新春献辞,金利发887,3个月内
杭州跨年活动 | 鱼灯/音乐节/市集,爱丽芬城堡19,6个月内
杭州市丁荷小学：情暖迎新，筑梦成长,智慧小云朵,6个月内
元旦跨年活动合集,缪蓝缪蓝,6个月内
童年印记   成长启航 ——义蓬一幼2025年春季开学活动,19楼,3个月内
湖滨将组织跨年夜活动？官方回应！元旦杭州哪些地方可以玩？,喜爱网,6个月内
科技创新 强国有我——杭二中白马湖教育集团初中部运动会开幕式,19楼,半年以上
初中生爱上非遗绒花，校园版“李子柒”来啦！,19楼,6个月内
腊八添“福”，幸福“粥”到 ，感受传统节日的温暖,19楼,6个月内
蛇舞新春，巳巳如意 ——杭州市小河小学新学期开学系列活动,19楼,3个月内
元宵节·杭州吉祥里（祥符老街）爆燃英歌舞（下）,云又淡风又轻,3个月内
杭州跨年活动 | 鱼灯/音乐节/市集,爱丽芬城堡19,6个月内
元旦跨年活动合集,缪蓝缪蓝,6个月内
湖滨将组织跨年夜活动？官方回应！元旦杭州哪些地方可以玩？,喜爱网,6个月内
以茶为媒，香沁龙坞！绿城美好产业龙坞茶镇九街春日雅集圆满落幕,拉风的卡卡,1个月内
看人形机器人跳“科目三”，放“赛博风筝”，拍AI写真……,拉风的卡卡,半年以上
【2024晒游记】张家界、长沙4晚5天游,chenone,6个月内
暴涨！全红婵的丑拖鞋、黄雨婷的发卡…这些“奥运同款”火了?,我是你汉子,半年以上
在杭州上哪儿吃：老西安面馆,小小阿狸乖不乖,半年以上
八宝饭,箫琴xq,半年以上
元旦跨年活动合集,缪蓝缪蓝,6个月内
湖滨将组织跨年夜活动？官方回应！元旦杭州哪些地方可以玩？,喜爱网,6个月内
看人形机器人跳“科目三”，放“赛博风筝”，拍AI写真……,拉风的卡卡,半年以上
“春生”和“香果”到家了,生当雄飞,半年以上
“2023文旅市集·杭州奇妙夜”启动！邀您共游双YUN融合奇妙空间,拉风的卡卡,半年以上
坐福气船、逛福气街、寻福气宝贝……一站式开启“宋”福杭州年！,拉风的卡卡,半年以上
身体这6个部位很脆弱，千万要保护好它们！,小猪佩佩奇,半年以上
半身男孩，是他！,你好风语者,半年以上
2022年第十一届杭州戏剧节圆满落幕！,22993017,半年以上
庆冬奥，迎亚运 杭州世外中学2021学年第二学期主题板报评选活动,杭州上世外中学,半年以上
元旦跨年活动合集,缪蓝缪蓝,6个月内
湖滨将组织跨年夜活动？官方回应！元旦杭州哪些地方可以玩？,喜爱网,6个月内
初中生爱上非遗绒花，校园版“李子柒”来啦！,19楼,6个月内
杭州市民，免费、打折！又有多地官宣,新百分通讯,半年以上
“春生”和“香果”到家了,生当雄飞,半年以上
凌晨4点就出门！今早很多杭州人都往这里赶，2公里开40分钟！,不二家的小妞,半年以上
今晚你在哪里跨年？武林广场上千停车位免费,佬古董,半年以上
最近很火的路边烧鸟摊，进群才能吃到，胃口小的百元即可扶墙,时空飞机,半年以上
徐嘉余和王冰冰疑似官宣恋情，这对CP你磕吗？,大漠孤烟一刀流,半年以上
杭州亚运会金银纪念币来了,小猪佩佩奇,半年以上
23场杭州免费元宵活动！速速收藏！,背包十年,3个月内
元旦跨年活动合集,缪蓝缪蓝,6个月内
湖滨将组织跨年夜活动？官方回应！元旦杭州哪些地方可以玩？,喜爱网,6个月内
杭州亚运会，到底藏了多少惊喜与黑科技？,缪蓝缪蓝,半年以上
巨大的数字人踏浪而来！今夜杭州，精彩震撼！,在路上_走,半年以上
杭州市民，免费、打折！又有多地官宣,新百分通讯,半年以上
《里奇不眠夜》杭州路演 导演杭州女婿丁子峻与粉丝共庆亚运开幕,拉风的卡卡,半年以上
“2023文旅市集·杭州奇妙夜”启动！邀您共游双YUN融合奇妙空间,拉风的卡卡,半年以上
坐福气船、逛福气街、寻福气宝贝……一站式开启“宋”福杭州年！,拉风的卡卡,半年以上
徐嘉余和王冰冰疑似官宣恋情，这对CP你磕吗？,大漠孤烟一刀流,半年以上
第四届长三角菊花精品展，暨杭州第十届菊花艺术展,云又淡风又轻,6个月内
“故宫.茶世界”，观茶——茶文化精品文物展（四）：明清画卷,云又淡风又轻,3个月内
元旦跨年活动合集,缪蓝缪蓝,6个月内
湖滨将组织跨年夜活动？官方回应！元旦杭州哪些地方可以玩？,喜爱网,6个月内
暴涨！全红婵的丑拖鞋、黄雨婷的发卡…这些“奥运同款”火了?,我是你汉子,半年以上
引领城市更新风尚，围炉共话百日庆典！,19时尚街区,半年以上
五云山上的千年银杏黄了！附超详细集祥云攻略,乌龟养在下水道,半年以上
杭州市民，免费、打折！又有多地官宣,新百分通讯,半年以上
杭州超全赏荷地图，这个荷花秘密基地你知道吗,兔美酱拍拍,半年以上
杭州西湖区水电维修三墩水管维修漏水三角阀安装,杭州便民家政維修,半年以上
元旦跨年活动合集,缪蓝缪蓝,6个月内
湖滨将组织跨年夜活动？官方回应！元旦杭州哪些地方可以玩？,喜爱网,6个月内
即日起至明年底，四川甘孜所有A级景区对浙江三地市民免费,弥陀寺囯强,半年以上
嘉鲤跃龙门 争做龙传人 嘉绿苑小学教育集团2024年报到日活动,王小鬟,半年以上
龙腾启新程·筑梦向未来，杭州天杭教育集团温暖开学报到日,智慧小云朵,半年以上
龙腾启航，花园有礼！杭州市笕桥花园小学开学礼,19楼,半年以上
塘塘携手再迈步  教育共富奔未来,19楼,半年以上
这是今天的西湖，地铁站挤成这样了！网友：出行还得靠它,小老虎12315,半年以上
今天，这趟列车正式投运！有人凌晨3点从上海来杭州打卡,大漠孤烟一刀流,半年以上
【杭州市示范性托育机构】彬果儿童成长中心·江滨园探园记,洋娃娃,半年以上
第四届长三角菊花精品展，暨杭州第十届菊花艺术展,云又淡风又轻,6个月内
整筐抢购，每天断货！杭州这里排长队，不少人为它跑遍全城,止战之心,半年以上
杭州市民，免费、打折！又有多地官宣,新百分通讯,半年以上
凌晨4点就出门！今早很多杭州人都往这里赶，2公里开40分钟！,不二家的小妞,半年以上
拱墅区私家车进出小区的政策如何？有些小区能出门有些却不允许？,不二家的小妞,半年以上
建发·缦云 | 以一场示范区首映礼 展卷面向运河的中国创意,楼市小晓孩,半年以上
因白切羊肉出名的小镇！隔壁横店剧组经常打包，一次就是一头羊,光着脚丫子127,半年以上
杭州土地市场开闸 多宗宝地出让市场回暖可期,28256887,半年以上
四川理塘野猪泛滥，一村支书遭袭击身亡,不二家的小妞,半年以上
楼市主体回暖基本确定 调控恐将继续加码,18155839,半年以上
元旦跨年活动合集,缪蓝缪蓝,6个月内
暴涨！全红婵的丑拖鞋、黄雨婷的发卡…这些“奥运同款”火了?,我是你汉子,半年以上
银行入场，财大联合，杭州这所小学发行了自己的“货币”！,19楼,半年以上
整筐抢购，每天断货！杭州这里排长队，不少人为它跑遍全城,止战之心,半年以上
全杭州的娃都出动了？高铁机场全是孩子！准备席卷全国？,vivi鬼小猪,半年以上
6月1日正式开通！杭州市儿童医院公交专线来了,王佳怡,半年以上
中国游客到了，这国派出副总理机场迎接,禾二柒,半年以上
动漫地铁专列11月14日发车,青阳香浓,半年以上
知名高校学生证上校训竟是假的？原因找到了｜新闻早餐,妖妖细腰,半年以上
健康乐跑，绿色杭州,糯米粉的姐姐UU,半年以上
第四届长三角菊花精品展，暨杭州第十届菊花艺术展,云又淡风又轻,6个月内
元旦跨年活动合集,缪蓝缪蓝,6个月内
湖滨将组织跨年夜活动？官方回应！元旦杭州哪些地方可以玩？,喜爱网,6个月内
暴涨！全红婵的丑拖鞋、黄雨婷的发卡…这些“奥运同款”火了?,我是你汉子,半年以上
即日起至明年底，四川甘孜所有A级景区对浙江三地市民免费,弥陀寺囯强,半年以上
杭州东方文化园景区,萧山旅游82113616,半年以上
杭州东方文化园景区,ocpark,半年以上
漂亮！漂亮！杭州这些表白藏不住了,风从云2007,半年以上
全杭州的娃都出动了？高铁机场全是孩子！准备席卷全国？,vivi鬼小猪,半年以上
杭州市民，免费、打折！又有多地官宣,新百分通讯,半年以上
第四届长三角菊花精品展，暨杭州第十届菊花艺术展,WXD194588,6个月内
杭州跨年活动 | 鱼灯/音乐节/市集,爱丽芬城堡19,6个月内
以茶为媒，香沁龙坞！绿城美好产业龙坞茶镇九街春日雅集圆满落幕,拉风的卡卡,1个月内
湖滨将组织跨年夜活动？官方回应！元旦杭州哪些地方可以玩？,喜爱网,6个月内
瓶窑老街2025贺新春，五十余场非遗大戏轮番上演,拉风的卡卡,6个月内
暴涨！全红婵的丑拖鞋、黄雨婷的发卡…这些“奥运同款”火了?,我是你汉子,半年以上
银行入场，财大联合，杭州这所小学发行了自己的“货币”！,19楼,半年以上
“春生”和“香果”到家了,生当雄飞,半年以上
凌晨4点就出门！今早很多杭州人都往这里赶，2公里开40分钟！,不二家的小妞,半年以上
今晚你在哪里跨年？武林广场上千停车位免费,佬古董,半年以上
杭州跨年活动 | 鱼灯/音乐节/市集,爱丽芬城堡19,6个月内
元旦跨年活动合集,缪蓝缪蓝,6个月内
湖滨将组织跨年夜活动？官方回应！元旦杭州哪些地方可以玩？,喜爱网,6个月内
看人形机器人跳“科目三”，放“赛博风筝”，拍AI写真……,拉风的卡卡,半年以上
瓶窑老街2025贺新春，五十余场非遗大戏轮番上演,拉风的卡卡,6个月内
初中生爱上非遗绒花，校园版“李子柒”来啦！,19楼,6个月内
开街一周年｜吉祥里向上生长，焕新祥符美学生活,拉风的卡卡,半年以上
成长日记（二十三）之2024.4（时光公园、皋亭千桃园）,箫琴xq,半年以上
太湖边的三绝“紫砂、大佛、园林”,陈年往斯,半年以上
【春日溜娃】+灵山小环线,掠过,半年以上
元旦跨年活动合集,缪蓝缪蓝,6个月内
湖滨将组织跨年夜活动？官方回应！元旦杭州哪些地方可以玩？,喜爱网,6个月内
科技创新 强国有我——杭二中白马湖教育集团初中部运动会开幕式,19楼,半年以上
瓶窑老街2025贺新春，五十余场非遗大戏轮番上演,拉风的卡卡,6个月内
暴涨！全红婵的丑拖鞋、黄雨婷的发卡…这些“奥运同款”火了?,我是你汉子,半年以上
即日起至明年底，四川甘孜所有A级景区对浙江三地市民免费,弥陀寺囯强,半年以上
杭州市民，免费、打折！又有多地官宣,新百分通讯,半年以上
“春生”和“香果”到家了,生当雄飞,半年以上
御湖城公寓外商设萧悦医院，不建议外地人在杭买小产权房！,51011571,半年以上
单只上万还不够卖！今年顶流网红其实是“超生游击队”,芸香若芷,半年以上
周末游杭州（一百零一）之小营巷,箫琴xq,半年以上
成长日记（二十三）之2024.4（时光公园、皋亭千桃园）,箫琴xq,半年以上
刷新2018年以来杭州最热纪录 上周日最高气温39.6℃,青阳香浓,半年以上
【观见】在章子欣家守了几天之后：替没有被看见的痛苦辩护.,杭漂路人甲,半年以上
29日新盘：主城区成交118套 预定33套,13842662,半年以上
【有优惠】2月美食刷卡优惠来袭！ 吃货们收了吧,30996845,半年以上
14日新盘：主城区成交85套 预定9套,13842662,半年以上
4.8：主城区成交150套 西湖学区盘成交32套,13842662,半年以上
如何选择一所理想的高中学校圆孩子大学梦,教育早知道,半年以上
28日新盘：主城区成交95套 德信晓宸成交7套,13842662,半年以上
即日起至明年底，四川甘孜所有A级景区对浙江三地市民免费,弥陀寺囯强,半年以上
杭州东方文化园景区,萧山旅游82113616,半年以上
杭州东方文化园景区,ocpark,半年以上
超37℃的高温天要来了！杭州的盛夏酷暑才刚刚开始,青阳香浓,半年以上
杭州有位托尼老师火了！免费做一件事，坚持好几年,大雄家的铜锣烧,半年以上
29日新盘：主城区成交118套 预定33套,13842662,半年以上
14日新盘：主城区成交85套 预定9套,13842662,半年以上
第一个上盖综合体两年内竣工 杭州地铁物业将爆发商业能量,31800594,半年以上
青海湖的靓点,40093872,半年以上
28日新盘：主城区成交95套 德信晓宸成交7套,13842662,半年以上
杭州东方文化园景区,萧山旅游82113616,半年以上
杭州东方文化园景区,ocpark,半年以上
浙江多地发布紧急提醒！这些人请主动报备,在路上_走,半年以上
知名高校学生证上校训竟是假的？原因找到了｜新闻早餐,妖妖细腰,半年以上
健康乐跑，绿色杭州,糯米粉的姐姐UU,半年以上
14日新盘：主城区成交85套 预定9套,13842662,半年以上
九峰山旅游攻略   浙东的西双版纳—你不容错过的美,37399770,半年以上
4.15：主城区成交140套 江干盘预定34套,13842662,半年以上
5.2：主城区成交59套 预定仅12套,13842662,半年以上
28日新盘：主城区成交95套 德信晓宸成交7套,13842662,半年以上
杭州东方文化园景区,萧山旅游82113616,半年以上
杭州东方文化园景区,ocpark,半年以上
今天，这趟列车正式投运！有人凌晨3点从上海来杭州打卡,大漠孤烟一刀流,半年以上
单只上万还不够卖！今年顶流网红其实是“超生游击队”,芸香若芷,半年以上
超37℃的高温天要来了！杭州的盛夏酷暑才刚刚开始,青阳香浓,半年以上
网红“阿宽红油面皮”包装内发现老鼠肉？官方深夜回应,U37604028,半年以上
●魂牵梦萦●~~~~~~~~【#色达五明佛学院#】，心灵最宁静的地方,10407664,半年以上
4.23：主城区成交170套 写字楼成交56套,13842662,半年以上
香港航空公司给每人1300元港币交通补贴,23206822,半年以上
14日新盘：主城区成交85套 预定9套,13842662,半年以上
浙江多地发布紧急提醒！这些人请主动报备,在路上_走,半年以上
14日新盘：主城区成交85套 预定9套,13842662,半年以上
7月31日：主城区成交165套 预定28套,13842662,半年以上
6月报：主城区成交6747套 创调控以来新高,28167339,半年以上
28日新盘：主城区成交88套 预定28套,13842662,半年以上
7日新盘：主城区成交84套 预定16套,13842662,半年以上
6月报：主城区成交6747套 创调控以来新高,18155839,半年以上
趁着今晚天气不错赶紧出门赏灯闹元宵吧,38044412,半年以上
10日新盘：主城区成交95套 预定10套,13842662,半年以上
11日新盘：主城区成交39套 预定6套,13842662,半年以上
刷新2018年以来杭州最热纪录 上周日最高气温39.6℃,青阳香浓,半年以上
超37℃的高温天要来了！杭州的盛夏酷暑才刚刚开始,青阳香浓,半年以上
官宣！杭州全域为低风险地区,相逢笑笑,半年以上
如果你爱上杭州，杭州也会爱上你 “杭州奇妙夜”喊你“多来来”,拉风的卡卡,半年以上
初见宝岛|两位小公举和张胖的台湾亲子之旅（上）,文一西路李政宰,半年以上
5.2：主城区成交59套 预定仅12套,13842662,半年以上
从杨超越到信小呆，全国网友都在转“锦鲤”,44160356,半年以上
楼市小阳春PK“国五条” 3月杭城50余盘开盘,13842662,半年以上
7月31日：主城区成交165套 预定28套,13842662,半年以上
杭州成为北京大兴国际机场首航城市，一架客机起飞前往萧山机场！,44160356,半年以上
引领城市更新风尚，围炉共话百日庆典！,19时尚街区,半年以上
构建老市井里的新烟火，绿城吉祥里城市更新项目的新范本,19时尚街区,半年以上
浙江多地发布紧急提醒！这些人请主动报备,在路上_走,半年以上
刷新2018年以来杭州最热纪录 上周日最高气温39.6℃,青阳香浓,半年以上
中国唯一的诗人小镇，曾获联合国“地球卫士奖”，竟然在浙江！,Alice是绿巨人,半年以上
2021年12月｜长白山48小时滑雪游,48258557,半年以上
杭州53个小公园完成新建和提升改造！有你家附近的吗？,我的个性很牛,半年以上
29日新盘：主城区成交118套 预定33套,13842662,半年以上
家里来了两位特殊客人，杭州一对老夫妻窗户,44160356,半年以上
香港航空公司给每人1300元港币交通补贴,23206822,半年以上
五云山上的千年银杏黄了！附超详细集祥云攻略,乌龟养在下水道,半年以上
杭州超全赏荷地图，这个荷花秘密基地你知道吗,兔美酱拍拍,半年以上
刷新2018年以来杭州最热纪录 上周日最高气温39.6℃,青阳香浓,半年以上
超37℃的高温天要来了！杭州的盛夏酷暑才刚刚开始,青阳香浓,半年以上
健康乐跑，绿色杭州,糯米粉的姐姐UU,半年以上
避开人潮，杭州出发2h就到，现在带孩子出行不挤、不热、不排队,我爱章子怡丫,半年以上
打卡宁波方特东方神话,16099861,半年以上
4.23：主城区成交170套 写字楼成交56套,13842662,半年以上
“爸爸，你这次没骗我，今天真的回来啦！”,不离不弃的撕扯,半年以上
1.29日新盘：主城区成交169套预定31套 较昨日均有上涨,28167339,半年以上
元旦跨年活动合集,缪蓝缪蓝,6个月内
湖滨将组织跨年夜活动？官方回应！元旦杭州哪些地方可以玩？,喜爱网,6个月内
初中生爱上非遗绒花，校园版“李子柒”来啦！,19楼,6个月内
开街一周年｜吉祥里向上生长，焕新祥符美学生活,拉风的卡卡,半年以上
即日起至明年底，四川甘孜所有A级景区对浙江三地市民免费,弥陀寺囯强,半年以上
不“七”而遇，满心欢喜，蒋村街道交友活动圆满举行,19楼小红娘04,半年以上
杭州超全赏荷地图，这个荷花秘密基地你知道吗,兔美酱拍拍,半年以上
名单出炉，热度猛涨20倍！国庆，这些地方要“爆”？,青春期骚动症,半年以上
10元一份，每天限量开抢,爱笑笑的猫猫,半年以上
年轻人一来立马被抢走！杭州不少家庭感叹：想请这类保姆真难,湮没一朝风涟,半年以上
坐福气船、逛福气街、寻福气宝贝……一站式开启“宋”福杭州年！,拉风的卡卡,半年以上
杭州多个重要项目有新进展！涉及快速路、学校……,羽毛蛇蛇,半年以上
梦想小镇半程马拉松20号就要开赛了！吉祥物梦马也太可爱了吧,14810067,半年以上
7月31日：主城区成交165套 预定28套,13842662,半年以上
24日新盘：主城区成交148套 预定16套,28165979,半年以上
7日新盘：主城区成交84套 预定16套,13842662,半年以上
1日新盘：主城区成交165套 预定32套,28167339,半年以上
运河边最后的低密住区，大运桥西府载誉而来,把大伙逗乐了,半年以上
台风眼已很清晰，或达16级超强台风！刚刚，浙江提升响应等级,小老虎12315,半年以上
18日新盘：主城区成交76套 预定12套,13842662,半年以上
浙江多地发布紧急提醒！这些人请主动报备,在路上_走,半年以上
杭州土地市场开闸 多宗宝地出让市场回暖可期,28256887,半年以上
9日新盘：主城区成交155套 预定3套,28167339,半年以上
7月31日：主城区成交165套 预定28套,13842662,半年以上
杭州土地市场开闸 多宗宝地出让市场回暖可期,13433864,半年以上
6月报：主城区成交6747套 创调控以来新高,28167339,半年以上
腊八节，乾宁斋温暖送粥啦！,46656572,半年以上
7日新盘：主城区成交84套 预定16套,13842662,半年以上
6月报：主城区成交6747套 创调控以来新高,18155839,半年以上
飞机晚点7小时，一家四口获赔18000多元！这条规定，不知道,大雄家的铜锣烧,半年以上
浙江多地发布紧急提醒！这些人请主动报备,在路上_走,半年以上
知名高校学生证上校训竟是假的？原因找到了｜新闻早餐,妖妖细腰,半年以上
因白切羊肉出名的小镇！隔壁横店剧组经常打包，一次就是一头羊,光着脚丫子127,半年以上
14日新盘：主城区成交85套 预定9套,13842662,半年以上
4.15：主城区成交140套 江干盘预定34套,13842662,半年以上
7月31日：主城区成交165套 预定28套,13842662,半年以上
6月报：主城区成交6747套 创调控以来新高,28167339,半年以上
开化之旅D1,46182899,半年以上
7日新盘：主城区成交84套 预定16套,13842662,半年以上
6月报：主城区成交6747套 创调控以来新高,18155839,半年以上
在杭州上哪儿吃：老西安面馆,小小阿狸乖不乖,半年以上
刷新2018年以来杭州最热纪录 上周日最高气温39.6℃,青阳香浓,半年以上
健康乐跑，绿色杭州,糯米粉的姐姐UU,半年以上
楼市主体回暖基本确定 调控恐将继续加码,18155839,半年以上
4.15：主城区成交140套 江干盘预定34套,13842662,半年以上
错过今明两天的太阳，或许就要等来年！春节前，杭州都是雨雨雨,不离不弃的撕扯,半年以上
9日新盘：主城区成交155套 预定3套,28167339,半年以上
7月31日：主城区成交165套 预定28套,13842662,半年以上
28日新盘：主城区成交88套 预定28套,13842662,半年以上
7日新盘：主城区成交84套 预定16套,13842662,半年以上
元旦跨年活动合集,缪蓝缪蓝,6个月内
湖滨将组织跨年夜活动？官方回应！元旦杭州哪些地方可以玩？,喜爱网,6个月内
年轻人一来立马被抢走！杭州不少家庭感叹：想请这类保姆真难,湮没一朝风涟,半年以上
杭州一小区天降大狗，老人孩子被砸紧急送医！业主群炸锅,风从云2007,半年以上
健康乐跑，绿色杭州,糯米粉的姐姐UU,半年以上
致敬筑家劳动者丨每一个家的背后，都有这样一群特殊的人！,芸香若芷,半年以上
杭州圣诞超强攻略看这里,没有饼妹,半年以上
圣诞节怎么安排？拍照吃饭加约会，看这篇就够啦！,keke李,半年以上
城南这片私房菜扎堆的老街区，如今成了年轻人的聚集地,枫萧子夜,半年以上
因白切羊肉出名的小镇！隔壁横店剧组经常打包，一次就是一头羊,光着脚丫子127,半年以上
年轻人一来立马被抢走！杭州不少家庭感叹：想请这类保姆真难,湮没一朝风涟,半年以上
健康乐跑，绿色杭州,糯米粉的姐姐UU,半年以上
2021年12月｜长白山48小时滑雪游,48258557,半年以上
城南这片私房菜扎堆的老街区，如今成了年轻人的聚集地,枫萧子夜,半年以上
29日新盘：主城区成交118套 预定33套,13842662,半年以上
这里，装下了一座城的“活色生香”,何必优柔寡断,半年以上
杭州新房面临阶段性供应短缺,楼市小晓孩,半年以上
楼市小阳春PK“国五条” 3月杭城50余盘开盘,13842662,半年以上
24日新盘：主城区成交93套 预定6套,13842662,半年以上
7月31日：主城区成交165套 预定28套,13842662,半年以上
成长日记（二十三）之2024.4（时光公园、皋亭千桃园）,箫琴xq,半年以上
杭州53个小公园完成新建和提升改造！有你家附近的吗？,我的个性很牛,半年以上
外地购房者频现杭州楼市 元旦商品房成交量是去年同期4倍,18155839,半年以上
7月31日：主城区成交165套 预定28套,13842662,半年以上
23日新盘：主城区成交108套 预定0套,28167339,半年以上
24日新盘：主城区成交148套 预定16套,28165979,半年以上
28日新盘：主城区成交88套 预定28套,13842662,半年以上
6.4交易：主城区成交80套 个盘成交无亮点,13842662,半年以上
30日新盘：主城区成交159套 德信晓宸成交24套,13842662,半年以上
鼓楼下有人用棕榈叶编了一艘龙舟，不出杭州，清河坊街区的“老杭,默默一笑倾所爱,半年以上
构建老市井里的新烟火，绿城吉祥里城市更新项目的新范本,19时尚街区,半年以上
2021年12月｜长白山48小时滑雪游,48258557,半年以上
官宣！杭州全域为低风险地区,相逢笑笑,半年以上
城南这片私房菜扎堆的老街区，如今成了年轻人的聚集地,枫萧子夜,半年以上
除了喝咖啡，还能买中古包包、打高尔夫球…这几家咖啡馆绝了,失落晴天,半年以上
29日新盘：主城区成交118套 预定33套,13842662,半年以上
杭州、上海团建活动推荐地点-上海周边旅游团建 | 周边游团建,31577876,半年以上
杭州新房面临阶段性供应短缺,楼市小晓孩,半年以上
青海湖的靓点,40093872,半年以上
楼市小阳春PK“国五条” 3月杭城50余盘开盘,13842662,半年以上
今天，这趟列车正式投运！有人凌晨3点从上海来杭州打卡,大漠孤烟一刀流,半年以上
浙江多地发布紧急提醒！这些人请主动报备,在路上_走,半年以上
避开人潮，杭州出发2h就到，现在带孩子出行不挤、不热、不排队,我爱章子怡丫,半年以上
打卡宁波方特东方神话,16099861,半年以上
29日新盘：主城区成交118套 预定33套,13842662,半年以上
九峰山旅游攻略   浙东的西双版纳—你不容错过的美,37399770,半年以上
7月31日：主城区成交165套 预定28套,13842662,半年以上
6月报：主城区成交6747套 创调控以来新高,28167339,半年以上
6月报：主城区成交6747套 创调控以来新高,18155839,半年以上
10日新盘：主城区成交95套 预定10套,13842662,半年以上
暴涨！全红婵的丑拖鞋、黄雨婷的发卡…这些“奥运同款”火了?,我是你汉子,半年以上
【秋游记】了解“琮”何而来,幸福的蝶舞迎霞,半年以上
构建老市井里的新烟火，绿城吉祥里城市更新项目的新范本,19时尚街区,半年以上
81年富阳籍短婚离异无孩子~注册安全工程师真诚征女知心爱人,富阳阿郎,半年以上
不“七”而遇，满心欢喜，蒋村街道交友活动圆满举行,19楼小红娘04,半年以上
10元一份，每天限量开抢,爱笑笑的猫猫,半年以上
“2023文旅市集·杭州奇妙夜”启动！邀您共游双YUN融合奇妙空间,拉风的卡卡,半年以上
善城杭州 感恩有你！ “公民爱心日”18岁了,妖妖细腰,半年以上
年轻人一来立马被抢走！杭州不少家庭感叹：想请这类保姆真难,湮没一朝风涟,半年以上
单只上万还不够卖！今年顶流网红其实是“超生游击队”,芸香若芷,半年以上
以茶为媒，香沁龙坞！绿城美好产业龙坞茶镇九街春日雅集圆满落幕,拉风的卡卡,1个月内
太湖边的三绝“紫砂、大佛、园林”,陈年往斯,半年以上
金价下跌“买金热”再现，投资金怎么买最划算？,vivi鬼小猪,半年以上
今日立春！这两天抓紧洗晒，虎年以来最大规模雨雪天气要上线了,我的个性很牛,半年以上
4.8：主城区成交150套 西湖学区盘成交32套,13842662,半年以上
公共自行车五周岁啦粉丝们，一起走一个！,爱情保质期,半年以上
Harbour酒吧，我能喝下最烈的酒，也能熬过没有你的深秋,添喜lucklily,半年以上
7月31日：主城区成交165套 预定28套,13842662,半年以上
6.7交易：主城区成交98套 较前日稍微上涨,13842662,半年以上
6月报：主城区成交6747套 创调控以来新高,28167339,半年以上
知名高校学生证上校训竟是假的？原因找到了｜新闻早餐,妖妖细腰,半年以上
健康乐跑，绿色杭州,糯米粉的姐姐UU,半年以上
杭州1700多名高中生找工作 社区和菜市场门前冷落,青春期骚动症,半年以上
7月31日：主城区成交165套 预定28套,13842662,半年以上
杭州成为北京大兴国际机场首航城市，一架客机起飞前往萧山机场！,44160356,半年以上
转塘外桐坞村年糕队：他们的春天，在木槌声,15698034,半年以上
25日新盘：主城区成交179套 金色黎明成交20套,13842662,半年以上
28日新盘：主城区成交302套 预定183套,28167339,半年以上
华东第一虐千八穿越，给2014年画上了完美的句号,39924016,半年以上
台风眼已很清晰，或达16级超强台风！刚刚，浙江提升响应等级,小老虎12315,半年以上
杭州53个小公园完成新建和提升改造！有你家附近的吗？,我的个性很牛,半年以上
杭州土地市场开闸 多宗宝地出让市场回暖可期,28256887,半年以上
外地购房者频现杭州楼市 元旦商品房成交量是去年同期4倍,18155839,半年以上
厉害！浙江妹子亚运会连拿两枚银牌！当年游,32832660,半年以上
1.29日新盘：主城区成交169套预定31套 较昨日均有上涨,28167339,半年以上
24日新盘：主城区成交93套 预定6套,13842662,半年以上
7月31日：主城区成交165套 预定28套,13842662,半年以上
杭州土地市场开闸 多宗宝地出让市场回暖可期,13433864,半年以上
7日新盘：主城区成交125套 预定3套,28167339,半年以上
厉害！浙江妹子亚运会连拿两枚银牌！当年游,44160356,半年以上
错过今明两天的太阳，或许就要等来年！春节前，杭州都是雨雨雨,不离不弃的撕扯,半年以上
愤怒的旅客宁宁妈,36254582,半年以上
28日新盘：主城区成交95套 德信晓宸成交7套,13842662,半年以上
7月31日：主城区成交165套 预定28套,13842662,半年以上
趁着今晚天气不错赶紧出门赏灯闹元宵吧,38044412,半年以上
趁着今晚天气不错赶紧出门赏灯闹元宵吧,13136844,半年以上
24日新盘：主城区成交103套 预定66套,28167339,半年以上
2月14日杭州天气：明晚又要开始下雨 趁今晚天气不错赶紧出门赏灯,27405090,半年以上
鼓楼下有人用棕榈叶编了一艘龙舟，不出杭州，清河坊街区的“老杭,默默一笑倾所爱,半年以上
2个月14位名家相继离去!今天突然被一句话刷屏!网友:这是今,Somnus的妖娆,半年以上
元旦跨年活动合集,缪蓝缪蓝,6个月内
因白切羊肉出名的小镇！隔壁横店剧组经常打包，一次就是一头羊,光着脚丫子127,半年以上
香港航空公司给每人1300元港币交通补贴,23206822,半年以上
妙龄女流浪半年后产下龙凤胎 父母：不会去管她,32735703,半年以上
4.8：主城区成交150套 西湖学区盘成交32套,13842662,半年以上
这个纪念钞价格飙升，涨幅约100%！你家,15698034,半年以上
错过今明两天的太阳，或许就要等来年！春节前，杭州都是雨雨雨,不离不弃的撕扯,半年以上
从杨超越到信小呆，全国网友都在转“锦鲤”,44160356,半年以上
7月31日：主城区成交165套 预定28套,13842662,半年以上
这个纪念钞价格飙升，涨幅约100%！你家,15698034,半年以上
元宵佳节 浙江龙湖冠寓陪你乐“宵”遥,楼市小晓孩,半年以上
29日新盘：主城区成交118套 预定33套,13842662,半年以上
4.23：主城区成交170套 写字楼成交56套,13842662,半年以上
厉害！浙江妹子亚运会连拿两枚银牌！当年游,32832660,半年以上
7月31日：主城区成交165套 预定28套,13842662,半年以上
6月报：主城区成交6747套 创调控以来新高,28167339,半年以上
6月报：主城区成交6747套 创调控以来新高,18155839,半年以上
杭州也有“凤凰古镇” 原生态的古村落超有味道！,19594712,半年以上
开学典礼上，杭州有位校长竟全程不讲话！还,32832660,半年以上
春节自驾老挝，有人同行么？（初一走，元宵前回）,273271,半年以上
这里，装下了一座城的“活色生香”,何必优柔寡断,半年以上
7月31日：主城区成交165套 预定28套,13842662,半年以上
6月报：主城区成交6747套 创调控以来新高,28167339,半年以上
6月报：主城区成交6747套 创调控以来新高,18155839,半年以上
寻味：运河边有什么好吃的？这里有16家餐厅深度图文测评，目标,Somnus的妖娆,半年以上
一茶一故事,何必优柔寡断,半年以上
2个月14位名家相继离去!今天突然被一句话刷屏!网友:这是今,Somnus的妖娆,半年以上
26日新盘：主城区成交68套，预定3套,28167339,半年以上
25日新盘：主城区成交近200套 预定85套,28167339,半年以上
杭州背街小巷里这几家排队小食堂，连美食大咖沈宏非都爱去……,40153881,半年以上
圣诞节怎么安排？拍照吃饭加约会，看这篇就够啦！,keke李,半年以上
杭州多个重要项目有新进展！涉及快速路、学校……,羽毛蛇蛇,半年以上
元宵佳节 浙江龙湖冠寓陪你乐“宵”遥,楼市小晓孩,半年以上
7月31日：主城区成交165套 预定28套,13842662,半年以上
中考从来不是你一个人在战斗 考前班主任和同学煲鼓劲暖汤,31387049,半年以上
看花听曲逛庙会 快来景区感受浓浓的年味吧,情话腐蚀人心,半年以上
11.1日新盘：主城区成交94套 预定31套,18155839,半年以上
南宋御街·二十三坊开街,25131827,半年以上
本周日起，将设博爱专座 看到橙色座椅和醒目LOGO，请记得留座,31387049,半年以上
荒唐！小伙想变女儿身，他千里迢迢赶到杭州找人在酒店客房内帮他,青春期骚动症,半年以上
一天500元也请不到家政阿姨？杭州过年保姆“紧俏”，老板着急,佬古董,半年以上
浙江多地发布紧急提醒！这些人请主动报备,在路上_走,半年以上
楼市主体回暖基本确定 调控恐将继续加码,18155839,半年以上
愤怒的旅客宁宁妈,36254582,半年以上
5.2：主城区成交59套 预定仅12套,13842662,半年以上
4.27：主城区成交222套 较昨日上升,13842662,半年以上
7月31日：主城区成交165套 预定28套,13842662,半年以上
6月报：主城区成交6747套 创调控以来新高,28167339,半年以上
6月报：主城区成交6747套 创调控以来新高,18155839,半年以上
寻味：运河边有什么好吃的？这里有16家餐厅深度图文测评，目标,Somnus的妖娆,半年以上
科技创新 强国有我——杭二中白马湖教育集团初中部运动会开幕式,19楼,半年以上
暴涨！全红婵的丑拖鞋、黄雨婷的发卡…这些“奥运同款”火了?,我是你汉子,半年以上
太湖边的三绝“紫砂、大佛、园林”,陈年往斯,半年以上
杭州东方文化园景区,萧山旅游82113616,半年以上
杭州东方文化园景区,ocpark,半年以上
今天，这趟列车正式投运！有人凌晨3点从上海来杭州打卡,大漠孤烟一刀流,半年以上
雷峰塔里排长队，就为买到10块钱的它？有人收集了上千个,19楼林志玲,半年以上
“盖章式旅行”火了，有人收集了上千个,治愈小哥,半年以上
名单出炉，热度猛涨20倍！国庆，这些地方要“爆”？,青春期骚动症,半年以上
年轻人一来立马被抢走！杭州不少家庭感叹：想请这类保姆真难,湮没一朝风涟,半年以上
在杭州上哪儿吃：老西安面馆,小小阿狸乖不乖,半年以上
雷峰塔里排长队，就为买到10块钱的它？有人收集了上千个,19楼林志玲,半年以上
“盖章式旅行”火了，有人收集了上千个,治愈小哥,半年以上
名单出炉，热度猛涨20倍！国庆，这些地方要“爆”？,青春期骚动症,半年以上
一座拱宸桥，半部杭州史！老杭州的风韵原来在这里,努力学习的忙先生,半年以上
7月31日：主城区成交165套 预定28套,13842662,半年以上
杭州又有30家游泳场所被列入黑名单！有你,44160356,半年以上
上周楼市成交跌破两千套预定量依旧维持高位,28167339,半年以上
德清县求是高级中学在杭州开设新校区,教育早知道,半年以上
25日新盘：主城区成交近200套 预定85套,28167339,半年以上
健康乐跑，绿色杭州,糯米粉的姐姐UU,半年以上
杭州圣诞超强攻略看这里,没有饼妹,半年以上
圣诞节怎么安排？拍照吃饭加约会，看这篇就够啦！,keke李,半年以上
城南这片私房菜扎堆的老街区，如今成了年轻人的聚集地,枫萧子夜,半年以上
杭州多个重要项目有新进展！涉及快速路、学校……,羽毛蛇蛇,半年以上
【有优惠】2月美食刷卡优惠来袭！ 吃货们收了吧,30996845,半年以上
杭州、上海团建活动推荐地点-上海周边旅游团建 | 周边游团建,31577876,半年以上
7月31日：主城区成交165套 预定28套,13842662,半年以上
气象台宣布：明天，入冬！最强冷空气今晚到,15698034,半年以上
我们为你操碎了心!又为你搜罗了大杭州最全花果市场攻略！,小妞芭芭拉,半年以上
《只此青绿》和师姐都来了！2022杭州国风演出日历，请收好！,一口牛油果,半年以上
杭州、上海团建活动推荐地点-上海周边旅游团建 | 周边游团建,31577876,半年以上
第一个上盖综合体两年内竣工 杭州地铁物业将爆发商业能量,31800594,半年以上
青海湖的靓点,40093872,半年以上
杭州的酒店，为什么外国服务生越来越多了？,Somnus的妖娆,半年以上
7月31日：主城区成交165套 预定28套,13842662,半年以上
23日新盘：主城区成交108套 预定0套,28167339,半年以上
6月报：主城区成交6747套 创调控以来新高,28167339,半年以上
杭州的酒店，为什么外国服务生越来越多了？,杭漂路人甲,半年以上
银泰20周年庆举办大巡游 杭州商业多了一张新名片,19时尚街区,半年以上
周日展览推介 | 如来如去，用画笔写一首瞬息万变的诗,湮没一朝风涟,半年以上
距过年还有10天！实探杭州5家超市年货情况，今年几个品牌礼盒,青春期骚动症,半年以上
元宵佳节 浙江龙湖冠寓陪你乐“宵”遥,楼市小晓孩,半年以上
错过今明两天的太阳，或许就要等来年！春节前，杭州都是雨雨雨,不离不弃的撕扯,半年以上
国庆七天乐，玩转七大景区——“俊英”倾心推荐,41574024,半年以上
7月31日：主城区成交165套 预定28套,13842662,半年以上
6月报：主城区成交6747套 创调控以来新高,28167339,半年以上
6月报：主城区成交6747套 创调控以来新高,18155839,半年以上
寻味：运河边有什么好吃的？这里有16家餐厅深度图文测评，目标,Somnus的妖娆,半年以上
跟着龙坞彩灯非遗传承人 亲手做一盏象征团圆、和美的“六和”彩,大雄家的铜锣烧,半年以上
【2024晒游记】张家界、长沙4晚5天游,chenone,6个月内
金价下跌“买金热”再现，投资金怎么买最划算？,vivi鬼小猪,半年以上
杭州多个重要项目有新进展！涉及快速路、学校……,羽毛蛇蛇,半年以上
杭州土地市场开闸 多宗宝地出让市场回暖可期,28256887,半年以上
神奇灵秀地、大愿九华山，九华山前后山大穿越,46746692,半年以上
四川理塘野猪泛滥，一村支书遭袭击身亡,不二家的小妞,半年以上
如何选择一所理想的高中学校圆孩子大学梦,教育早知道,半年以上
大年初一，他的父母却催他回去上班……原创,15698034,半年以上
从杨超越到信小呆，全国网友都在转“锦鲤”,44160356,半年以上
楼市小阳春PK“国五条” 3月杭城50余盘开盘,13842662,半年以上
2024，有「情绪」的一年在哪里释放？,杭州石头人,半年以上
杭州上海世外中学第四届数学学科节活动,杭州上世外中学,半年以上
江浙沪地区『春节&元宵』活动全攻略！花样过新年，玩法大不同！,40613427,半年以上
7月31日：主城区成交165套 预定28套,13842662,半年以上
6月报：主城区成交6747套 创调控以来新高,28167339,半年以上
浙江省内10个森林秘境 人均50起 周末就去森呼吸！,十字路口的风,半年以上
6月报：主城区成交6747套 创调控以来新高,18155839,半年以上
给不对得罪人，婚礼发红包如何省钱又有面儿？,49943418,半年以上
西湖游玩攻略,34282600,半年以上
2张杭州亚运会开幕式门票送给谁？你们说了算,不可一世的憨子,半年以上
4.8：主城区成交150套 西湖学区盘成交32套,13842662,半年以上
7月31日：主城区成交165套 预定28套,13842662,半年以上
28日新盘：主城区成交302套 预定183套,28167339,半年以上
上周楼市成交跌破两千套预定量依旧维持高位,28167339,半年以上
杭州美食江湖，这几家几代相传的“家族企业”深藏不露！,路德v7,半年以上
30日新盘：主城区成交55套 预定31套,13842662,半年以上
2013！我会像金志文一样幸福吗？我的她-你在哪里~~~,33591647,半年以上
杭州城南这条街曾是南宋时的“富人区”，如今还是这么好逛！第一,不离不弃的撕扯,半年以上
杭州一小区天降大狗，老人孩子被砸紧急送医！业主群炸锅,风从云2007,半年以上
浙江多地发布紧急提醒！这些人请主动报备,在路上_走,半年以上
29日新盘：主城区成交118套 预定33套,13842662,半年以上
杭城十大漂流推荐：仙山谷漂流 大溪闯滩漂流 双溪漂流 西源漂流,31028901,半年以上
看过来、过来看、江浙沪10大漂流景点推荐。,34507978,半年以上
★清凉一夏★ 杭城十大漂流推荐★仙山谷漂流 ★ 大溪闯滩漂流,35734648,半年以上
杭州的酒店，为什么外国服务生越来越多了？,Somnus的妖娆,半年以上
【2013年夏季激情漂流攻略】杭州周边漂流景点一网打尽,12231894,半年以上
网友求别擦！杭州马塍路上的这块黑板报真心赞，果然是高手在民间,默默一笑倾所爱,半年以上
转塘外桐坞村年糕队：他们的春天，在木槌声,15698034,半年以上
历史建筑杭州集艺楼承办千蟹大师宴，每个席位一餐用到16只大闸蟹,添喜lucklily,半年以上
避开人潮，杭州出发2h就到，现在带孩子出行不挤、不热、不排队,我爱章子怡丫,半年以上
打卡宁波方特东方神话,16099861,半年以上
距过年还有10天！实探杭州5家超市年货情况，今年几个品牌礼盒,青春期骚动症,半年以上
4.15：主城区成交140套 江干盘预定34套,13842662,半年以上
28日新盘：主城区成交95套 德信晓宸成交7套,13842662,半年以上
6月报：主城区成交6747套 创调控以来新高,28167339,半年以上
6月报：主城区成交6747套 创调控以来新高,18155839,半年以上
他为前女友开的小饭馆 没想到俘获了一大批嘴刁的杭州妹,40252114,半年以上
过年不到10天，实探杭州5家超市年货，今年几个品牌礼盒很便宜,13430105,半年以上
暴涨！全红婵的丑拖鞋、黄雨婷的发卡…这些“奥运同款”火了?,我是你汉子,半年以上
杭州市民，免费、打折！又有多地官宣,新百分通讯,半年以上
81年富阳籍短婚离异无孩子~注册安全工程师真诚征女知心爱人,富阳阿郎,半年以上
年轻人一来立马被抢走！杭州不少家庭感叹：想请这类保姆真难,湮没一朝风涟,半年以上
中国游客到了，这国派出副总理机场迎接,禾二柒,半年以上
杭州有位托尼老师火了！免费做一件事，坚持好几年,大雄家的铜锣烧,半年以上
时隔近一年降价1.7个亿，两次流拍后的天工艺苑进入变卖，这次,枫红酒浓,半年以上
杭州多个重要项目有新进展！涉及快速路、学校……,羽毛蛇蛇,半年以上
杭州土地市场开闸 多宗宝地出让市场回暖可期,28256887,半年以上
90年沉浮，雷峰塔藏经砖砚回家,Somnus的妖娆,半年以上
历史建筑杭州集艺楼承办千蟹大师宴，每个席位一餐用到16只大闸蟹,添喜lucklily,半年以上
错过今明两天的太阳，或许就要等来年！春节前，杭州都是雨雨雨,不离不弃的撕扯,半年以上
6月报：主城区成交6747套 创调控以来新高,28167339,半年以上
浙江省内10个森林秘境 人均50起 周末就去森呼吸！,十字路口的风,半年以上
6月报：主城区成交6747套 创调控以来新高,18155839,半年以上
中国队首金，浙江帅哥汪顺的！他的外公外婆昨天第一次在现场.,杭漂路人甲,半年以上
18日新盘：主城区成交119套 预定241套,28167339,半年以上
清迈泰囧之旅——心灵的旅行（海量图片）,kessen,半年以上
杭州市交通局昨天答复：很快很快了！ 地铁4号线首通段什么时,青春期骚动症,半年以上
杭州市交通局昨天答复：很快很快了！ 地铁4号线首通段什么时,情话腐蚀人心,半年以上
爱你，狗狗！朱炳仁携手故宫，带来狗年风水铜,湮没一朝风涟,半年以上
杭州、上海团建活动推荐地点-上海周边旅游团建 | 周边游团建,31577876,半年以上
元宵节去哪里看花灯,10600801,半年以上
元宵节去哪里看花灯,10600801,半年以上
3000余件老物件，是否唤起了你的乡愁,Somnus的妖娆,半年以上
6月报：主城区成交6747套 创调控以来新高,28167339,半年以上
元宵节去哪里看花灯,10600801,半年以上
6月报：主城区成交6747套 创调控以来新高,18155839,半年以上
开学典礼上，杭州有位校长竟全程不讲话！还,32832660,半年以上
7月开盘抢先看 炎炎夏日近40盘开盘,28167339,半年以上
4.27：主城区成交222套 较昨日上升,13842662,半年以上
6.7交易：主城区成交98套 较前日稍微上涨,13842662,半年以上
气象台宣布：明天，入冬！最强冷空气今晚到,15698034,半年以上
转塘外桐坞村年糕队：他们的春天，在木槌声,15698034,半年以上
7月开盘抢先看 炎炎夏日近40盘开盘,28167339,半年以上
气象台宣布：明天，入冬！最强冷空气今晚到,15698034,半年以上
气象台宣布：明天，入冬！最强冷空气今晚到，临安余杭周五有雪！,不离不弃的撕扯,半年以上
气象台宣布：明天，入冬！最强冷空气今晚到,44160356,半年以上
紫藕、红菱、玉荷、夕照……在杭州，没有一个街道，这样爱荷花吧,不可一世的憨子,半年以上
鼓楼下有人用棕榈叶编了一艘龙舟，不出杭州，清河坊街区的“老杭,默默一笑倾所爱,半年以上
楼市主体回暖基本确定 调控恐将继续加码,18155839,半年以上
"刚刚,杭州最后一个隔离村解封:终于晒到太阳了!患者女儿:刚开",Somnus的妖娆,半年以上
张国立被他圈粉，故宫范儿铜壶，愿你“前程似锦,Somnus的妖娆,半年以上
23日新盘：主城区成交121套 预定个位数,28167339,半年以上
2021年12月｜长白山48小时滑雪游,48258557,半年以上
因白切羊肉出名的小镇！隔壁横店剧组经常打包，一次就是一头羊,光着脚丫子127,半年以上
楼市主体回暖基本确定 调控恐将继续加码,18155839,半年以上
外地购房者频现杭州楼市 元旦商品房成交量是去年同期4倍,18155839,半年以上
泰国普吉岛自由行攻略原创--航班机票选择,35357760,半年以上
楼市小阳春PK“国五条” 3月杭城50余盘开盘,13842662,半年以上
6月报：主城区成交6747套 创调控以来新高,28167339,半年以上
浙江省内10个森林秘境 人均50起 周末就去森呼吸！,十字路口的风,半年以上
6月报：主城区成交6747套 创调控以来新高,18155839,半年以上
开学典礼上，杭州有位校长竟全程不讲话！还,32832660,半年以上
杭州有位托尼老师火了！免费做一件事，坚持好几年,大雄家的铜锣烧,半年以上
因白切羊肉出名的小镇！隔壁横店剧组经常打包，一次就是一头羊,光着脚丫子127,半年以上
总长约1公里!钱塘江边首个垂钓区对外开放!,不可一世的憨子,半年以上
杭州楼市开盘潮戛然而止 1月仅20余楼盘将面市,18155839,半年以上
6月报：主城区成交6747套 创调控以来新高,28167339,半年以上
1日新盘：主城区成交165套 预定32套,28167339,半年以上
6月报：主城区成交6747套 创调控以来新高,18155839,半年以上
中国队首金，浙江帅哥汪顺的！他的外公外婆昨天第一次在现场.,杭漂路人甲,半年以上
18日新盘：主城区成交76套 预定12套,13842662,半年以上
6岁男孩哭着跑完3公里，妈妈一句话让很多,15698034,半年以上
杭州跨年活动 | 鱼灯/音乐节/市集,爱丽芬城堡19,6个月内
湖滨将组织跨年夜活动？官方回应！元旦杭州哪些地方可以玩？,喜爱网,6个月内
元旦跨年活动合集,缪蓝缪蓝,6个月内
这是今天的西湖，地铁站挤成这样了！网友：出行还得靠它,小老虎12315,半年以上
每天限量200份，依旧供不应求！杭州的小店又卷出了新花样,19楼林志玲,半年以上
每天限量200份，依旧供不应求！去年的爆款又返场，杭州的小店,槑槑不是梅,半年以上
圣诞节怎么安排？拍照吃饭加约会，看这篇就够啦！,keke李,半年以上
6月报：主城区成交6747套 创调控以来新高,28167339,半年以上
积小善而臻大成,19410744,半年以上
6月报：主城区成交6747套 创调控以来新高,18155839,半年以上
2021年12月｜长白山48小时滑雪游,48258557,半年以上
杭州多个重要项目有新进展！涉及快速路、学校……,羽毛蛇蛇,半年以上
杭城十大漂流推荐：仙山谷漂流 大溪闯滩漂流 双溪漂流 西源漂流,31028901,半年以上
杭州市第十三届公民爱心日温暖落幕,何必优柔寡断,半年以上
看过来、过来看、江浙沪10大漂流景点推荐。,34507978,半年以上
厉害！浙江妹子亚运会连拿两枚银牌！当年游,32832660,半年以上
★清凉一夏★ 杭城十大漂流推荐★仙山谷漂流 ★ 大溪闯滩漂流,35734648,半年以上
杭州：牙签大鳗鱼苗一斤可卖十万元,27304730,半年以上
厉害！浙江妹子亚运会连拿两枚银牌！当年游,44160356,半年以上
★★★杭州周边漂流地★★★,35474437,半年以上
81年富阳籍短婚离异无孩子~注册安全工程师真诚征女知心爱人,富阳阿郎,半年以上
每天限量200份，依旧供不应求！杭州的小店又卷出了新花样,19楼林志玲,半年以上
每天限量200份，依旧供不应求！去年的爆款又返场，杭州的小店,槑槑不是梅,半年以上
外地购房者频现杭州楼市 元旦商品房成交量是去年同期4倍,18155839,半年以上
杭州美食江湖，这几家几代相传的“家族企业”深藏不露！,路德v7,半年以上
11日新盘：主城区成交79套 预定27套,13842662,半年以上
13日新盘：主城区成交101套 预定5套,13842662,半年以上
带父母去旅行！杭州这11处轻松游景点，说走就走！,大雄家的铜锣烧,半年以上
30日新盘：主城区成交125套 预定8套,28167339,半年以上
暴涨！全红婵的丑拖鞋、黄雨婷的发卡…这些“奥运同款”火了?,我是你汉子,半年以上
杭州城北万象城11月5日温暖启幕，进阶城市商业活力！,19时尚街区,半年以上
全杭州的娃都出动了？高铁机场全是孩子！准备席卷全国？,vivi鬼小猪,半年以上
政苑小学把景点搬进校园 带学生感受亚运文化,王小鬟,半年以上
10元一份，每天限量开抢,爱笑笑的猫猫,半年以上
暑期市内遛娃不重样！来看看19楼宝爸宝妈的私藏宝地,19128373,半年以上
年轻人一来立马被抢走！杭州不少家庭感叹：想请这类保姆真难,湮没一朝风涟,半年以上
单只上万还不够卖！今年顶流网红其实是“超生游击队”,芸香若芷,半年以上
一桥“默契搭档”、杭州金鱼发源地、观潮圣地六和塔到底有几层？,小雨不脱发,半年以上
刷新2018年以来杭州最热纪录 上周日最高气温39.6℃,青阳香浓,半年以上
杭州市第十三届公民爱心日温暖落幕,何必优柔寡断,半年以上
23日新盘：主城区成交108套 预定0套,28167339,半年以上
6月报：主城区成交6747套 创调控以来新高,28167339,半年以上
3月21日，第三届皋亭观桃节开幕,31387049,半年以上
6月报：主城区成交6747套 创调控以来新高,18155839,半年以上
千桃园里烂漫的桃花 邀您一起拥抱春天,19410744,半年以上
德寿宫第四次考古发掘可能已经挖到了小西湖,lujun12345,半年以上
8日新盘：主城区成交81套 预定5套,13842662,半年以上
德寿宫第四次考古发掘 可能已经挖到了小西湖的边,10697358,半年以上
地铁4号线首通段什么时候开通？杭州市交通局昨天答复：很快很,31387049,半年以上
九峰山旅游攻略   浙东的西双版纳—你不容错过的美,37399770,半年以上
近50盘在5月推新 人居展有望不再“以展为主”,28256887,半年以上
楼市小阳春PK“国五条” 3月杭城50余盘开盘,13842662,半年以上
25日新盘：主城区成交179套 金色黎明成交20套,13842662,半年以上
7月开盘抢先看 炎炎夏日近40盘开盘,28167339,半年以上
5.30：主城区成交165套 预定量大幅上扬,13842662,半年以上
82岁杭州女婿韩美林喜得贵子,默默一笑倾所爱,半年以上
杭州今年住宅卖了6.8万套 创四年新高,18155839,半年以上
29日新盘：主城区成交177套 预定42套,28167339,半年以上
23日新盘：主城区成交121套 预定个位数,28167339,半年以上
美式12元一杯，老巷子里的“劳保咖啡馆”真是有够接地气,白瓷青瓦,半年以上
90年沉浮，雷峰塔藏经砖砚回家,Somnus的妖娆,半年以上
11日晚6:00，世游赛（25米）开幕式,lujun12345,半年以上
九峰山旅游攻略   浙东的西双版纳—你不容错过的美,37399770,半年以上
11日晚6:00，世游赛（25米）开幕式,lujun12345,半年以上
24日新盘：主城区成交148套 预定16套,28165979,半年以上
雷峰塔藏经砖砚90年后终回家 还与岳庙精忠柏有关,默默一笑倾所爱,半年以上
雷峰塔藏经砖砚90年后回家 捐赠者父亲曾目睹塔倒,31387049,半年以上
11日晚6:00，世游赛（25米）开幕式 ! 炫酷花絮提前看,10697358,半年以上
世游赛（25米）今晚“小莲花”开幕！晚上,15698034,半年以上
外地购房者频现杭州楼市 元旦商品房成交量是去年同期4倍,18155839,半年以上
认真结婚的进,47708115,半年以上
楼市小阳春PK“国五条” 3月杭城50余盘开盘,13842662,半年以上
浙江省内10个森林秘境 人均50起 周末就去森呼吸！,十字路口的风,半年以上
7日新盘：主城区成交84套 预定16套,13842662,半年以上
28日新盘：主城区成交302套 预定183套,28167339,半年以上
鼓楼下有人用棕榈叶编了一艘龙舟，不出杭州，清河坊街区的“老杭,默默一笑倾所爱,半年以上
认真的进来看看缘分,47708115,半年以上
2个月14位名家相继离去!今天突然被一句话刷屏!网友:这是今,Somnus的妖娆,半年以上
荷花都开好了 赶紧去看吧,吃货小节子,半年以上
10元一份，每天限量开抢,爱笑笑的猫猫,半年以上
周日展览推介 | 如来如去，用画笔写一首瞬息万变的诗,湮没一朝风涟,半年以上
美式12元一杯，老巷子里的“劳保咖啡馆”真是有够接地气,白瓷青瓦,半年以上
14日新盘：主城区成交85套 预定9套,13842662,半年以上
杭州（江干）第三届皋亭观桃节明天开幕 6000余株桃花舞春风,31387049,半年以上
6月报：主城区成交6747套 创调控以来新高,28167339,半年以上
6月报：主城区成交6747套 创调控以来新高,18155839,半年以上
超全！杭州商场春节营业时间调整公告，春节档电影全部撤档！,美团队长,半年以上
6000余株桃花舞春风 杭州（江干）第三届皋亭观桃节明天开幕,31387049,半年以上
7月开盘抢先看 炎炎夏日近40盘开盘,28167339,半年以上
楼市小阳春PK“国五条” 3月杭城50余盘开盘,13842662,半年以上
6月报：主城区成交6747套 创调控以来新高,28167339,半年以上
6月报：主城区成交6747套 创调控以来新高,18155839,半年以上
28日新盘：主城区成交302套 预定183套,28167339,半年以上
7月开盘抢先看 炎炎夏日近40盘开盘,28167339,半年以上
每日TOP榜：一套房子的变迁,yyyseop,半年以上
杭州又有30家游泳场所被列入黑名单！有你,44160356,半年以上
月满人团圆，浓情雷迪森-2013雷迪森中秋福礼,27534384,半年以上
原料上涨售价不涨，今年粽子刮“亲民风”,19410744,半年以上
2日新盘：主城区成交245套 预定2套,28167339,半年以上
这是今天的西湖，地铁站挤成这样了！网友：出行还得靠它,小老虎12315,半年以上
健康乐跑，绿色杭州,糯米粉的姐姐UU,半年以上
楼市小阳春PK“国五条” 3月杭城50余盘开盘,13842662,半年以上
6月报：主城区成交6747套 创调控以来新高,28167339,半年以上
6月报：主城区成交6747套 创调控以来新高,18155839,半年以上
28日新盘：主城区成交302套 预定183套,28167339,半年以上
7日新盘：主城区成交125套 预定3套,28167339,半年以上
目测要火！杭州西湖又出网红爆款：三潭印月、断桥相会同款冰淇淋,女人高傲又何妨,半年以上
比米其林更勾魂的街坊小馆，去哪儿找它们？,40613668,半年以上
4日新盘：主城区成交87套 预定16套,13842662,半年以上
西湖边昨天有场酥月花宴，是杭州人才能秒懂的浪漫,19时尚街区,半年以上
官宣！杭州全域为低风险地区,相逢笑笑,半年以上
距过年还有10天！实探杭州5家超市年货情况，今年几个品牌礼盒,青春期骚动症,半年以上
灵山大佛一日游  一次真正的身心洗礼,37399786,半年以上
杭城十大漂流推荐：仙山谷漂流 大溪闯滩漂流 双溪漂流 西源漂流,31028901,半年以上
外地购房者频现杭州楼市 元旦商品房成交量是去年同期4倍,18155839,半年以上
九峰山旅游攻略   浙东的西双版纳—你不容错过的美,37399770,半年以上
看过来、过来看、江浙沪10大漂流景点推荐。,34507978,半年以上
楼市小阳春PK“国五条” 3月杭城50余盘开盘,13842662,半年以上
★清凉一夏★ 杭城十大漂流推荐★仙山谷漂流 ★ 大溪闯滩漂流,35734648,半年以上
整筐抢购，每天断货！杭州这里排长队，不少人为它跑遍全城,止战之心,半年以上
浙江多地发布紧急提醒！这些人请主动报备,在路上_走,半年以上
杭州土地市场开闸 多宗宝地出让市场回暖可期,28256887,半年以上
●魂牵梦萦●~~~~~~~~【#色达五明佛学院#】，心灵最宁静的地方,10407664,半年以上
距过年还有10天！实探杭州5家超市年货情况，今年几个品牌礼盒,青春期骚动症,半年以上
灵山大佛一日游  一次真正的身心洗礼,37399786,半年以上
有家开发商，拒绝投资客，要造一个平湖人自己的住区！,楼市小晓孩,半年以上
初见宝岛|两位小公举和张胖的台湾亲子之旅（上）,文一西路李政宰,半年以上
楼市小阳春PK“国五条” 3月杭城50余盘开盘,13842662,半年以上
环沪龙湖卓越·紫宸诠释洋房生活精致画卷,楼市小晓孩,半年以上
【2024晒游记】张家界、长沙4晚5天游,chenone,6个月内
太湖边的三绝“紫砂、大佛、园林”,陈年往斯,半年以上
雷峰塔里排长队，就为买到10块钱的它？有人收集了上千个,19楼林志玲,半年以上
“盖章式旅行”火了，有人收集了上千个,治愈小哥,半年以上
西湖边，小姐姐被陌生人团团围住！她要见1万个...,止战之心,半年以上
年轻人一来立马被抢走！杭州不少家庭感叹：想请这类保姆真难,湮没一朝风涟,半年以上
2022年第十一届杭州戏剧节圆满落幕！,22993017,半年以上
这口素月饼，杭州人已经爱了1000年！,鸽子俱乐部,半年以上
浙江多地发布紧急提醒！这些人请主动报备,在路上_走,半年以上
刷新2018年以来杭州最热纪录 上周日最高气温39.6℃,青阳香浓,半年以上
暴涨！全红婵的丑拖鞋、黄雨婷的发卡…这些“奥运同款”火了?,我是你汉子,半年以上
浙江多地发布紧急提醒！这些人请主动报备,在路上_走,半年以上
时隔近一年降价1.7个亿，两次流拍后的天工艺苑进入变卖，这次,枫红酒浓,半年以上
公共自行车五周岁啦粉丝们，一起走一个！,爱情保质期,半年以上
6月报：主城区成交6747套 创调控以来新高,28167339,半年以上
6月报：主城区成交6747套 创调控以来新高,18155839,半年以上
18日新盘：主城区成交119套 预定241套,28167339,半年以上
14日新盘：主城区成交137套 预定20套,28167339,半年以上
再见，海王！再见，公主！谢谢你们带来的速,15698034,半年以上
接下来一周杭州基本都是阴雨模式市区今天可,44160356,半年以上
美式12元一杯，老巷子里的“劳保咖啡馆”真是有够接地气,白瓷青瓦,半年以上
一座拱宸桥，半部杭州史！老杭州的风韵原来在这里,努力学习的忙先生,半年以上
梦想小镇半程马拉松20号就要开赛了！吉祥物梦马也太可爱了吧,14810067,半年以上
元宵佳节 浙江龙湖冠寓陪你乐“宵”遥,楼市小晓孩,半年以上
外地购房者频现杭州楼市 元旦商品房成交量是去年同期4倍,18155839,半年以上
错过今明两天的太阳，或许就要等来年！春节前，杭州都是雨雨雨,不离不弃的撕扯,半年以上
大年初一，他的父母却催他回去上班……原创,15698034,半年以上
杭州成为北京大兴国际机场首航城市，一架客机起飞前往萧山机场！,44160356,半年以上
6月报：主城区成交6747套 创调控以来新高,28167339,半年以上
6月报：主城区成交6747套 创调控以来新高,18155839,半年以上
时隔近一年降价1.7个亿，两次流拍后的天工艺苑进入变卖，这次,枫红酒浓,半年以上
美式12元一杯，老巷子里的“劳保咖啡馆”真是有够接地气,白瓷青瓦,半年以上
除了喝咖啡，还能买中古包包、打高尔夫球…这几家咖啡馆绝了,失落晴天,半年以上
梦想小镇半程马拉松20号就要开赛了！吉祥物梦马也太可爱了吧,14810067,半年以上
开车买花不盖后尾箱，“电子警察”每天抓拍10多人？要罚5千扣,27189820,半年以上
24日新盘：主城区成交93套 预定6套,13842662,半年以上
杭州地铁2号线有大动作，这个h5又双叒叕.......要刷屏,俘虏黄毛丫头_,半年以上
6月报：主城区成交6747套 创调控以来新高,28167339,半年以上
"在遇害女童章子欣家守了几天之后,我想替没",lujun12345,半年以上
6月报：主城区成交6747套 创调控以来新高,18155839,半年以上
健康乐跑，绿色杭州,糯米粉的姐姐UU,半年以上
★清凉一夏★ 杭城十大漂流推荐★仙山谷漂流 ★ 大溪闯滩漂流,35734648,半年以上
3月21日，第三届皋亭观桃节开幕,31387049,半年以上
千桃园里烂漫的桃花 邀您一起拥抱春天,19410744,半年以上
11.1日新盘：主城区成交94套 预定31套,18155839,半年以上
18日新盘：主城区成交119套 预定241套,28167339,半年以上
7.1：主城区成交94套 预定18套 双双下滑,13842662,半年以上
2个月14位名家相继离去!今天突然被一句话刷屏!网友:这是今,Somnus的妖娆,半年以上
9日新盘：主城区成交94套 预定13套,28167339,半年以上
2日新盘：主城区成交245套 预定2套,28167339,半年以上
暴涨！全红婵的丑拖鞋、黄雨婷的发卡…这些“奥运同款”火了?,我是你汉子,半年以上
今天，这趟列车正式投运！有人凌晨3点从上海来杭州打卡,大漠孤烟一刀流,半年以上
一天500元也请不到家政阿姨？杭州过年保姆“紧俏”，老板着急,佬古董,半年以上
看到监控下这一幕…杭州抗疫女骑警瞬间泪崩！,默默一笑倾所爱,半年以上
杭州多个重要项目有新进展！涉及快速路、学校……,羽毛蛇蛇,半年以上
【有优惠】2月美食刷卡优惠来袭！ 吃货们收了吧,30996845,半年以上
初见宝岛|两位小公举和张胖的台湾亲子之旅（上）,文一西路李政宰,半年以上
杭州新房面临阶段性供应短缺,楼市小晓孩,半年以上
28日新盘：主城区成交95套 德信晓宸成交7套,13842662,半年以上
杭州（江干）第三届皋亭观桃节明天开幕 6000余株桃花舞春风,31387049,半年以上
杭州亚运会金银纪念币来了,小猪佩佩奇,半年以上
杭州多个重要项目有新进展！涉及快速路、学校……,羽毛蛇蛇,半年以上
4.15：主城区成交140套 江干盘预定34套,13842662,半年以上
楼市小阳春PK“国五条” 3月杭城50余盘开盘,13842662,半年以上
杭州出港【丽江半自助】丽江古城、香格里拉半自助双飞5日游,37100718,半年以上
6月报：主城区成交6747套 创调控以来新高,28167339,半年以上
6月报：主城区成交6747套 创调控以来新高,18155839,半年以上
4日新盘：主城区成交87套 预定16套,13842662,半年以上
腊八未到粥先热  一万七千份杭州灵隐腊八粥情暖环卫工,机要小秘书,半年以上
鼓楼下有人用棕榈叶编了一艘龙舟，不出杭州，清河坊街区的“老杭,默默一笑倾所爱,半年以上
杭州亚运会，到底藏了多少惊喜与黑科技？,缪蓝缪蓝,半年以上
浙江多地发布紧急提醒！这些人请主动报备,在路上_走,半年以上
想靠亚运会实现“红利翻倍”？怕是要美梦落空,这个就叫专业,半年以上
杭城十大漂流推荐：仙山谷漂流 大溪闯滩漂流 双溪漂流 西源漂流,31028901,半年以上
★清凉一夏★ 杭城十大漂流推荐★仙山谷漂流 ★ 大溪闯滩漂流,35734648,半年以上
杭州成为北京大兴国际机场首航城市，一架客机起飞前往萧山机场！,44160356,半年以上
杭州成为北京大兴国际机场首航城市，刚刚一架客机起飞前往萧山国,俘虏黄毛丫头_,半年以上
杭州又有30家游泳场所被列入黑名单！有你,44160356,半年以上
伏天，杭州人，去这里避暑吧！（内附简易攻略）,十字路口的风,半年以上
4.21：主城区成交121套 萧山区成交仅2套,13842662,半年以上
杭州跨年活动 | 鱼灯/音乐节/市集,爱丽芬城堡19,6个月内
杭州城北万象城11月5日温暖启幕，进阶城市商业活力！,19时尚街区,半年以上
杭州亚运会，到底藏了多少惊喜与黑科技？,缪蓝缪蓝,半年以上
浙江多地发布紧急提醒！这些人请主动报备,在路上_走,半年以上
春天的味道，在杭州人的碗盏里,超爱吃小熊饼干,半年以上
龙井路上开了十几年的古早农家乐，老板出了名的“不讲套路”,格瑞斯德,半年以上
【2013年夏季激情漂流攻略】杭州周边漂流景点一网打尽,12231894,半年以上
6.7交易：主城区成交98套 较前日稍微上涨,13842662,半年以上
?一个手机号竟然卖到200多万，堪比一套,15698034,半年以上
6月报：主城区成交6747套 创调控以来新高,28167339,半年以上
浙江多地发布紧急提醒！这些人请主动报备,在路上_走,半年以上
距过年还有10天！实探杭州5家超市年货情况，今年几个品牌礼盒,青春期骚动症,半年以上
四川理塘野猪泛滥，一村支书遭袭击身亡,不二家的小妞,半年以上
【有优惠】2月美食刷卡优惠来袭！ 吃货们收了吧,30996845,半年以上
泰国普吉岛自由行攻略原创--航班机票选择,35357760,半年以上
入夏了，杭州这些好地方有了新玩法，吸引近百名记者、网红吆喝推,我说我想嫁给你,半年以上
清明游庐山,27856896,半年以上
杭州（江干）第三届皋亭观桃节明天开幕 6000余株桃花舞春风,31387049,半年以上
超全！杭州商场春节营业时间调整公告，春节档电影全部撤档！,美团队长,半年以上
6000余株桃花舞春风 杭州（江干）第三届皋亭观桃节明天开幕,31387049,半年以上
