笔记标题,笔记链接,用户ID,用户头像,用户名,IP属地,笔记发布时间,笔记收藏数量,笔记评论数量,笔记点赞数量,笔记内容
杭州吉祥里，你觉得爆改成功吗？,https://www.xiaohongshu.com/explore/66bc2685000000000d033338?xsec_token=ABpeRaRUiHkTShkp0wnU-6wObGjYSq8d53fZSp1VjpuO4=&xsec_source=pc_feed,65f97d25000000000600e0f3,https://sns-avatar-qc.xhscdn.com/avatar/1040g2jo31e4959nvh0105pfpfkihho7joth1dm0?imageView2/2/w/80/format/jpg,包叔,,编辑于 2024-08-,23,28,39,#杭州旅游 #吉祥里 #几何书店 #祥符老街 #古镇 #杭州商场 #天热还得进商场 #商场分享 #杭州逛街#吉祥里
杭州宝藏地打卡 | 祥符桥的古韵新章,https://www.xiaohongshu.com/explore/67e0f907000000001c004106?xsec_token=ABb7G4jrVbs6t0TIDBbNvM2eir7ZY47A4-VIrhDn9S_AI=&xsec_source=pc_feed,61c6c3c700000000210203ca,https://sns-avatar-qc.xhscdn.com/avatar/c57dbb59-514d-3cfc-9b41-b080e60165d0?imageView2/2/w/80/format/jpg,奥观建筑视觉,,编辑于 03-,6,0,9,最近发掘了杭州超有韵味的宝藏地 —— 祥符桥传统风貌街区。	踏入祥符桥传统风貌街区，就像开启了一场时空交错的旅行。传统江南建筑的白墙黑瓦错落有致，飞檐翘角间藏着悠悠古韵，仿佛在诉说着旧时光的故事📜。与现代建筑元素巧妙融合，简洁明快的线条、时尚的玻璃幕墙，碰撞出别具一格的美感✨。	这里的街巷，一步一景。沿着河道漫步🚶，水波荡漾，倒映着两岸建筑，既有江南水乡的温婉柔情，又不失现代都市的精致格调。明代古桥祥符桥静静伫立，与新建的现代感桥梁平波桥、卧虹桥相映成趣，仿佛穿越时空，随手一拍都是大片。📷！	逛累了，随便走进一家小店，咖啡香、茶香弥漫，还能淘到各种创意十足的手工艺品🎁。	你们打卡过哪些超美的特色建筑？快在评论区分享分享，咱们一起 “种草” 更多宝藏地！[黄金薯R]	项目名称：祥符桥传统风貌街区设计公司：goa大象设计空间摄影：奥观建筑视觉AOGVISION﻿#杭州吉祥里﻿  ﻿#建筑美学﻿  ﻿#江南风情﻿  ﻿#奥观建筑摄影﻿  ﻿#建筑摄影﻿  ﻿#摄影﻿  ﻿#城市打卡﻿  ﻿#杭州旅游﻿  ﻿#要春游更要村游﻿
空无一人的绿城吉祥里,https://www.xiaohongshu.com/explore/6717a8b5000000001b0123f0?xsec_token=AB2WswtkpibQ8AV9magjhudPqfsVcqr7kJ9s733jAjcDM=&xsec_source=pc_feed,6648a4280000000007004a23,https://sns-avatar-qc.xhscdn.com/avatar/1040g2jo31ecdr6utgm4g5pi8kgk1oih3nemvbig?imageView2/2/w/80/format/jpg,cccyk,,2024-10-,13,73,42,平时真的有人会去这吗❓
魔都百年老建筑  |  河南中路吉祥里,https://www.xiaohongshu.com/explore/6674d96c000000001d01adc2?xsec_token=ABzV4db_GHGtlRf-jLv4zsdO9CjYqNd9hbl9K-_-90rsw=&xsec_source=pc_feed,5f943a90000000000101dd09,https://sns-avatar-qc.xhscdn.com/avatar/5f9c23043fd9bc000102d80d.jpg?imageView2/2/w/80/format/jpg,老张,,2024-06-,9,3,27,河南中路上有条百年老弄堂，就是位于河南中路531--541弄的吉祥里，它也是上海千百万石库门中的一条里弄，有砖木二层结构17幢，1876年竣工，属于早期的石库门里弄住宅。吉祥里的装饰意味很浓厚，不论是大片青砖墙与水泥装饰线条的搭配，厢房立面上的几何装饰花纹，还是天井外墙上的中式琉璃花窗，都甚为精美。建筑单元采用行列式排列，单元为三间两厢，内设天井的形制，石料门框配黑漆厚木门扇。单元与单元之间采用风火山墙分隔，并且装饰有西式的装饰构件。或许由于是上海市优秀历史建筑的缘故，吉祥里的外观保存情况甚佳，很难令人相信眼前的是已然经历了一百四十多年风雨的老房子。#记录我的城市 #最美上海 #周末去哪儿 #上海老建筑 #上海城市考古 #上海旅行 #上海石库门 #随手拍 #上海经典老建筑 #建筑设计
中华战舞丨英歌舞,https://www.xiaohongshu.com/explore/67b73c90000000000703670e?xsec_token=ABZfJUFHjrmCXTJH-yWPxzwKlRObwmPmZ5FFx8mkNu34Q=&xsec_source=pc_feed,5b635b5d7afe9700011265db,https://sns-avatar-qc.xhscdn.com/avatar/1040g2jo315r1q5p01a004a8hobdlqpereb2s7d8?imageView2/2/w/80/format/jpg,爱摁快门的小潘,,编辑于 02-,10,8,30,前几天在杭州的吉祥里看到了潮汕英歌舞。它不愧为中华战舞，几位舞者以独特的步伐和身法将英歌舞展现给观众，时而如蛟龙出海，刚劲迅猛，时而似彩凤展翅，灵动轻盈。看到这样的演出也是感慨中华文化的传承真的非常的重要！杭州吉祥里位于杭州祥符桥附近，这次春节他们举办的活动都非常的精彩，是值得大家关注并且一去的文化街区。#唱跳迎新春 #这才是过年该有的气氛 #国粹 #杭州旅游 #浙江旅游 #传统文化 #民族文化 #民族风 #春节档影评大赛 #摄影 #潮汕英歌舞 #英歌舞把年味拉满了 #民俗文化 #民俗 #川剧变脸 #弘扬戏曲文化 #武术 #自古英雄出少年 #民族元素运用 #弘扬国粹传承民族文化@杭州吉祥里@杭州吉祥里@浙江文旅 @杭州文旅
避开人群🔥人少景美🌟杭州小众遛娃地,https://www.xiaohongshu.com/explore/66a1d4000000000005004efe?xsec_token=ABqjzoyaQJmeZdHWsOLuEtfPYpejm4Jl6W0aisReMHWtI=&xsec_source=pc_feed,5aa48a39e8ac2b7fdb6102c8,https://sns-avatar-qc.xhscdn.com/avatar/64872a519cf4c9c14e108cc4.jpg?imageView2/2/w/80/format/jpg,汉堡很忙,,2024-07-,105,5,106,🌈不想去人挤人，想要一个既小众又惬意的地方遛娃，来来来，告诉你个好去处，上周带娃去了祥符桥传统风貌街区，老街新造，适合遛娃散步，还可以解决晚饭，吃完饭后漫步河边，打发夏日的夜晚	📍地址：绿城吉祥里（祥符桥传统风貌街区）🚇地铁：十号线花园岗站B出口，步行10分钟🅿️停车：有地下停车场，2h免费，超出5r/小时⏰开放时间：全天开放	🔮业态：有书店、美学生活空间、餐厅、奶茶店、咖啡馆、酒吧、茶室、涂鸦滑板的运动场地等	🔹落日音乐会：周末的晚上会在桥头树下举办落日音乐会，晚风徐徐，音乐缭绕，让自己放松一刻，汉堡坐着听了40分钟不肯走	🔹花食酒肆：这里还有小河直街同款的花食酒肆烤肉店，在小河直街嫌人太多就可以来这里不用排队	🔹夏日限定泳池：有专门为儿童放置的游泳池，工作人员打上漫天的泡沫，泡沫喷出的一刹那，孩子们都兴奋得尖叫	🔹露天电影：在鸟檐餐厅外有露天电影，还是吸引了一波大小朋友围观	🔹山外事茶吧：在祥符老街的z高处，可以爬上去看街区全景，享一杯香茗，适合放空自己，另外茶吧下的树木，晚上有很漂亮的球形灯，适合拍照	🎨游玩tips：◽️带宝宝的姐妹记得做好驱蚊工作◽️爱拍照的姐妹可傍晚去，灯火辉煌的祥符桥陷入了浪漫的氛围，拍照很出片◽️要是还没逛尽兴，还可以去周边游玩：拱墅运河体育公园➡️1.7km大兜路历史文化街区➡️4.2km小河历史文化街区➡️4.6km小河公园➡️5.2km拱宸桥西历史文化街区➡️5.4km	#周末去哪儿 #杭州遛娃好去处 #杭州周末去哪儿 #杭州旅游 #杭州拍照 #杭州小众景点 #祥符老街 #历史老街 #杭州祥符桥 #杭州老街
杭州祥符里/吉祥里历史街区,https://www.xiaohongshu.com/explore/67a83596000000001902dede?xsec_token=ABAX63Uf2tMq63c4obpWHjwOSL1UWHGJuReVhxtqLPvBQ=&xsec_source=pc_feed,5a213750e8ac2b4e455ba975,https://sns-avatar-qc.xhscdn.com/avatar/1040g2jo31f8cm8qvmi6g4a01borl1abl9co5u60?imageView2/2/w/80/format/jpg,柯柯,,02-,23,0,21,🎉 位于杭州市拱墅区的祥符里历史街区/吉祥里，经过精心改造，保留了街区的传统风貌，同时注入了现代活力。🏛️ 祥符里拥有约800年历史的祥符桥，是宋代运河文化的重要传承地。这里曾是老工业区和城郊结合部，现在则焕发出了新的生机。🌿 设计理念是在保留街区“市井”风貌的基础上，激发活力。古建元素与现代风格相融合，江南风韵与新潮业态碰撞，打造出独特的祥符记号。🎨 街区将围绕祥符市井文化、花木文化、茶道文化展开，引入美术馆、餐饮、滑板运动品牌等业态。这不仅为周边城市提供了高品质公共空间，还为老旧街区引入了外部人流，激发了活力。[鼓掌R][鼓掌R]不过街区现在人气还不旺，入驻的商业业态不够丰富，希望以后会越来越好。#逛大家的春节庙会 #新年探新店 #新年版citywalk #杭州逛街 #杭州人少
赴一场古韵晚安茶,https://www.xiaohongshu.com/explore/6661395300000000150115c3?xsec_token=AB2qPQ2bTqluYJhcNYQ5A7-LHaxGgii4j9CEgUx19Llh4=&xsec_source=pc_feed,5b86a8be065847000170cdeb,https://sns-avatar-qc.xhscdn.com/avatar/1040g2jo312fq8sof6m6g4als1gkbtjfb8579uq0?imageView2/2/w/80/format/jpg,行之,,2024-06-,2,3,8,偶然路过，想起他们家的茶冻吸引我一时，便去坐坐，没想到惊艳了我！[哇R]	进店后茶艺师姐姐们亲切的接待了我们，并带着我们参观了一遍茶室一进门就看到了超多茶叶种类（以后我也要把茶袋收集起来！）还有尺八、葫芦丝、古琴等传统乐器茶点做的超级精致，老板说出品会以模型为准~👍🏻茶室分两块区域，有公共和包厢区，公共区不定期还有讲座开放，很期待！	✨茶冻中红茶的滋味非常明显，配上桂花蜜糖，恰到好处的甜，恰到好处的味~[飞吻R]	整体古色古朴的装修，又与现代的风格融合的恰到好处外面是周边小区的居民活动的场所，茶室属于是闹中取静了!整体茶室的氛围很舒适平和，真真宝藏茶室！！！[赞R][赞R][赞R]#茶香慰人心 #茶香 #绿城吉祥里 #茶室 #安利 #茶冻@山外事茶生活
才知道的🔥杭州新晋地标网红墙❗️必去1️⃣,https://www.xiaohongshu.com/explore/6676f831000000001e0134b7?xsec_token=ABU1m9aht-DL9zrvD65Jsg3mkrUqWiVAhX_diPKhW4Mh0=&xsec_source=pc_feed,5fff9c80000000000100b954,https://sns-avatar-qc.xhscdn.com/avatar/1040g2jo313gshi64j8005nvvji009eakns2kia0?imageView2/2/w/80/format/jpg,红星出行记👣,,编辑于 2024-06-,172,39,281,📍打卡九宫格杭州地标第一篇🗺️ 路线在图三哦 ，免费打卡1️⃣第一站 绿城吉祥里杭州地标墙	不是很好玩，就是去打了个卡，就是一个刚建好的小街区，类似于小区周边商街那样，就花了10分钟左右就走了2️⃣第二站 运河天地公园地标打卡地	标准的公园，直接走到拱宸桥也不是很远，适合下午去溜达，找地方到完事大概花了20分钟3️⃣第三站 拱宸桥附近财神庙门口地标打卡地	拱宸桥标准的江南风格古街道，沿着街道走就到里面的一个财神庙，地标墙就在财神庙的门口，这里不光可以打卡，还比较适合慢悠悠的逛一下，可以花1个小时左右4️⃣第四站 丝联166文创园	丝联166文创园原址是杭州的丝联厂房，建于20世纪50年代，文创园在保留原有厂房结构的基础上进行了改造，去的时候人很少，不过里面拍照非常好看，建议这个去打卡一下，大概需要30-60分钟。	其实丝联路边上很近还有一个小河直街的地标墙的，由于下午赶时间而且饿了就没有去，留给第二篇地标墙打卡吧[微笑R]，最后去吃了拱墅区大兜路142号的江南驿，很好吃赞一个，冲冲冲	#周末去哪儿 #小众旅行地 #摄影搭子 #旅行 #人文景点分享 #一日游 #说走就走 #吃喝玩乐 #周末好去处 #小众旅游
杭州拍照📸 | 吉祥里提前感受杭城跨年氛围,https://www.xiaohongshu.com/explore/67709634000000000b00f0ff?xsec_token=ABE8r7raCOiB0LziIZu28qnXJCGrw7pg43KEUp_Mu1-wE=&xsec_source=pc_feed,550838072e1d9301dc6291b4,https://sns-avatar-qc.xhscdn.com/avatar/1040g2jo311svk8791s00406vpos0f4dkaokocjo?imageView2/2/w/80/format/jpg,Eagle-杰,,2024-12-,73,48,147,🎏传承800年的徽州非遗瞻淇鱼灯空降祥符老街的吉祥里一场提前跨年氛围的瞻淇鱼灯巡游点亮了整个街区！由2条4米的大鱼10余条小鱼组成的巡游队伍年味也在舞动的鱼灯中渐渐来临今天拿着相机📷提前感受下跨年氛围杭州今年的跨年活动挺丰富期待下#我镜头下的年味儿 #我的城市换上新年 #用影像定格烟火人间 #杭州拍照 #杭州周末去哪儿 #城市摄影 #跨年拍照 #开始期待跨年了 #瞻淇鱼灯 #祥符老街@杭州吉祥里 @瞻淇鱼灯@摄影薯 @薯队长 @日常薯 @城市情报官
杭州的这堵墙，绝了,https://www.xiaohongshu.com/explore/67c40b26000000000900cf7a?xsec_token=ABL8KzIFM-M7E1I7LPn4oXoFwUaNPv339ZqwGtooj2nnc=&xsec_source=pc_feed,5560ae96e58d1303049d6849,https://sns-avatar-qc.xhscdn.com/avatar/1040g2jo30rjijdla2g0040luhjn9cq29rn6m6lg?imageView2/2/w/80/format/jpg,Balala,,编辑于 03-,11,9,16,#哪吒之魔童闹海 #小红书庙会 #涂鸦墙 #他们说这里很火 #不撞南墙撞北墙 #偶遇街头艺术 #街头有噱头 #发现另一个视界#杭州旅游
在杭州 | 吉祥里天台音乐会🎵,https://www.xiaohongshu.com/explore/672f874f000000001901717f?xsec_token=ABeFXqXdYbb2LOpTAYtUalzt0c_gRc_OTx6Ej88i6Km7Y=&xsec_source=pc_feed,56f87c881c07df06e9695e7b,https://sns-avatar-qc.xhscdn.com/avatar/646a5362ff69debaf5690138.jpg?imageView2/2/w/80/format/jpg,果果的麻麻是布布,,2024-11-,0,0,1,晚饭到家门口看见对面停了好多车于是决定去一探究竟一到那里发现果然很精彩啊靠近长廊和碗池河边广场有烟火大会看完烟火大会以为就结束了准备绕到碗池溜达回家结果还有天台快闪音乐会～还得是吉祥里主办方会玩～	据说明天晚上六点四十五还有一场～住的不远的可以来玩啊～今天又是家门口溜达的一天～#音乐会 #一座城市一场演出 #杭州 #杭州旅游 #杭州周末去哪儿 #杭州周末好去处 #去听一场音乐会 #杭州网红打卡地 #杭州亲子游杭州遛娃
起猛了❗❗在吉祥里看到了徽州非遗瞻淇鱼灯,https://www.xiaohongshu.com/explore/6770eb2a000000000b0162fb?xsec_token=ABE8r7raCOiB0LziIZu28qnRToAcvtW61df6L-pfi-QTg=&xsec_source=pc_feed,5fc07027000000000101d608,https://sns-avatar-qc.xhscdn.com/avatar/1040g2jo31aac2jlkna0g5nu0e0jgblg8ihmomco?imageView2/2/w/80/format/jpg,范侃侃 影像科学,,编辑于 2024-12-,6,15,71,两条2条4米长的瞻淇鱼灯巡游整个社区10余条小鱼尾随其后周围人山人海热闹非凡📍杭州.吉祥里📆2024.12.29✨我是一名行走的咛游摄影师 关注我，可以看到更多杭州美景﻿#我镜头下的年味儿﻿ ﻿#我的城市换上新年﻿ ﻿#用影像定格烟火人间﻿ ﻿#杭州拍照﻿ ﻿#杭州周末去哪儿﻿ ﻿#城市摄影﻿ ﻿#跨年拍照﻿ ﻿#开始期待跨年了﻿ ﻿#瞻淇鱼灯﻿ ﻿#吉祥里﻿﻿﻿﻿@杭州吉祥里﻿ ﻿@瞻淇鱼灯﻿ ﻿@薯队长﻿ ﻿@日常薯﻿ ﻿@城市情报官﻿﻿
杭州9个地名打卡攻略‼️朋友圈都问疯了,https://www.xiaohongshu.com/explore/66eaccb2000000001e018b77?xsec_token=ABs-cZqvCLYMg7loaNxrnmvRiUqm1zULVHi-G5BDS2NsE=&xsec_source=pc_feed,60bc40470000000001002010,https://sns-avatar-qc.xhscdn.com/avatar/1040g2jo310rd5ktrme005o5s813g880g67gqbv8?imageView2/2/w/80/format/jpg,白日梦想家,,2024-09-,555,54,756,来杭州旅行不要光拍西湖了，下面这9个“杭州”机位，朋友圈都问爆了	✅057壹号码头✅桥西直街财神庙✅粮仓艺术公园✅丝联166✅绿城吉祥里✅运河天地✅武林夜市✅白蓝地✅小河直街	#杭州周末去哪儿 #杭州打卡 #杭州拍照 #杭州地标 #杭州旅游 #杭州旅行攻略 #时尚打卡地 #拍照打卡 #浪漫生话的记录者 #杭州网红打卡地
散步,https://www.xiaohongshu.com/explore/67f29201000000001c02c266?xsec_token=ABJ0S15QuZA3iwBy-OM7qtunzTAujjfmJOsJ_JtCrEhx8=&xsec_source=pc_feed,5bb709bb18e5970001479838,https://sns-avatar-qc.xhscdn.com/avatar/1000g2jo2hllgnoeiu06g4baear4rn61oiln4qf0?imageView2/2/w/80/format/jpg,立夏,浙江,04-06,1,0,2,吉祥里还是很适合散步的，古色古香的商场，却有让人安静的力量。晚风轻轻吹过脸颊的时候，就会暂时忘记生活的烦恼耶！河那边的亭子里有一位奶奶咿呀咿呀唱歌，一位爷爷在和声～真希望时间暂停，能不能放假久点啊～～～#夜晚的风景 #散步爱好者 #饭后走一走
,https://www.xiaohongshu.com/explore/67a5cf02000000001701fd01?xsec_token=ABG7K5CXmBFtdR-TSuccXe4oroTwE_MwqOFqTKVXia8_I=&xsec_source=pc_feed,61a5218700000000210282b7,https://sns-avatar-qc.xhscdn.com/avatar/c94b2589011be6d87bfbbbf21db9e2a0.jpg?imageView2/2/w/80/format/jpg,三戒,,02-,0,2,1,绿城吉祥里有空可以去溜达溜达，目前为止小河对面还在开发、期待[微笑R]
吉祥里-祥符老街,https://www.xiaohongshu.com/explore/66f12ea7000000001902f252?xsec_token=AB1Ni--NV7Cu28CeyYPvG0F3VF1sr7DStthhZxFQjUenE=&xsec_source=pc_feed,602daa1e000000000101ed4a,https://sns-avatar-qc.xhscdn.com/avatar/1040g2jo30qdnt4b0g65g5o1dl8f0braacqmrt28?imageView2/2/w/80/format/jpg,大宋录影司,,编辑于 2024-12-,0,0,4,地方不是很大，周围的居民逛逛挺不错的#杭州 #拱墅区 #杭州citywalk #杭州周末去哪儿
杭州小众特色文化街区|绿城吉祥里2,https://www.xiaohongshu.com/explore/665b4695000000001401afa8?xsec_token=AB6gGjoeqjfQT4EZD3G4x1JrghxYk_zv3zSAGzfkV5bug=&xsec_source=pc_feed,5a9d5a45e8ac2b18ce52d1ab,https://sns-avatar-qc.xhscdn.com/avatar/1040g2jo3115usqe3me004a34fid4bkdbc1fbbko?imageView2/2/w/80/format/jpg,爱拍照的伶儿,,2024-06-,5,3,11,最近🔥出圈的＃绿城吉祥里＃适合朋友休闲聚聚，更适合拍照打卡，每一个角落每一个角度都能出大片，风景太美一个作品照片根本发不完，感兴趣的朋友可以打开上一个作品＃绿城吉祥里 1＃看看	地址：拱墅区 绿城吉祥里（有地下🅿️停车场）	交通：🚌公交车到＃祥符公交站＃特色：街区内有很多🌙月亮元素，晚上亮灯时特别好看打卡：有一面火🔥出圈的网红打卡墙，拍照打卡绝对出大片#杭州小众景点 #杭州小众旅游地 #杭州小众拍照 #摄影 #杭州旅游 #杭州历史街区 #杭州历史文化街区 #杭州休闲 #杭州拍照打卡地#杭州拍照圣地 #杭州朋友聚会 #杭州美食推荐 #杭州特色街区 #
杭州两天一夜旅游攻略｜路线景点全干货‼️,https://www.xiaohongshu.com/explore/662ce6f30000000004019b09?xsec_token=ABVzKbVrvqMEd9f0gEBnNQ1IVFiqhD2cYIUPvRPu7QLc0=&xsec_source=pc_feed,5c8a1b1c0000000010037e06,https://sns-avatar-qc.xhscdn.com/avatar/1040g2jo31e5fted816005n4a3ce46vg6nld19e8?imageView2/2/w/80/format/jpg,小怪同学,,2024-04-,1649,19,2443,📍总要去趟杭州吧，吹吹西湖的晚风🍃感受烟雨江南之美🌿两天一夜之行附游玩攻略📝.游玩路线👣（简易版）1⃣️灵隐寺——法喜寺——西湖——大塘集鲜椒鱼蛙2⃣️杭州博物馆——杭州植物园——棒老二烈火烤活鱼——绿城吉祥里——小河直街.小TIPS🤫1⃣️证件🪪：记得带好自己的身份证和学生证，很多景点学生证都有优惠2⃣️交通🚴：大多数都是公交和自行车3⃣️住宿🏨：可以选择在西湖边，交通便利4⃣️衣物👗：近期天气可能比较炎热，防晒和帽子记得带好#杭州 #杭州旅游 #杭州攻略
是谁还不知道祥符老街周末🈶花朝节,https://www.xiaohongshu.com/explore/67e67bf1000000001b0389bc?xsec_token=ABMhYCRYrjokpKG2KBOLIu0tU15e1gnW8rnfwot8AKEHg=&xsec_source=pc_feed,63eb18ab00000000270373d1,https://sns-avatar-qc.xhscdn.com/avatar/643cf5a54ebc500001375ecc.jpg?imageView2/2/w/80/format/jpg,杭州吉祥里,浙江,编辑于 03-28,6,0,8,#祥符老街#来吉祥里逛花朝节#杭州旅游#绿城吉祥里 #陈喜悦
吉祥里-祥符老街,https://www.xiaohongshu.com/explore/66f12ea7000000001902f252?xsec_token=AB1Ni--NV7Cu28CeyYPvG0F3VF1sr7DStthhZxFQjUenE=&xsec_source=pc_feed,602daa1e000000000101ed4a,https://sns-avatar-qc.xhscdn.com/avatar/1040g2jo30qdnt4b0g65g5o1dl8f0braacqmrt28?imageView2/2/w/80/format/jpg,大宋录影司,,编辑于 2024-12-,0,0,4,地方不是很大，周围的居民逛逛挺不错的#杭州 #拱墅区 #杭州citywalk #杭州周末去哪儿
100个优秀创意产业园案例｜杭州绿城吉祥里,https://www.xiaohongshu.com/explore/6721da730000000019016860?xsec_token=AB64ATEDRsFOa0YFC0J_dT6wehvi4edAvpZ7PdL2sWSF4=&xsec_source=pc_feed,651b8ef0000000002402fe5e,https://sns-avatar-qc.xhscdn.com/avatar/1040g2jo319hdsdk3ng405p8rhro95viub8p51l8?imageView2/2/w/80/format/jpg,米果集团七章公园,,编辑于 2024-10-,4,0,10,总体量:2.3万方愿景：“留住杭城的烟火气”的美好愿景	定位：将祥符桥历史保护建筑与河道景观融为一体，成为杭州拱墅区又一处文旅新地标业态：以“市井生活、艺文社交、潮趣大赏”三大业态，打造“日间文雅、夜间鲜潮”的品质生活场	五大功能空间 : 河 街 宿 社 养在这里有商业的消费场景、有民宿酒店的业态、有文化产业的落地、还有康养业态的引入，但更重要的是这里还有旧时杭州市井的味道。	在这充满江南格调的吉祥里，低矮的乌瓦黛墙枕水而建，老桥、粮仓等历史建筑保留着原有的样貌。	围坐在店门口烤火的商家、在祥符桥头拍照的舞蹈团、暖阳下磕着瓜子的周边居民……这些画面都是老底子杭州人最熟悉不过的。
祥符老街—绿城吉祥里,https://www.xiaohongshu.com/explore/67b1d095000000002503d52f?xsec_token=ABnVNssQBBG13ez9os06-W59ex5DbNsoYdvK8SoUu1XkM=&xsec_source=pc_feed,54917997b4c4d672a7e6a050,https://sns-avatar-qc.xhscdn.com/avatar/5d80e00a0832c40001259765.jpg?imageView2/2/w/80/format/jpg,Bubbles_oo0,,02-,1,0,1,📍2025.02.15赶了个晚集，毕竟一个年都没在杭州，晚上有滚灯舞+最新奇的英歌舞没拍照片～整条街的布置好看程度还是可以的，拍照片+吃饭还是不错的，亲子娱乐+闲逛的店铺偏少…但是活动办的还是很不错的～#好好过年大赏 #本地特色街区
杭州老城逆袭计划｜十三湾巷变身人文新地标,https://www.xiaohongshu.com/explore/67ff1d71000000001c017af2?xsec_token=ABStf14YDHyIZ0KuEkjlI2gtUT80KbRZksJd0GrabUEJk=&xsec_source=pc_feed,62b13f250000000019028a3a,https://sns-avatar-qc.xhscdn.com/avatar/62b13f250000000019028a3a.jpg?imageView2/2/w/80/format/jpg,goa大象设计,浙江,编辑于 04-16,468,35,532,"谁说老城只能活在记忆里？杭州中心区最宝藏的十三湾巷要大变身啦！这次更新要破解三大""城市病""👇🚗堵车+停车难？✅新增3处停车场+226个车位，联动周边升级共570个车位✅「20分钟步行圈」覆盖3个地铁站+46个公交站+45个小红车点✅屋顶农场使用权奖励绿色出行！骑车攒能量能换种菜资格🌱🛋️公共空间少？✅大量的街廊、外摆和「树梢街区」：聚餐、浪漫约会、看展露营、遛娃滑板✅老建筑屋顶变身「天空球场」：APP预约打球，节假日秒变市集✅静水厅永不落幕：脱口秀/越剧/话剧轮番上演的城市客厅✨设计师的三大魔法✅保留和恢复老城的尺度与密度，延续杭州老城小尺度、高密度的城市肌理✅四个等级的改造方案，确保老建筑安全适应新功能。用廊桥串联多个孤岛组团，屋顶到地库全打通✅青砖黛瓦配玻璃幕墙碰撞出建筑诗﻿#杭州文艺复兴﻿ ﻿#老城二次生长﻿ ﻿#十三湾巷预言家﻿ ﻿#在屋顶遇见杭州﻿ ﻿#citywalk在杭州﻿ ﻿#老城新生﻿ ﻿#杭州城市灵感﻿﻿﻿#十三湾巷剧透版﻿ ﻿#杭州城市更新﻿ ﻿#城市达人计划﻿﻿"
吉祥里：祥符老街城市更新中的烟火气！,https://www.xiaohongshu.com/explore/6777addf000000001301b2fa?xsec_token=ABANJpXGXvgpIWNobnSa9bqQrbOielZaz18_PbRC0dCx8=&xsec_source=pc_feed,62a80a4e000000001b029763,https://sns-avatar-qc.xhscdn.com/avatar/65adeb245bf2380001706844.jpg?imageView2/2/w/80/format/jpg,CS畅硕商业设计,,01-,5,0,8,吉祥里不仅保留了原有的历史风貌，更融入了现代元素，使之成为一个集茶、酒、故事于一体的文化街区。百年祥福桥、千年换塘河以及众多地堡建筑，如老茧行、老粮仓等，共同构成了吉祥里独特的城市更新内容基础。在业态引入上，吉祥里也充分尊重并延续了历史文化，使古老与现代在这里交相辉映。如果说城市更新的核心是内容产业的更新，那么吉祥里在有限的空间内，无疑将这一点发挥到了极致。在这里，你不仅可以品尝到传统的茶馆文化，还能感受到咖啡馆的现代气息。此外，吉祥里还巧妙地结合了室外露充场的设计，引入了新潮的滑板店、美术馆、网红书店等时尚元素，再加上丰富多样的餐饮美食，使得这条老街巷虽小却五脏俱全，满足了不同年龄层、不同兴趣爱好的人群需求。#商业设计 #商业 #街区设计 #城市更新#吉祥里#烟火气 #城市更新设计
2024-24 杭州祥符里历史文化街区方案文本,https://www.xiaohongshu.com/explore/66968d9500000000250052c1?xsec_token=ABoav2yEM_cE-nO0c-BKeo9rUUjZ_ucE_LVhtRWqIKBKc=&xsec_source=pc_feed,5c979bc2000000001003f757,https://sns-avatar-qc.xhscdn.com/avatar/5c979bc2000000001003f757.jpg?imageView2/2/w/80/format/jpg,营造学社,,2024-07-,51,3,49,🌟【杭州祥符里】穿越千年的市井繁华🌟🚀项目概况🚀祥符里，这座承载着杭州千年运河文化的街区，正以全新姿态迎接未来。位于京杭大运河畔，紧邻西湖与钱塘江，祥符里不仅是历史的见证者，更是现代都市生活的鲜活样本。🏙️🎨设计理念🎨我们的愿景，是让祥符里成为连接过去与未来的桥梁，留住杭城的烟火气。在这里，每一块青石板，每一座古桥，都在诉说着历史的故事，同时也融入了现代生活的节奏。📚💡设计亮点💡1️⃣ 漕运文化的活化石：祥符里保留了南宋以来的运河文化，让你仿佛穿越回那个繁忙的商贸时代，感受古桥、河水与老宅的韵味。2️⃣ 现代与历史的对话：我们在尊重历史肌理的基础上，注入现代设计元素，让传统与创新在这里碰撞，焕发出新的生命力。3️⃣ 生活美学的展现：无论是市井小巷还是文艺小店，祥符里都将是你探索杭州生活美学的最佳起点。📸快来祥符里，体验一次穿越千年的旅行吧！📸#景观设计  #建筑设计  #城市更新设计  #国风古韵  #规划设计  #历史街区  #历史街区设计
是谁还不知道祥符老街周末🈶花朝节,https://www.xiaohongshu.com/explore/67e67bf1000000001b0389bc?xsec_token=ABMhYCRYrjokpKG2KBOLIu0tU15e1gnW8rnfwot8AKEHg=&xsec_source=pc_feed,63eb18ab00000000270373d1,https://sns-avatar-qc.xhscdn.com/avatar/643cf5a54ebc500001375ecc.jpg?imageView2/2/w/80/format/jpg,杭州吉祥里,浙江,编辑于 03-28,6,0,8,#祥符老街#来吉祥里逛花朝节#杭州旅游#绿城吉祥里 #陈喜悦
失传700年 |一支竹子一万起 | 非遗人的初心,https://www.xiaohongshu.com/explore/665f372900000000150091e6?xsec_token=ABg90ZvihW9so3v5iOrtX-W9-qBCiF9MHLqY0uvMkq6fE=&xsec_source=pc_feed,5587de89b7ba227409369f6c,https://sns-avatar-qc.xhscdn.com/avatar/62894fd51d86e8539f956da4.jpg?imageView2/2/w/80/format/jpg,mailmesoon,,编辑于 2024-06-,2,3,5,[种草R]预测下，💰多多的拱墅区祥符街道重金打造的“吉祥里”将会是下一个“小河直街”。	[种草R]【山外事】是众多茶馆🍵里的特别存在，主营武夷山岩茶和红茶。茶馆主理人之一朱老师是布衣八音非遗传承人，他也在推广失传700多年的尺八。	[种草R]全国精通尺八🉐人，估计也只有200余人。	[种草R]尺八的命名源于乐器🎷尺八的长度：一尺八寸。当然尺八的尺寸在1尺六-1尺八这个区间，每增加1寸，会改变半个音节。	[种草R]不同于普通乐器🎷的观赏性，尺八和古琴一样多是演奏给自己听👂的。	[种草R]尺八盛行于隋唐，南宋时日本僧人心地觉心东渡，师从慧开法师。	[种草R]心地觉心向同在杭州黄龙洞护国仁王禅寺🉐同门师兄张参学得尺八🉐《虚铎》曲目，后回日本开创了普化宗。	[种草R]尺八在元代以后，逐渐没落，而在日本却落地生根、开花结果。日本普化宗，小乘宗都是用尺八作为修炼的禅器。	[种草R]杭州黄龙地铁口B口，有块碑，上面写着护国仁王寺遗址，背面有“尺八主庭”字样，就是杭州是尺八发源地的意思。	[种草R]朱老师吹萧时，那是平和婉转的声音。而尺八空灵悠扬，声音更加粗犷，表现力更加丰富。朱老师在传承布依八音🉐同时，也在推广尺八文化。	[种草R]茶🍵室另一位主理人黄老师，来自武夷山，深谙🍵茶叶文化。整个茶🍵🈳间，即能闻👃茶香，又能沉浸式体验失传的管乐，💗心生欢喜，乐哉！	#刻在基因里的松弛感 #乐器演奏分享 #非遗文化 #茶馆 #非遗传承 #茶 #茶馆 #新中式茶馆 #爱茶爱生活 #每日一茶
游一次杭城，你值得拥有‼️,https://www.xiaohongshu.com/explore/67f63235000000000b01c282?xsec_token=ABNf70emR75Qj4_k0_QP2fJRgqj_R-UVL51tAceqS6mkk=&xsec_source=pc_feed,5f957f340000000001009c6c,https://sns-avatar-qc.xhscdn.com/avatar/5fc3a1c57421d200017caa3b.jpg?imageView2/2/w/80/format/jpg,九月中旬,浙江,04-09,0,1,1,杭州打卡机位！就在绿城吉祥里！
天气不错 绿城吉祥里,https://www.xiaohongshu.com/explore/67fb68340000000009014602?xsec_token=ABvQXF_TQKWEZTGk4X_GSSOHDsuM3oUV8qyxf3UN9HbWQ=&xsec_source=pc_feed,5d7e42350000000001009453,https://sns-avatar-qc.xhscdn.com/avatar/5d7e42350000000001009453.jpg?imageView2/2/w/80/format/jpg,Jeremy,浙江,04-13,1,0,1,周末人也不多 走走挺舒服#城市中的桃花源 #城市中的诗意生活 #门口也有好风景
杭州免费看展丨又一美物空间🕋,https://www.xiaohongshu.com/explore/665c6136000000001401a848?xsec_token=ABb53j5ftj9Fv5d6XcekXZnokPz3KHhx-0x47BtkP1qJk=&xsec_source=pc_feed,5e22ab800000000001001b4e,https://sns-avatar-qc.xhscdn.com/avatar/1040g2jo315o7v1900k005nh2le0086qeprdfcf0?imageView2/2/w/80/format/jpg,Kate和YoYo,,2024-06-,14,88,117,藏在吉祥里的墨绿色绝美复古空间🪟分上下二层器物之美，让艺术诞生于日常🎨又是被器物治愈的一天#设计落地 #建筑空间摄影 #生活美学 #建筑设计 #拍照好去处
绿城吉祥里,https://www.xiaohongshu.com/explore/674be766000000000202b1ac?xsec_token=ABrFKj1fIgEWCKeh94edDsP-NrDb61hGxETx3zhw5it6k=&xsec_source=pc_feed,5e9974740000000001008912,https://sns-avatar-qc.xhscdn.com/avatar/1040g2jo3128jvd1g52d05nkpehq0928iscnibsg?imageView2/2/w/80/format/jpg,发现爱,,2024-12-,0,0,0,杭州绿城吉祥里‌是杭州拱墅区的新晋文旅高地和打卡圣地，位于祥符桥传统风貌街区，占地170亩。这#杭州绿城吉祥里 里以祥符市井文化、花木文化和茶道文化为特色，引入了美术馆、餐饮和滑板运动品牌等新业态，融合了传统与现代、历史与未来的新地标，无论是白天还是夜晚都值得一游。我是发现爱，感谢❤⭐#我的景点攻略 #我的旅行攻略 #找座小城慢慢游 #景点故事会 #杭州绿城吉祥里
桥还可以这么做？,https://www.xiaohongshu.com/explore/66964bb8000000000a025c1f?xsec_token=ABoav2yEM_cE-nO0c-BKeo9vZeom8z646stxRDjeLOekE=&xsec_source=pc_feed,5c0a9babf7e8b95f7973f1d7,https://sns-avatar-qc.xhscdn.com/avatar/1040g2jo319veuq23na5g4butf2dqnsenop0mqv0?imageView2/2/w/80/format/jpg,宝妈建筑设计师,,2024-07-,10,0,16,浙江杭州拱墅区的祥符里，goa建筑师设计的两座桥还蛮有意思#桥梁设计 #建筑设计 #现代桥
起猛了❗❗在吉祥里看到了徽州非遗瞻淇鱼灯,https://www.xiaohongshu.com/explore/6770eb2a000000000b0162fb?xsec_token=ABE8r7raCOiB0LziIZu28qnRToAcvtW61df6L-pfi-QTg=&xsec_source=pc_feed,5fc07027000000000101d608,https://sns-avatar-qc.xhscdn.com/avatar/1040g2jo31aac2jlkna0g5nu0e0jgblg8ihmomco?imageView2/2/w/80/format/jpg,范侃侃 影像科学,,编辑于 2024-12-,6,15,71,两条2条4米长的瞻淇鱼灯巡游整个社区10余条小鱼尾随其后周围人山人海热闹非凡📍杭州.吉祥里📆2024.12.29✨我是一名行走的咛游摄影师 关注我，可以看到更多杭州美景﻿#我镜头下的年味儿﻿ ﻿#我的城市换上新年﻿ ﻿#用影像定格烟火人间﻿ ﻿#杭州拍照﻿ ﻿#杭州周末去哪儿﻿ ﻿#城市摄影﻿ ﻿#跨年拍照﻿ ﻿#开始期待跨年了﻿ ﻿#瞻淇鱼灯﻿ ﻿#吉祥里﻿﻿﻿﻿@杭州吉祥里﻿ ﻿@瞻淇鱼灯﻿ ﻿@薯队长﻿ ﻿@日常薯﻿ ﻿@城市情报官﻿﻿
我简直要爱上杭州了,https://www.xiaohongshu.com/explore/67d68274000000001d0218a9?xsec_token=ABkzOsK42fRgDzCmFfP95ttFR1QFn9Qld_ssGtmtu2lkY=&xsec_source=pc_feed,616fdd540000000002018a5c,https://sns-avatar-qc.xhscdn.com/avatar/1040g2jo30t8uf8co3u005obfrla0j2is73usr58?imageView2/2/w/80/format/jpg,墨什么花,,03-,2,0,9,也太太太太太太好拍了！！！！太美了！！！！！还要再去无数次！！！！！	人有点懒，其实是年后不久去的，才整理出来住的地方是西湖边上的全季，出门就有公交站，入眼都是风景，图片一张都舍不得删，所以全放上了🍤没做攻略直接瞎玩，去的地址是杭州博物馆⚠️博物馆在山上，要爬一个楼梯博物馆分南北馆（图8），连在一起，里面也是楼梯相连的里面超级无敌多漂亮的文物（图9至12）还有很多可买的周边，克制下我只挑了几个（图13），但是是今天再看也很美的存在！最最重要的是，杭州还有盗墓笔记大ip（图14），按照地址去可以打卡书店，图15里的有些周边就是在书店里拍的。吃饭的话……不吃杭州本地菜还是有很多美食的（如图17这家店）18是萌妹子们会喜欢的中古店，杭州有一条街走几步路就一家。总之，杭州你就去吧，超好逛！超好买！无敌美的！	#生活 #上有天堂下有苏杭 #正是江南好风景 #杭州 #西湖美景如画 #喜欢一切美好的事物 #周末出游
起猛了！这竟是隈研吾为 HZ 打造的 fo 学院？,https://www.xiaohongshu.com/explore/67e7945e000000000e007a2d?xsec_token=ABBPbmKvls5ZliNP-3Wjx1mD1sPvBnzG0q-6Ga-eaQin8=&xsec_source=pc_feed,5ec8b6b00000000001007991,https://sns-avatar-qc.xhscdn.com/avatar/1040g2jo31g106vn400005nm8mqo08uchkr69r68?imageView2/2/w/80/format/jpg,钛戈尔,浙江,03-29,5,1,7,#记录我的城市 #现代主义建筑大师 #发现建筑之美潮音禅院@钱塘江建成后将是杭州的国际 fo 学交流中心，三座主体建筑分别代表 fo，fa，僧！📍潮音禅院地铁 1 号线下沙西站。自驾停车可选择“钱塘区生态公园”附近。#建筑学日常 #未来感建筑 #杭州 #隈研吾 #城市代表性建筑 #工业风建筑 #建筑艺术
保利时光里-杭州最强非标商业项目,https://www.xiaohongshu.com/explore/666570ad000000000e033428?xsec_token=ABmloyIJWG3qPgrHerT648Z32vQbyLlky8CZ1i2JCDDfc=&xsec_source=pc_feed,5e51ccdb000000000100574e,https://sns-avatar-qc.xhscdn.com/avatar/1040g2jo30sunbq1fk66g5nihpjdg8lqeftfimho?imageView2/2/w/80/format/jpg,小云山,,2024-06-,80,17,101,标题党一下，至少是我自认为的[笑哭R]杭州几个做得好的非标准商业项目，万科良渚玉鸟集，万科天空之城小藤街绿城吉祥里(还没去过)保利时光里。非标商业项目的定位应该是：为附近3-5公里的居民提供购物中心一样的商业消费体验，避免5-10公里的客流集中奔向某个商业综合体。但又不同于传统写字楼或者小区底层沿街商业。尽管大部分非标商业项目都是为了某个大楼盘提供商业价值继而带动楼盘价值。但做的成功的真的不多。非标商业项目要注意的，连廊的连贯性，为下雨天客流在屋檐下的动线的完整性。相比较传统购物中心，开放式街区要扩大自己的空间优势，打造更丰富多变的空间感受和更加接近自然的室外体验。在天然劣势上，必须要有额外条件加成才能给非标商业项目更大的成功概率，比如项目附近的高客质小区，字楼，公寓，地铁口联通带来巨大客流。保利时光里应该把非标项目需要的条件都具备了，并且扩大了自己的优势，还有额外加成。除了天然零售品牌的劣势外，餐饮品牌和体验业态非常好非常好非常好。
杭州9个地名打卡攻略‼️朋友圈都问疯了,https://www.xiaohongshu.com/explore/66eaccb2000000001e018b77?xsec_token=ABs-cZqvCLYMg7loaNxrnmvRiUqm1zULVHi-G5BDS2NsE=&xsec_source=pc_feed,60bc40470000000001002010,https://sns-avatar-qc.xhscdn.com/avatar/1040g2jo310rd5ktrme005o5s813g880g67gqbv8?imageView2/2/w/80/format/jpg,白日梦想家,,2024-09-,555,54,756,来杭州旅行不要光拍西湖了，下面这9个“杭州”机位，朋友圈都问爆了	✅057壹号码头✅桥西直街财神庙✅粮仓艺术公园✅丝联166✅绿城吉祥里✅运河天地✅武林夜市✅白蓝地✅小河直街	#杭州周末去哪儿 #杭州打卡 #杭州拍照 #杭州地标 #杭州旅游 #杭州旅行攻略 #时尚打卡地 #拍照打卡 #浪漫生话的记录者 #杭州网红打卡地
五一长假那里玩？祥符老街转一圈,https://www.xiaohongshu.com/explore/6632502b000000001e0392ef?xsec_token=AByGJcuJlaHqIylUO8ePAgOmr9Bf4S3KRzqY6Hb8ikYBA=&xsec_source=pc_feed,5eba9e8c0000000001004d45,https://sns-avatar-qc.xhscdn.com/avatar/6269df25b9fa318efc33c27e.jpg?imageView2/2/w/80/format/jpg,自驾无疆,,2024-05-,1,3,7,#五一长假哪里玩  #吉祥里  #杭州旅行 #尼康Z70-200f2.8
吉祥里，超适合放空自己的宝藏街区,https://www.xiaohongshu.com/explore/676510a3000000000b00d14d?xsec_token=AB8s5RoX0lUjUwIz52h3I_5mujRjE__KNQ7NEqgE0f2-g=&xsec_source=pc_feed,6411d62400000000110202c4,https://sns-avatar-qc.xhscdn.com/avatar/645ceffad770bfdfbcd646c8.jpg?imageView2/2/w/80/format/jpg,天上京,浙江,编辑于 03-31,6,3,9,照片是去年冬天拍的，不知不觉在草稿箱里放得快跨年了。类似吉祥里这样的街区杭州还有不少，给它们一些时间长成文化地标，何尝不是一种文艺复兴呢？#假日citywalk #笔记灵感 #吉祥里 #城市探寻计划 #城市小众打卡地 #发现城市新角落#城市达人计划
祥福里｜科肯金属横瓦屋面施工中,https://www.xiaohongshu.com/explore/66d08237000000001d017d9e?xsec_token=ABPljqz0gQxrDwzMjMsLg6v7UPBMZbs38sr5heLYGqc7Q=&xsec_source=pc_feed,5ec295a30000000001001fca,https://sns-avatar-qc.xhscdn.com/avatar/64b65ead26f03fa4674766ea.jpg?imageView2/2/w/80/format/jpg,KeKenqiu,,2024-08-,0,0,4,项目位于杭州市祥符单元内，距离西湖核心风景区约9km，总建筑面积约 37449.4 平方米。项目南侧的 2 号楼和 3 号楼地上地下局部建设在全国重点文物保护单位大运河 -- 祥符桥的二类建设控制地带范围内。项目建筑设计以宋代建筑的传统风貌为基调，提取文化符号。以现代的建筑材料表达传统意蕴，形成特色首席商业街区。该项目“科肯平葺金属瓦“铺装正如火如荼地进行中，屋面干净利落。期待整体完工后的最终效果。项目名称：祥福里建筑设计：浙江当代建筑设计研究院有限公司屋面面积：12000平米屋面材料：科肯平葺金属瓦项目地址：浙江省杭州市拱墅区祥符单元	#金属屋面系统 #金属瓦 #金属屋面 #横向金属瓦 #建筑设计 #商业街设计
祥符老街citywalk，杭州唯一的明代石梁桥,https://www.xiaohongshu.com/explore/66fea0e1000000002c02a120?xsec_token=AB4YNNlgEgjJfa8S4sCm55kQSaRgpUwLMnwym_7YukhU4=&xsec_source=pc_feed,613d8b2c000000000201fe01,https://sns-avatar-qc.xhscdn.com/avatar/1040g2jo3184r5f9f46605o9thcm0jvg1s6oqg48?imageView2/2/w/80/format/jpg,水穷时有你,,编辑于 2024-10-,7,11,27,祥符竟是南宋的皇家花木基地，你知道“祥符老街”的来历么？“大中祥符”，是宋真宗赵恒的第三个年号，承“祥瑞符征”之意。公元1247年，五里塘河开（宦塘河），通江达海。作为大运河水系支流，运河两岸商贾云集，形成了祥符集镇。祥符的花木名冠江南，作为花道、粮道的集散地，一度是杭州的北门重镇，如今的祥符老街，不仅藏着清末民初的祥符茧行旧址、五十年代的祥符桥粮仓，还有被列入全国文保单位的祥符桥。祥符桥横跨在五里塘河上，五孔四墩，明石暗木，始建于南宋时期。现存桥通长28米，系明嘉靖二十二年（1543）重修。作为杭州现存唯一的明代石梁桥，桥面望柱头上雕饰覆莲及石狮，技法纯熟，形象生动。为了保护祥符桥，宦塘河上又修了平波桥、卧虹桥。如今的吉祥里历史风貌街区，烟火气与潮流风尚，古朴风霜与现代意匠，在这里完美交融。#人文景点分享 #我在街巷探非遗 #杭州周末去哪儿 #杭州遛娃好去处 #杭州citywalk #国保打卡 #杭州周末去哪玩 #杭州旅游 #杭州冷门景点 #历史古迹
吉祥里一周年倒计时9天,https://www.xiaohongshu.com/explore/66a9c501000000000600e6e4?xsec_token=AB6OmC6OUTI7Bq69y6RrlV4le4I0kTdupVCIrPX6-WavY=&xsec_source=pc_feed,63eb18ab00000000270373d1,https://sns-avatar-qc.xhscdn.com/avatar/643cf5a54ebc500001375ecc.jpg?imageView2/2/w/80/format/jpg,杭州吉祥里,,2024-07-,0,0,4,#吉祥里一周年倒计时9天8.9-8.18🔜东方美学生活节一周年｜听听他们怎么说📣——————绿城吉祥里｜#壹起吉祥很city
真不是AI‼️是杭州永福寺的现实版花鸟卷😭😭,https://www.xiaohongshu.com/explore/67cd75190000000029016968?xsec_token=AB0cwSctc6-VKwaWjOmtBKXM83yPuggYk-fOaAh5yCIMQ=&xsec_source=pc_feed,5de84aeb000000000100472a,https://sns-avatar-qc.xhscdn.com/avatar/60a5eb3b2a190938d12edc1c.jpg?imageView2/2/w/80/format/jpg,云去云来LYN,,03-,1979,417,6182,不是我说，设计这个东西的人是个天才吧‼️今天和朋友去永福寺踏青被这幅现实版的花鸟图卷整个吸引住了梅花在画卷中跃然而出，还吸引来了小鸟🐦这不就是现实版的花鸟卷，山河社稷图吗😭-📍：杭州·永福寺📸：2025.3.9（目前梅花盛花期）-#浪漫生活的记录者 #杭州旅游 #杭州拍照#中式美学 #江浙沪周边游#永福寺#春天就要上春山#我拍到的治愈画面 #治愈系风景#春景里的中式浪漫 @生活薯
杭州古荡瑜伽熊猫，春天换春装,https://www.xiaohongshu.com/explore/6804ca35000000000d016fd6?xsec_token=ABzPnZo9rZZt_9kvYE45eUjYCORWbZ5yfREJbSq770WeI=&xsec_source=pc_feed,5ecf677500000000010053d9,https://sns-avatar-qc.xhscdn.com/avatar/5ecf67c75ce8e000017ed848.jpg?imageView2/2/w/80/format/jpg,杭州有意思,浙江,5 天前,10,6,72,杭州古荡瑜伽熊猫，春天换春装，大红色很适合它啊，古荡地铁口C口出门就到，有空可以去合影。﻿#杭州拍照﻿
在杭州跟着“阿六头”走带烟火气的老街吧,https://www.xiaohongshu.com/explore/66fade52000000002c02c2b4?xsec_token=ABu65uBfHrQi-VDPb2JWEQSPhkweWV9mgfUOZmKjEgwnk=&xsec_source=pc_feed,6213a2d1000000001000ada8,https://sns-avatar-qc.xhscdn.com/avatar/1040g2jo312t6qq1vlc505ogjkb8k1bd8u08phuo?imageView2/2/w/80/format/jpg,阅在杭州,,编辑于 2024-10-,1,9,5,拱墅区小河直街和祥符老街	跟着杭州电视台主持人安峰老师（阿六头说新闻）一起citywalk，地道的杭州人和杭州话让我们走过的新街老街都鲜活起来，一路上不断有粉丝上前与老师合影，安峰老师始终笑容绽放。[彩虹R]小河历史文化街区是杭州历史文化的活化石，南宋始至清代中晚期，各行各业店铺在小河地区扎下了根，民国时期小河直街进行改建，街巷和建筑风貌得以保存，现今已成为体验杭州传统文化和运河生活的好去处。安峰老师说：这里是有烟火气的。它不是纯粹的文化商业街，很多一楼是商铺，二楼是居所。	1、我在小河很想你之“考慧尔”喊你来拷会儿：小河喊您来约会啦！地道的杭州话。2、酱园：喜从天降之“酱醋油酒茶情系千家，酸甜苦辣咸香浮四季”。门口的对联是否很接地气？这家始于1860年的酱作老店，至今仍在那里传承。3、河埠头、临河井：据说当年对面酱园制酱用水就取自于临河井呢！河埠头河岸边的那一只只可爱小石鸭有何寓意？（看下面孵坊便知）4、孵坊遗址（现邈墨茶馆处）：民国时期，每年春天孵坊便开始忙碌，从甲方收取种蛋，孵化成百上千的小鸡、小鸭，从河埠头出发销往各地，远近闻名。5、小河驿国际昆曲会客厅：昆曲艺术家杨崑老师的个人工作室，是昆曲等传统文化的传播窗口，据说听一曲杨崑老师的唱腔便会通体舒坦，您不妨前往一试！6、姚宅（现簪花小院）：民国时期永达木行创始人姚金淼自行设计并建造。二层砖木结构住宅建筑，是传统住宅向近代城市住宅转型的代表。	[彩虹R]祥符老街也是拱墅区一条历史悠久的街道，它的名字来源于北宋宋真宗的年号，它是杭州北门的重镇和水陆交通的枢纽，老杭州们记忆中的那条老街还保留了茧行、粮仓、清末民居等历史建筑。2023年改造后取名“吉祥里”正式开街，改造不仅是对历史的尊重，也是对现代生活方式的融合。街区内始建于南宋、明代重建的“祥符桥”已被重点保护，近年另修建了一座新桥供人们通行，站在新桥对古桥，流水长长，是否有阅尽江南良辰之感慨！	运河  #Citywalk运河明珠  #Citywalk运河明珠读城活动 #杭州旅游 #周末去哪玩 #遛娃#逛街@Citywalk运河明珠#杭州电视台 #阿六头说新闻
偶遇杭州五福里建筑群，超有韵味！,https://www.xiaohongshu.com/explore/668ff69d000000000d00d257?xsec_token=ABFGnoy_XoehDZZrrBJ3RRKV7A_9WT53iqOOU6Kcw62r0=&xsec_source=pc_feed,5af6717ef7e8b971f6a67fca,https://sns-avatar-qc.xhscdn.com/avatar/625529ca4bd0fac438a0d89d.jpg?imageView2/2/w/80/format/jpg,Ayana,,编辑于 2024-07-,1,2,9,6.15去工人文化宫的路上发现有一片凌霄花开放，再看有个漂亮的书店➕餐厅@谢谢书香 ，接着才发现这里有个历史建筑群，叫五福里建筑群。曾经是民国时期的高档住宅区，出了龙翔桥地铁站没多远就能看到。确实地理位置很好。杭州传统石库门里弄建筑，中西风格结合，展现民国时期独特的建筑风格，青砖实砌的墙，红木格窗，各种生活物品堆在巷子里，有种生活的松弛感，充满了生活气息，绿化植被也很好看，硬骨凌霄，飘香藤，架子上还有葡萄。是个宝藏街区，很小一个但是值得去看。#日常生活里的快乐瞬间 #杭州五福里弄堂
探街 | 吉祥里一周年了，依然没什么可逛,https://www.xiaohongshu.com/explore/66c32b92000000001f03d6c1?xsec_token=ABj0tahy4sUj6TedLI_h_PUH6P9bs4QEbrYsxC-uaBuuw=&xsec_source=pc_feed,5f37be22000000000101ef22,https://sns-avatar-qc.xhscdn.com/avatar/1040g2jo3104m92kd5u605npnnoh0brp2n1kpaa8?imageView2/2/w/80/format/jpg,Deep travel 杭州,,编辑于 2024-08-,0,2,3,路过吉祥里，进去吃了个晚饭没什么新店，感觉还有很多关门了碰巧赶上周年庆，也没什么人气说实话，定位有点尴尬除了吃饭，喝茶人气也一般总觉得缺乏停留的理由#假日citywalk #绿城吉祥里#100家探店计划
拍过照，就算来过了,https://www.xiaohongshu.com/explore/66f6d4bc000000002c02c129?xsec_token=ABfaAAFd5uhHobGSnVT26HpW85BijCzhc_55NylhbKJrY=&xsec_source=pc_feed,5b51e2ea11be10161b8f13c2,https://sns-avatar-qc.xhscdn.com/avatar/61ac5870b6a69752ac47cbeb.jpg?imageView2/2/w/80/format/jpg,服装定制2号,,2024-09-,0,0,4,绿城的吉祥里…真的人少[笑哭R]这个时候来杭州，还是长裤长裙吧…蚊或虫真的多…[笑哭R][笑哭R][笑哭R]…虽然不冷不热，但是短裤真的不敢穿出去[睡觉R][睡觉R][睡觉R]小河直街可以遛遛，水上巴士可以去武林码头坐到拱宸桥体验一下…明天游西湖[睡觉R][睡觉R][睡觉R]
吉祥里花朝节,https://www.xiaohongshu.com/explore/67f0be69000000001c035264?xsec_token=ABi-JBsyEg5uOzUmjrWMNNzoDICGZh8NsHg6UaiNt6TvM=&xsec_source=pc_feed,5fba36ff0000000001001674,https://sns-avatar-qc.xhscdn.com/avatar/f01d4d04-f2c0-37b4-a9c1-ce6f8a37ddac?imageView2/2/w/80/format/jpg,马华in杭州,浙江,04-05,0,3,3,人少好逛，还有巡游，快来。#来吉祥里逛花朝节
最近的杭州为何满城飘香,https://www.xiaohongshu.com/explore/680a04a1000000001c0284c5?xsec_token=ABhTvYXL1Twuh54Iqun_i5q2bJS-E3_aONRITlnmhJzWo=&xsec_source=pc_feed,63c5152500000000260064b5,https://sns-avatar-qc.xhscdn.com/avatar/63c515a05fae1e563597e854.jpg?imageView2/2/w/80/format/jpg,美丽浙江,浙江,1 天前,2,2,82,最近的杭州为何满城飘香，你闻到了吗？ （供稿：杭州综合频道）﻿#花开千万里﻿
散步,https://www.xiaohongshu.com/explore/67f29201000000001c02c266?xsec_token=ABJ0S15QuZA3iwBy-OM7qtunzTAujjfmJOsJ_JtCrEhx8=&xsec_source=pc_feed,5bb709bb18e5970001479838,https://sns-avatar-qc.xhscdn.com/avatar/1000g2jo2hllgnoeiu06g4baear4rn61oiln4qf0?imageView2/2/w/80/format/jpg,立夏,浙江,04-06,1,0,2,吉祥里还是很适合散步的，古色古香的商场，却有让人安静的力量。晚风轻轻吹过脸颊的时候，就会暂时忘记生活的烦恼耶！河那边的亭子里有一位奶奶咿呀咿呀唱歌，一位爷爷在和声～真希望时间暂停，能不能放假久点啊～～～#夜晚的风景 #散步爱好者 #饭后走一走
杭州吉祥里 天台音乐会,https://www.xiaohongshu.com/explore/67b40e64000000000603ab7e?xsec_token=ABJ6gZHt8HRHXVE2Cst70cAOpC7UAwX5NoAN0sx3MMc-4=&xsec_source=pc_feed,5d180aa200000000120048d3,https://sns-avatar-qc.xhscdn.com/avatar/5fe08eeff3588a906482e9ba.jpg?imageView2/2/w/80/format/jpg,乐泓玩转杭州,,02-,0,0,2,吉祥里周末的活动可谓丰富多彩，看完了潮汕英歌舞。在几何书店的二楼，三位古装美女小姐姐天台音乐会正上演着，唱的都是耳熟能详的邓丽君的歌曲，听着音乐，摇曳身姿，甚是惬意。
瞻淇鱼灯｜旧岁迎新，所来都在吉祥里,https://www.xiaohongshu.com/explore/676fdcb500000000090147e1?xsec_token=ABXlVz1ee92BQJzZMq-Bb1d2FKCuraa2kdLSqolwAIUJw=&xsec_source=pc_feed,55842ced67bc652a6b7a865e,https://sns-avatar-qc.xhscdn.com/avatar/1040g2jo31gickvroj80040rb9kmer1iuai6onq8?imageView2/2/w/80/format/jpg,Vimi Young,,2024-12-,26,19,72,#鱼灯 #古韵新弄潮#杭州跨年#元宵奇妙游尽显人间烟火气 #千灯夜唱烟火人间#生活需要仪式感 #元宵奇妙游尽显人间烟火气#千灯夜唱烟火人间 #吉祥里 #瞻淇鱼灯	7:30 还有一场哦
在自己策展的屏风装置前打个卡🌸,https://www.xiaohongshu.com/explore/67d2c1340000000009038da4?xsec_token=ABJCX7w-GRyABB_TEpPplQskPgwZ0sNbuDMGUzw9v_U1o=&xsec_source=pc_feed,5f9d464a000000000100b4dd,https://sns-avatar-qc.xhscdn.com/avatar/5f9d464a000000000100b4dd.jpg?imageView2/2/w/80/format/jpg,妮可甜藥方,,03-,27,2,46,2025年春节申遗，中国传统文化又掀起了一波“纹样”新浪潮。这次和杭州宋韵文化地标“南宋德寿宫遗址博物馆”深度合作了一次新春艺术展陈项目。/以“屏风”开局，聚焦“纹样”之美，B.B.S@BBS创意工作室 企划了【喜纹乐见 . 屏行世界】东方美学系列艺术展首展。这也是我们团队推出的文旅IP“艺术年”全新企划项目。/我认为【喜纹乐见 . 屏行世界】是对传统文化的一个致敬，更是一种东方智慧与现代审美的激情碰撞。对于选择“屏风”+“纹样”作为此次展览美陈部分的创作背景，完全取决于团队本身对传统文化再创新的高度认同感。/希望今年可以创作更多以【新中式纹样】为题的作品，在已巳年里传递“喜巳连连”的美好生活！[耶R]#非遗里的中国年 #原创设计 #艺术展览 #传统文化 #纹样 #纹样设计 #设计图库 #屏风 #美陈 #新中式@艺术薯
地标杭州绿城吉祥里,https://www.xiaohongshu.com/explore/66be7351000000001e01cd86?xsec_token=ABslbWQEKKLW1vPmnaP-lYQOfbZucpLxuZ-R1Izfmm618=&xsec_source=pc_feed,5be6f131ff52660001543e76,https://sns-avatar-qc.xhscdn.com/avatar/63a707ae392ac7c3d2838b5d.jpg?imageView2/2/w/80/format/jpg,神奇滴NaNa,,2024-08-,0,0,2,"打卡“杭州”地标——绿城吉祥里，古色古香，环境优美，围绕宋韵生活、艺术潮流、户外自然等主题，持续开展国风运动会、花神集会、游园市集等活动，并在近日获评2023—2024年拱墅区文化创意街区，成为文旅消费的新兴聚集地。吉祥里是国内为数不多的由古建筑保护、旧街区改造和新商业开发组成的一个复合体，凝结着杭州的城市情结。在规划设计时，充分吸纳“水""元素，在河两岸铺出两条开放式的滨水商业街区。适合闲暇时逛吃逛吃拍照打卡☺️#杭州出片地标 #拍照打卡 #逛吃逛吃 #日常拍照 #日常打卡"
,https://www.xiaohongshu.com/explore/67dcd511000000000900f916?xsec_token=ABAEVK-6rCUnpg2TgVZOV1nMm8sL797Gvyy7m402ttPAU=&xsec_source=pc_feed,62dfe1b9000000001f006cc1,https://sns-avatar-qc.xhscdn.com/avatar/1040g2jo31ghg5ngpjo005omvs6snor6106v3it0?imageView2/2/w/80/format/jpg,【别院来信】,,03-,0,0,0,春天到啦！祥符桥吉祥里，花神活动22号正式开启
找到这个打卡点，被人笑话一辈子,https://www.xiaohongshu.com/explore/676ffdec000000000900e80c?xsec_token=ABXlVz1ee92BQJzZMq-Bb1d_Lfx1C_f2x9aH8C3bzHcEE=&xsec_source=pc_feed,642c39140000000010026460,https://sns-avatar-qc.xhscdn.com/avatar/1040g2jo31c98edut0k605p1c74a44p30n9uf4eo?imageView2/2/w/80/format/jpg,等等噔噔噔,,2024-12-,13,12,282,#哈哈哈就是我的出片方式 #为了拍照有多拼 #到此一游留下美好的回忆 #有一个地方只有我知道被吉祥里烟火骗去了，到了又说zf不让放，鱼灯规模也小小的，但是发现这个神级打卡点跟上海那个“操”有的一拼[哇R][哇R][哇R][哇R]
穿着汉服去巡游。,https://www.xiaohongshu.com/explore/67f1246b000000001c003d8a?xsec_token=ABbRLyStF0xXjJfogYfqUl8y9b7X40aj2kzpuXRDhn7sQ=&xsec_source=pc_feed,626d260c0000000021020cb1,https://sns-avatar-qc.xhscdn.com/avatar/62a95f6779ae913db1358a8a.jpg?imageView2/2/w/80/format/jpg,南美洲虾条,浙江,04-05,0,0,2,来这里吃舟山海鲜面，竟然碰到了绿城吉祥里的十二花神巡游，运气针不戳啊。#汉服走向世界 #体验古装的美 #穿着汉服去赏花 #原来穿上汉服可以这么美
,https://www.xiaohongshu.com/explore/67b29872000000001800a980?xsec_token=ABlubN3cMkpDan-AQBsWfI9oV1Iq6GscWXDmKZ-guVu8o=&xsec_source=pc_feed,5cc6335d0000000011018e9c,https://sns-avatar-qc.xhscdn.com/avatar/5f27cc9d0daafa0001e4d9ac.jpg?imageView2/2/w/80/format/jpg,认识杭州,,02-,0,0,8,元宵节·杭州吉祥里（祥符老街）爆燃英歌舞（下）上期说了有所谓不武不英歌，潮汕英歌又被誉为中华战舞。确实英歌是一种糅合南派武术、‬地方戏剧等多种元素为一体的民间舞蹈。英歌舞流传至今已有300多年的历史，它取材与歌颂于中国民间广为流传的梁山好汉的英雄故事，英歌即英雄之歌简称。英歌舞通过刚劲有力的舞步和锣鼓的节奏，展现英雄豪迈之气，传递正义与勇气。舞的畅快爽朗，舞的荡气回肠，舞的慷慨激昂。本组图片中均是20岁左右的英歌舞者，更是荷尔蒙爆棚，敲锣打鼓与击棍起舞有使不完的劲。你若在现场一定会被英歌舞所感染，吉祥里主办者在宣传招贴画中称：“潮汕英歌，热血贺岁，最强元宵气氛组”。一点没说错，英歌将元宵气氛直接燃爆。本组图片于2025年2月14日元宵节晚，拍摄于杭州吉祥里的英歌舞。#吉祥里 #祥符老街 #潮汕英歌舞 #春晚城市图鉴 #非遗里的中国年 #我眼中的非遗年 #摄影 #英歌舞把年味拉满了 #传承地方民俗文化
空中音乐会开“盲盒”🤩,https://www.xiaohongshu.com/explore/67b0946600000000290262cc?xsec_token=AByIu5fzWxEe44DAu-gXvPKrHkFcmIqUXnAbco1bnSHLY=&xsec_source=pc_feed,56985a024775a71ef4943023,https://sns-avatar-qc.xhscdn.com/avatar/1040g2jo310qh8qlu6g00455hhld04c13crh2m2g?imageView2/2/w/80/format/jpg,小雨新发现,,编辑于 02-,2,0,23,杭州市上城区湖滨 in77 西子连廊，浙江省文化馆携手众多艺术单位打造 “文艺赋美” 盲盒音乐会看过现场，真的有惊喜#当然要记录啊 #万万没想到 #浙江文旅宣推官#杭州旅游 #音乐会 #黑神话悟空#电影#黑科技#记录吧就现在#去听一场音乐会
,https://www.xiaohongshu.com/explore/67b29872000000001800a980?xsec_token=ABlubN3cMkpDan-AQBsWfI9oV1Iq6GscWXDmKZ-guVu8o=&xsec_source=pc_feed,5cc6335d0000000011018e9c,https://sns-avatar-qc.xhscdn.com/avatar/5f27cc9d0daafa0001e4d9ac.jpg?imageView2/2/w/80/format/jpg,认识杭州,,02-,0,0,8,元宵节·杭州吉祥里（祥符老街）爆燃英歌舞（下）上期说了有所谓不武不英歌，潮汕英歌又被誉为中华战舞。确实英歌是一种糅合南派武术、‬地方戏剧等多种元素为一体的民间舞蹈。英歌舞流传至今已有300多年的历史，它取材与歌颂于中国民间广为流传的梁山好汉的英雄故事，英歌即英雄之歌简称。英歌舞通过刚劲有力的舞步和锣鼓的节奏，展现英雄豪迈之气，传递正义与勇气。舞的畅快爽朗，舞的荡气回肠，舞的慷慨激昂。本组图片中均是20岁左右的英歌舞者，更是荷尔蒙爆棚，敲锣打鼓与击棍起舞有使不完的劲。你若在现场一定会被英歌舞所感染，吉祥里主办者在宣传招贴画中称：“潮汕英歌，热血贺岁，最强元宵气氛组”。一点没说错，英歌将元宵气氛直接燃爆。本组图片于2025年2月14日元宵节晚，拍摄于杭州吉祥里的英歌舞。#吉祥里 #祥符老街 #潮汕英歌舞 #春晚城市图鉴 #非遗里的中国年 #我眼中的非遗年 #摄影 #英歌舞把年味拉满了 #传承地方民俗文化
一夜鱼龙舞丨在杭州也能看到鱼灯啦,https://www.xiaohongshu.com/explore/676feb5c000000000800df8a?xsec_token=ABXlVz1ee92BQJzZMq-Bb1dzwnd3INLyuJUCSAlf4W528=&xsec_source=pc_feed,602f3a3a0000000001009f32,https://sns-avatar-qc.xhscdn.com/avatar/1040g2jo31fg3iru96e005o1f78t097pi1naemh8?imageView2/2/w/80/format/jpg,我不是小妖怪,,编辑于 2024-12-,2,11,15,🎈杭州其实很少有这种非遗的项目，所以当知道有这种鱼灯表演的时候，便期待上了。	🎈活动是在绿城吉祥里，我们到的时候就四点多了，有不少的圣诞的装饰，还有些积印章的活动，可惜太火爆了，连续两次都没有领到卡片。	🎈各个地方都装饰了灯笼之类的东西，晚上灯一亮，非常有味道。五点的时候，还有古筝表演，喷射了不少的泡沫，非常像雪花。	🎈鱼灯活动五点半开始，真人山人海，太多人了。前面举牌子的大娘，像是赶场子一样，跑的贼快，和后面部队都脱节了。	🎈大鱼灯就两个，不过后面跟了一群小鱼，挺好玩的。总体来说。主办方搞的不错，各种氛围挺赞的，值得一看。	🏠地址：拱墅区祥符街道祥符路与大吉路交叉口向北30米🚗交通：比较便利，2号线三墩站下车🐼附近：拱墅运河体育公园、浙大艺术与考古博物馆	#鱼灯 #吉祥里 #杭州吉祥里 #杭州非遗#瞻淇鱼灯巡游 #瞻淇 #杭州拍照 #今日分享 #我的随手拍 #杭州遛娃好去 #周末遛娃想 @本地薯 @人文薯 @艺术薯 @生活薯 @摄影薯 @小红书创作助手 @小红书创作学院 @华为手机摄影
杭州吉祥里逛花朝节真好玩!,https://www.xiaohongshu.com/explore/67ef9aa9000000001c00156f?xsec_token=ABglFQxRNzkPxb4TrkBkG5VdbDFXD_zesCDwea5Nrcr5c=&xsec_source=pc_feed,5f758bad0000000001003483,https://sns-avatar-qc.xhscdn.com/avatar/648d4c297cc2803f0e60597c.jpg?imageView2/2/w/80/format/jpg,雨雾朦朦,浙江,04-04,0,2,2,#来吉祥里逛花朝节 开心!来玩了!
绿城吉祥里：祥符长桌宴,https://www.xiaohongshu.com/explore/6708bdd3000000001a022201?xsec_token=ABCLZZ-C2sfQW0UJeAGyESXNQK16ONEALVSAxeKsH7jsE=&xsec_source=pc_feed,64e6efc7000000000100546e,https://sns-avatar-qc.xhscdn.com/avatar/1040g2jo315t3p7a1he005p76tv3g8l3el9pk660?imageView2/2/w/80/format/jpg,绘羽,,编辑于 2024-10-,5,3,19,绿城吉祥里坐落于杭州祥符路与大吉路交叉口，建筑融合传统江南院落与现代元素，低密且空间规划合理。有几何书店等文艺店，老头油爆虾等美食店。集文化与商业于一体，独特又迷人。	在这古风庭院与现代设计融合的商区举办了祥符长桌宴，让大家相聚于此。先来说说菜品。杭州卤鸭，那浓郁醇厚的卤汁完全沁入鸭肉之中，每一口都散发着独特的酱香，鸭肉鲜嫩多汁。糖醋里脊，外酥里嫩，酸甜可口的酱汁包裹着里脊肉，一口咬下去，先是酥脆的外皮在齿间发出声响，接着是嫩滑的肉香在舌尖散开。猪肉炖粉条，粉条吸满了猪肉的香味，猪肉肥而不腻，入口即化。小鲍鱼烧茄子，鲍鱼的鲜美与茄子的软糯完美融合，鲜香味美。金汤酸菜鱼，鱼肉鲜嫩爽滑，金汤酸辣开胃，让人欲罢不能。生炒黄牛肉，牛肉火候恰到好处，嚼劲十足，香气四溢。等等菜品，饮品有精酿啤酒、咖啡，气泡水等畅饮。	吉祥里繁华街区，却有着闹中取静的惬意。古色古香的屋檐与现代的商铺相得益彰。在这里，既能品尝到美食，又能感受独特的地域文化。如果你来这座城市，一定不要错过吉祥里，已入驻品牌，老头油爆虾，奈雪，星巴克，觅香火锅，人类的明天等等，一起city起来	#杭州绿城吉祥里#杭州长桌宴#杭州吉祥里#杭州生活#传统文化#九九重阳节#长桌宴#社区活动#吉祥里潮玩街区 #杭州旅游
,https://www.xiaohongshu.com/explore/67b18fd4000000001902e191?xsec_token=ABnVNssQBBG13ez9os06-W56WzChXItSNjJwvbYi3iddg=&xsec_source=pc_feed,5cc6335d0000000011018e9c,https://sns-avatar-qc.xhscdn.com/avatar/5f27cc9d0daafa0001e4d9ac.jpg?imageView2/2/w/80/format/jpg,认识杭州,,02-,1,2,6,元宵节·杭州吉祥里（祥符老街）爆燃英歌舞（上）杭州现在春节与元宵节与以往相比活动多太多了，以前过年通常举办个灯会猜灯迷，最多来个舞狮舞龙已经是很喜庆的事了。现在除了保留这些传统年俗活动之外，这新增添了非遗打铁花、风火轮、火壶、盒子灯、舞渔灯、变脸、傩戏表演与英歌舞等，杭州市区这过大年的几乎集全了中国民间年俗的所有传统活动。以前说城里过春节没有年味，现在年味足的很，有些甚至比农村年味还浓，热闹的很。本组图片于2025年2月14日元宵节晚，拍摄于杭州吉祥里的英歌舞非常劲爆。有所谓不武不英歌，潮汕英歌又被誉为中华战舞。如果你亲临现场，英歌舞绝对会让你血脉贲张，热血沸腾。密锣紧鼓与舞者击棍声和吆喝声，仿佛回到了韩信点兵的古战场……也许是我孤陋寡闻，除了陕北大鼓，很少有像英歌舞的锣鼓声给人以热血震撼的压迫感，那是一种视生死置之度外，勇士赴汤滔火奋勇向前的浴血奋战气势。何为热血？英歌是也。为了烘托英歌舞的气氛，图片后期作了电影色调的处理。杭州吉祥里#祥符老街 #潮汕英歌舞 #非遗里的中国年 #我眼中的非遗年 #传承地方民俗文化 #民俗文化
羡野美术馆里藏着一个布拉格小剧场,https://www.xiaohongshu.com/explore/664f39ee000000000500632d?xsec_token=ABiVwIfv4yklLi2_gJ1ofHdNUVJ_P3YsBzr47f-7RtJ3Q=&xsec_source=pc_feed,5ad182dce8ac2b68e75bf779,https://sns-avatar-qc.xhscdn.com/avatar/646b0e3fa2a62523b5dcc913.jpg?imageView2/2/w/80/format/jpg,夏小暖Summer,,2024-05-,26,11,42,城北老街改造而成的新片区——吉祥里“羡野美术馆”坐落于这个街区趁着近期有新展开幕去逛了下去年住明月松间的时候有认识“羡野”这个品牌整个美术馆分三层，结合了艺术商店、展览空间和公共活动区用色和材料大胆前卫螺旋式的金属感楼梯如同任意门原来地下还藏着一个更大的展览空间布拉格红的小房间像是欧洲的小剧场后台光影效果唯美动人忍不住和闺蜜互拍了起来，简直戏精上身😄	🏚️ 空间设计：利落建造 lialawlab 丽娅📷 @教主	———tips 羡野美术馆🖼️ 展览：mundane /小线 张剡锋⌛️展期：2024.5.18 (六) - 7.18 (四)🕐 时间：14:00 - 19:00丨周一闭馆📍 地址：杭州市拱墅区祥符南街268号5幢103室	#小红书艺术漫游 #杭州看展 #杭州旅游 #美术馆 #今日是看展人 #每日艺术分享 #杭州展览打卡 #周末去哪儿 #杭州探店 #艺术一分钟 #拍照超美的展览 #艺术空间
花开吉祥，蔷薇月季花廊，咘咘带着飞过春天,https://www.xiaohongshu.com/explore/680a2192000000001c0163dc?xsec_token=ABhTvYXL1Twuh54Iqun_i5q3f4k0C_z_HKip25akRPuV4=&xsec_source=pc_feed,64884a72000000001f00454b,https://sns-avatar-qc.xhscdn.com/avatar/1040g2jo30rmvpvutie6g5p4899p7ohabmipue48?imageView2/2/w/80/format/jpg,不停逛的云,浙江,编辑于 1 天前,0,0,2,吉祥里，不是工作日 就略显清冷。当然还是有点雨，太热闹 会不能独享一树花。这里的花是个人赛，当然也有小团队。最漂亮的是中心位置，诗与远方造型后面，两个小巧的月季长廊，基本上成人是不能走进去的，恰好可以转圈圈。可惜几何书店那里还没有月季花攻略：公交坐到祥符桥站，走到五里塘河边。时间早可以看古祥符桥，作为全国重点文保，包含在大运河遗址里。她比拱宸桥还古老。#咘咘cupboo #宠物机器人 #最美丽的风景在路上 #赏花正当时 #街角遇到的春天 #百花齐放春满园 #吉祥里 #祥符桥 #不止旅行 #杭州夜色 #历史街区 #杭州citywak #宠物机器人评测
,https://www.xiaohongshu.com/explore/67f4e6c4000000001c00c0b0?xsec_token=ABUJa1C-dn5Q7aJCW0p_pUUK8fM55qNRpOhzrvfskhix4=&xsec_source=pc_feed,590b3b5f82ec396b9b7ecaca,https://sns-avatar-qc.xhscdn.com/avatar/c94b2589011be6d87bfbbbf21db9e2a0.jpg?imageView2/2/w/80/format/jpg,陶佳萍,浙江,04-08,0,0,0,2025年4月4日夜，杭州市拱墅区，祥符桥街区268号，绿城吉祥里。	花开吉祥祥符花朝节之十二花神巡游盛典。
杭州西湖,https://www.xiaohongshu.com/explore/67ea37a2000000001c03dc6d?xsec_token=ABR1ryDK37U3Ppe1s2w37a-tY6DatLXqEOoAKIzU-Mb2M=&xsec_source=pc_feed,5d270ab90000000011017fb8,https://sns-avatar-qc.xhscdn.com/avatar/1040g2jo31escbhipls6g5n971askavtoe65ttso?imageView2/2/w/80/format/jpg,菠萝君🍍,天津,03-31,21,3,61,一日游路线：从湖滨三公园出发，沿湖岸步行至柳浪闻莺，欣赏湖边柳色与黄莺啼鸣；接着前往雷峰塔，参观这座标志性建筑并俯瞰西湖景色；再乘坐游船前往三潭印月，打卡一元人民币背面图案取景地；下船后到花港观鱼，观赏红鱼在水中畅游；然后漫步苏堤，感受湖光山色；之后前往曲院风荷，夏季可赏荷花盛开；再到孤山公园，参观西泠印社等古迹；最后经白堤返回，路过断桥残雪。- 两日游路线：第一天游玩湖滨三公园、柳浪闻莺、雷峰塔、净慈寺、南屏晚钟、花港观鱼、苏堤等景点。第二天从断桥残雪出发，走过白堤到孤山公园，游览平湖秋月、西泠印社等，接着前往曲院风荷，再去岳王庙，最后可到杨公堤、茅家埠等地，欣赏西湖别样风光。交通指南- 外部交通：外地游客可选择乘坐飞机抵达萧山国际机场，再通过机场大巴、地铁等方式前往西湖；或乘坐火车到杭州站、杭州东站，杭州站距离西湖较近，出站后可步行或乘坐公交前往。- 内部交通：西湖周边有完善的公交网络，可到达大部分景点；还可选择地铁，龙翔桥站、凤起路站等离西湖较近；此外，景区内有电瓶车，招手即停，方便快捷。住宿推荐- 奢华型：杭州西子湖四季酒店隐匿于西湖深处，环境优美；杭州法云安缦是禅意茶园古村风格，充满特色；罗莱夏朵·杭州紫萱度假村隐迹于林水之间，还拥有米其林餐厅。- 亲子型：绿城·杭州玫瑰园度假酒店有孔雀和黑天鹅，适合带孩子游览；杭州千禧度假酒店亲子设施齐全，恒温泳池很赞。- 美景型：浙江西子宾馆·汪庄·西湖名园近靠湖边，景色宜人；杭州西湖国宾馆·西湖第一名园窗外湖光山色，美不胜收。美食推荐- 杭帮菜餐厅：杭州酒家的东坡肉、知味观·味庄的蟹酿橙、楼外楼的西湖醋鱼都是经典杭帮菜，值得一试。- 特色小吃店：方老大面的茄汁拌川、奎元馆的虾爆鳝面，深受当地人及游客喜爱。
,https://www.xiaohongshu.com/explore/67962016000000002602eb67?xsec_token=ABS3YR-64ii1SCQymj4uvNZl72C8CAFB7-Fkgri5FG-Qc=&xsec_source=pc_feed,5ca552e0000000001101968c,https://sns-avatar-qc.xhscdn.com/avatar/1040g2jo31fa273eon0005n55abg4b5kc6efnut0?imageView2/2/w/80/format/jpg,lsblE1314,,01-,0,0,2,杭州打卡拍照📸📍运河天地📍绿城吉祥里📍杭州之门
美爆了！是谁还不知道祥符老街也有花船快闪,https://www.xiaohongshu.com/explore/67ecc81d000000001c030bcd?xsec_token=ABhs3lWDzRUH1EiWi_ltYDBmjgUEwynIYFg4cAEMGOgG8=&xsec_source=pc_feed,63eb18ab00000000270373d1,https://sns-avatar-qc.xhscdn.com/avatar/643cf5a54ebc500001375ecc.jpg?imageView2/2/w/80/format/jpg,杭州吉祥里,浙江,编辑于 04-02,2,0,4,春水碧于天，画船听雨眠专为花朝节打造的花船快闪持续到4月6号，赶紧穿上汉服来拍大片！4月4日-4月6日，还有花神巡游、花朝集章、芳菲市集…现场超级好逛！	tip:穿汉服加入花神巡游还有伴手礼哦，欢迎各位同袍来吉祥里过春天！#春天开幕式 #绿城吉祥里 #祥符老街 #坐着游船逛集市 #春花遇上中式建筑 #穿着汉服去赏花 #来吉祥里逛花朝节
杭州拱墅吉祥里，遛娃独处拍照逛展好去处,https://www.xiaohongshu.com/explore/66652112000000000d00d177?xsec_token=ABmloyIJWG3qPgrHerT648Zw35YLdKO2wfllwoC_seaYE=&xsec_source=pc_feed,5efbd30d00000000010046d7,https://sns-avatar-qc.xhscdn.com/avatar/1040g2jo312t717sg5c005nnrqc6g8hmnkimo2m8?imageView2/2/w/80/format/jpg,MMaoCafe猫叔咖啡-杭州,,2024-06-,2,0,2,经过将近一年的开业时间，吉祥里商业街越来越社区化，很多人来遛娃，也有人来看看书、喝杯咖啡交流。我们新增了手工制作和花艺。也是为了更好的去体验。遇上夏季，我们还出品了鲜花x咖啡组合、围炉缤纷水果茶。#杭州 #咖啡 #杭州遛娃好去处 #阅读
城西的网红吉祥物换新啦,https://www.xiaohongshu.com/explore/66f107fb000000001b0209ff?xsec_token=AB1Ni--NV7Cu28CeyYPvG0F3d4O4yFe7rIgkT1OxCDNPk=&xsec_source=pc_feed,5f43bc090000000001002da7,https://sns-avatar-qc.xhscdn.com/avatar/6383a16c616f861688182c22.jpg?imageView2/2/w/80/format/jpg,Vivian的文艺小世界,,编辑于 2024-09-,8,9,19,城西古荡地铁口的绿植吉祥物，继一年的绿兔子，开花的兔子🐰后，换新成了“跳舞”的小熊猫🐼，囧囧憨憨的样子太可爱了。	#吉祥物 #城市的一百种玩法 #假日citywalk #杭州热门 #熊猫 #绿植 #景观 #网红打卡地#古荡地铁口
,https://www.xiaohongshu.com/explore/67b29826000000001800a77b?xsec_token=ABlubN3cMkpDan-AQBsWfI9sOPNKyCOzagvY0u7kbTgBU=&xsec_source=pc_feed,5cc6335d0000000011018e9c,https://sns-avatar-qc.xhscdn.com/avatar/5f27cc9d0daafa0001e4d9ac.jpg?imageView2/2/w/80/format/jpg,认识杭州,,02-,1,0,4,元宵节·杭州吉祥里（祥符老街）爆燃英歌舞（下）上期说了有所谓不武不英歌，潮汕英歌又被誉为中华战舞。确实英歌是一种糅合南派武术、‬地方戏剧等多种元素为一体的民间舞蹈。英歌舞流传至今已有300多年的历史，它取材与歌颂于中国民间广为流传的梁山好汉的英雄故事，英歌即英雄之歌简称。英歌舞通过刚劲有力的舞步和锣鼓的节奏，展现英雄豪迈之气，传递正义与勇气。舞的畅快爽朗，舞的荡气回肠，舞的慷慨激昂。本组图片中均是20岁左右的英歌舞者，更是荷尔蒙爆棚，敲锣打鼓与击棍起舞有使不完的劲。你若在现场一定会被英歌舞所感染，吉祥里主办者在宣传招贴画中称：“潮汕英歌，热血贺岁，最强元宵气氛组”。一点没说错，英歌将元宵气氛直接燃爆。本组图片于2025年2月14日元宵节晚，拍摄于杭州吉祥里的英歌舞。#吉祥里 #祥符老街 #潮汕英歌舞 #非遗里的中国年 #我眼中的非遗年 #传统手艺过春节 #摄影 #传承地方民俗文化
一年了，写写杭州最爱的餐厅,https://www.xiaohongshu.com/explore/6809aa8b000000001d002a62?xsec_token=ABQRUM0QsVTLFMGfxcWMGZOvOTVijXky3ea7VQOPfLyKM=&xsec_source=pc_feed,5656dc29b8ce1a63deb90a20,https://sns-avatar-qc.xhscdn.com/avatar/6247f7fddb93218e07a45580.jpg?imageView2/2/w/80/format/jpg,家书js,浙江,编辑于 昨天 07:46,127,29,180,昨晚又在鸟檐喝到12点。我们几个人每月会在这里聚一次，吃闫师傅准备的各种好看的鱼，和苏师傅在那扇玻璃后面烤的烧鸟。漫长的聊天，碰杯子，一次次把那个很重的板前椅子拉出来推回去。断片儿，大声笑，也哭。刚刚我打开相册，发现从一年前开始，每隔一段时间就会有在鸟檐的照片。然后就会想到，哦那天发生了那件事，她分享了那个重要的人生时刻，她唱了那首歌，她为那个人哭。就是会想到。	我第一次去，就知道还会有无数次。你不得不相信磁场、纠缠、化学反应这种事。我一直都和别人说，鸟檐的食物是杭州天花板。其实，虽然已经去过那么多号称是天花板的餐厅，但没有一个地方，给过我如此幸福的体验。这个幸福包括好吃，但不只是好吃。“我们来这儿不只是吃东西，我们来这儿是为了分享。”我昨天是这么和朋友们说的。“我好喜欢鸟檐呀，因为我觉得他们好尊重小朋友！”我的女儿是这么和我说的。	鸟檐的外面有一个露台，两棵好看的树，一条河，一座桥。树上挂着一些风铃。有一个晚上，喝了很多酒之后，不知道过了多长时间，风铃响起来，忽然春雷滚滚，很细的雨斜着飞过来，我看了一眼手机，3:49。有一条毯子，有一座闪光的银色屋檐。有朋友在身边。后来没有日出，但是天也亮了。	所以我不知道，我能不能把这家餐厅分享给其他人。但我祝愿你，在你的城市也能遇到这样的餐厅。为了鸟檐能长命百岁，现在我要把小红书给我提示的所有tag都给他放上。#私藏小众餐厅 #吃个漂亮饭 #美食荒漠里的绿洲 #料理 #宝藏餐厅分享 #我的氛围感餐厅 #会重复去的餐厅 #创新融合菜 #餐厅推荐 #氛围感饭厅 #那些吃到的漂亮饭 #氛围感餐饮 #杭州烧鸟#杭州日料 #杭州探店#鸟檐
,https://www.xiaohongshu.com/explore/67b18f3b000000001701ec3a?xsec_token=ABnVNssQBBG13ez9os06-W5yyosvyW_UqTb4Q4drqzzy0=&xsec_source=pc_feed,5cc6335d0000000011018e9c,https://sns-avatar-qc.xhscdn.com/avatar/5f27cc9d0daafa0001e4d9ac.jpg?imageView2/2/w/80/format/jpg,认识杭州,,02-,1,0,4,元宵节·杭州吉祥里（祥符老街）爆燃英歌舞（上）杭州现在春节与元宵节与以往相比活动多太多了，以前过年通常举办个灯会猜灯迷，最多来个舞狮舞龙已经是很喜庆的事了。现在除了保留这些传统年俗活动之外，这新增添了非遗打铁花、风火轮、火壶、盒子灯、舞渔灯、变脸、傩戏表演与英歌舞等，杭州市区这过大年的几乎集全了中国民间年俗的所有传统活动。以前说城里过春节没有年味，现在年味足的很，有些甚至比农村年味还浓，热闹的很。本组图片于2025年2月14日元宵节晚，拍摄于杭州吉祥里的英歌舞非常劲爆。有所谓不武不英歌，潮汕英歌又被誉为中华战舞。如果你亲临现场，英歌舞绝对会让你血脉贲张，热血沸腾。密锣紧鼓与舞者击棍声和吆喝声，仿佛回到了韩信点兵的古战场……也许是我孤陋寡闻，除了陕北大鼓，很少有像英歌舞的锣鼓声给人以热血震撼的压迫感，那是一种视生死置之度外，勇士赴汤滔火奋勇向前的浴血奋战气势。何为热血？英歌是也。#杭州吉祥里 #祥符老街 #潮汕英歌舞#非遗里的中国年 #我眼中的非遗年 #摄影 #英歌舞把年味拉满了 #传承地方民俗文化 #民俗 #镜头里的年味
藏在烟火气里的橙黄色的书店,https://www.xiaohongshu.com/explore/674bc5490000000008007429?xsec_token=ABrFKj1fIgEWCKeh94edDsP23Wo1-IlhptUtaDTVXE2Bo=&xsec_source=pc_feed,5ed59bca0000000001003afa,https://sns-avatar-qc.xhscdn.com/avatar/1040g2jo31fi7j2b0ni005nmljf508enqidg6dl8?imageView2/2/w/80/format/jpg,字里行间的金小禾,,2024-12-,0,0,1,好久没逛书店了，发一个前段时间去逛的书店——几何书店。	在吉祥里，街区不大，五脏俱全。餐饮、小店、闲坐、遛娃，都可以实现。	最意想不到的可能就是这家几何书店了吧！在吉祥里的里面，有露台的两层小楼，乍一看，栅栏上好像有字，仔细一看是“几何书店”，文艺的味儿有了。（请原谅散光人士，裸眼有时候真的一眼没看到）[害羞R]	一楼喝咖啡☕️，几张椅子，有阳光时，随意坐坐，晒晒太阳，好不惬意。走上旋转楼梯，便是二楼书店的空间。	说起这个旋转楼梯，就像脱口秀里“和女友旅行热衷住loft”一样，哪个爱拍照的女孩子不热爱楼梯，并且还是旋转楼梯，简直是要尖叫的节奏！这旋转楼梯的扶手是凹凸不平的白色矮墙，好像在一步步走进童话里精灵的家！在这里穿古灵精怪的衣服，肯定很出片。	二楼书店蛮宽敞的，在最显眼的地方，摆放着最近热门的书刊。往里面走，做成拱形的走廊一面墙上装了两排橙黄色透明亚克力隔板，摆放着书籍和小物件，另一面贴满橙黄色长条瓷砖的半墙上放得一排整齐的外文书，至于卖不卖，就不知道了，或许有些是珍藏的呢！	再往里面走，是书架的地方了。经济、哲学、儿童、少年、文学、艺术和文创，还有两张小圆桌。走到里面回头一看，发现刚走过的那个拱形走廊旁边还有一个拱形走廊，这或许就是读者会莫名喜欢上某个地点的原因吧！	继续转回到旋转楼梯的上来的地方，一排书架上摆满了考公的资料。也对，诗与远方也要先吃饱肚子。“存在即合理。”这些书也没什么！	二楼书店可以去露台，露台很长，摆了许多桌椅，能想象得出，天气好的时候，和朋友家人在这里喝喝咖啡、聊聊天，看看旁边追逐的孩子，生活的美好就这么脑补出来了！即便是自己一个人，随手拿一本书看看，保不齐就遇到了喜欢的，阴天晴天也无所谓了！	其实几何书店最大的惊喜是在二楼有一间很宽敞的剧场，里面有小朋友的桌椅，可想这里一直有孩子们的欢乐；看到有投影，或许这里也有大人的笑声。在这样的书店里，还有专门的空间去容纳人们对共同喜爱的渴望，实属难得！	趁着初冬阳光☀️还暖，不如去这里重构我们的精神角落。	#重构我们的精神角落 #那方阅读空间 #让我怦然心动的小书店 #书店 #书店推荐 #杭州 #几何书店 #周末 #书籍 #阅读
【圣地巡礼】杭州就是一个巨大的邦邦,https://www.xiaohongshu.com/explore/67c047b4000000002901b90e?xsec_token=ABdf1sWuZkAu2zvXZZisM7Id2PjhfVGeNSqORdH7oQyds=&xsec_source=pc_feed,63592c82000000001802fd6b,https://sns-avatar-qc.xhscdn.com/avatar/6389356fafc5a697bf29a012.jpg?imageView2/2/w/80/format/jpg,不依居士,,编辑于 03-,32,6,113,祥睦桥：地铁5/10号线和睦站A出口出站后沿萍水东街向东北方向步行至运河吉如睦祥公寓：祥睦桥沿东北方向转入严家桥街，位于吉如家园南门旁华祥桥：地铁3号线华丰路站出站，于西南侧换乘125路或99路公交车，在华祥桥站下车，沿华中南路往北步行至留石高架路下方长睦家苑：地铁3号线丁桥站D出口花园BOX、花园岗街、花园岗大厦、花园岗地铁站：地铁10号线花园岗站#圣地巡礼 #邦邦 #bangdream #mygo #杭州
🔥2025杭州清明假期活动大合集‼️,https://www.xiaohongshu.com/explore/67ed6285000000001b0256a6?xsec_token=ABbnorjyUAdNbjbsgIarNGBC6qakJl9cQo-GJcG6q4nwA=&xsec_source=pc_feed,5d6b71ab00000000010017b2,https://sns-avatar-qc.xhscdn.com/avatar/1040g2jo31glh1i4r3u6g5nbbe6lg85tiu8uggjo?imageView2/2/w/80/format/jpg,杭州潮会玩,浙江,04-03,33,3,49,清明假期活动合集来了❗️快带上你那些平时班味很重的朋友一起来这里玩吧🤩🤩——————1️⃣大娃怪市🕑时间：4月4日-4月6日 13:00-22:00📍地址：杭州湖滨银泰in77E区5F🚇地铁1号线“龙翔桥”C口步行300m🎫：19.9起大娃怪市终于又来杭州了！让我们在各种奇趣怪异的商品里，各种复古风、潮流范的穿搭里一起享受这个充满惊喜的奇幻世界😆-2️⃣杀青角色only展🕑时间：4月4日📍地址：杭州市杭州大厦中央商场B2南面策展区🚇地铁一号线/三号线武林广场D口仅限cos杀青角色或杀青角色亲友入场，🤩微剧本杀、集章互动游戏，随机舞蹈、coser表演等你来玩！-3️⃣凤凰里咖啡生活节市集🕑时间：4月4日-4月13日📍地址：杭州市·上城区凤凰里手作达人/独立品牌/文创艺术/轻食咖啡/非遗传承/趣味互动超多有趣的摊位等你来逛🤩-4️⃣野雀咖啡面包节🕑时间：4月3日-4月7日12:00-20:00📍地址：杭州玉鸟集🎫：🆓杭州咖啡面包脑袋速来玉鸟集集合‼️咖啡香浓面包真的太诱人！-5️⃣祥符花朝节春日盛宴🕑时间：4月4日-4月6日📍地址：吉祥里🎫：🆓花神巡游、花神走秀，百花齐放，真的太美了呜呜😭还有各种文化活动精彩纷呈，让你在赏花的同时，也能感受到浓厚的文化氛围。-6️⃣太子湾郁金香花展🕑时间：即日起-4月13日📍地址：太子湾公园🎫：🆓郁金香🌷真的太美了，随便一拍就是出片！错过了又要等一年‼️-7️⃣ 绿野小森林🕑时间：4月4日-6日（清明假期）4月12日-13日（周六周日）📍杭州长乐林场🌿 快来一场治愈系的森林奇遇吧🤩🌳森林集市，🍄蘑菇屋，森林画廊，手工工作坊等你来玩😍-﻿#杭州﻿ ﻿#杭州清明节活动﻿ ﻿#杭州周末好去处﻿ ﻿#城市活动超好玩﻿ ﻿#杭州市集﻿ ﻿#清明假期﻿ ﻿#杭州旅游﻿ ﻿#杭州周末去哪儿﻿ ﻿#周末﻿ ﻿#杭州免费活动﻿
鱼灯延腊火,https://www.xiaohongshu.com/explore/676ff4fa000000001300e411?xsec_token=ABXlVz1ee92BQJzZMq-Bb1d0u0v7CIsV0e8HEmVaucQZ8=&xsec_source=pc_feed,61f3c87700000000100047d9,https://sns-avatar-qc.xhscdn.com/avatar/1040g2jo319p70t0qni005ofjp1rk0hupt14496g?imageView2/2/w/80/format/jpg,瞻淇鱼灯,,编辑于 2024-12-,5,36,13,今晚的吉祥里[派对R]@杭州吉祥里杭州人民热情似火❤️‍🔥好多游客大老远赶来观鱼灯。#瞻淇鱼灯 #挂上灯笼便是团圆 #鱼灯 #万物皆可消化龙腾健康年  感谢大家[飞吻R][飞吻R][飞吻R]
,https://www.xiaohongshu.com/explore/67b18f3b000000001701ec3a?xsec_token=ABnVNssQBBG13ez9os06-W5yyosvyW_UqTb4Q4drqzzy0=&xsec_source=pc_feed,5cc6335d0000000011018e9c,https://sns-avatar-qc.xhscdn.com/avatar/5f27cc9d0daafa0001e4d9ac.jpg?imageView2/2/w/80/format/jpg,认识杭州,,02-,1,0,4,元宵节·杭州吉祥里（祥符老街）爆燃英歌舞（上）杭州现在春节与元宵节与以往相比活动多太多了，以前过年通常举办个灯会猜灯迷，最多来个舞狮舞龙已经是很喜庆的事了。现在除了保留这些传统年俗活动之外，这新增添了非遗打铁花、风火轮、火壶、盒子灯、舞渔灯、变脸、傩戏表演与英歌舞等，杭州市区这过大年的几乎集全了中国民间年俗的所有传统活动。以前说城里过春节没有年味，现在年味足的很，有些甚至比农村年味还浓，热闹的很。本组图片于2025年2月14日元宵节晚，拍摄于杭州吉祥里的英歌舞非常劲爆。有所谓不武不英歌，潮汕英歌又被誉为中华战舞。如果你亲临现场，英歌舞绝对会让你血脉贲张，热血沸腾。密锣紧鼓与舞者击棍声和吆喝声，仿佛回到了韩信点兵的古战场……也许是我孤陋寡闻，除了陕北大鼓，很少有像英歌舞的锣鼓声给人以热血震撼的压迫感，那是一种视生死置之度外，勇士赴汤滔火奋勇向前的浴血奋战气势。何为热血？英歌是也。#杭州吉祥里 #祥符老街 #潮汕英歌舞#非遗里的中国年 #我眼中的非遗年 #摄影 #英歌舞把年味拉满了 #传承地方民俗文化 #民俗 #镜头里的年味
🔥2025杭州清明假期活动大合集‼️,https://www.xiaohongshu.com/explore/67ed6285000000001b0256a6?xsec_token=ABbnorjyUAdNbjbsgIarNGBC6qakJl9cQo-GJcG6q4nwA=&xsec_source=pc_feed,5d6b71ab00000000010017b2,https://sns-avatar-qc.xhscdn.com/avatar/1040g2jo31glh1i4r3u6g5nbbe6lg85tiu8uggjo?imageView2/2/w/80/format/jpg,杭州潮会玩,浙江,04-03,33,3,49,清明假期活动合集来了❗️快带上你那些平时班味很重的朋友一起来这里玩吧🤩🤩——————1️⃣大娃怪市🕑时间：4月4日-4月6日 13:00-22:00📍地址：杭州湖滨银泰in77E区5F🚇地铁1号线“龙翔桥”C口步行300m🎫：19.9起大娃怪市终于又来杭州了！让我们在各种奇趣怪异的商品里，各种复古风、潮流范的穿搭里一起享受这个充满惊喜的奇幻世界😆-2️⃣杀青角色only展🕑时间：4月4日📍地址：杭州市杭州大厦中央商场B2南面策展区🚇地铁一号线/三号线武林广场D口仅限cos杀青角色或杀青角色亲友入场，🤩微剧本杀、集章互动游戏，随机舞蹈、coser表演等你来玩！-3️⃣凤凰里咖啡生活节市集🕑时间：4月4日-4月13日📍地址：杭州市·上城区凤凰里手作达人/独立品牌/文创艺术/轻食咖啡/非遗传承/趣味互动超多有趣的摊位等你来逛🤩-4️⃣野雀咖啡面包节🕑时间：4月3日-4月7日12:00-20:00📍地址：杭州玉鸟集🎫：🆓杭州咖啡面包脑袋速来玉鸟集集合‼️咖啡香浓面包真的太诱人！-5️⃣祥符花朝节春日盛宴🕑时间：4月4日-4月6日📍地址：吉祥里🎫：🆓花神巡游、花神走秀，百花齐放，真的太美了呜呜😭还有各种文化活动精彩纷呈，让你在赏花的同时，也能感受到浓厚的文化氛围。-6️⃣太子湾郁金香花展🕑时间：即日起-4月13日📍地址：太子湾公园🎫：🆓郁金香🌷真的太美了，随便一拍就是出片！错过了又要等一年‼️-7️⃣ 绿野小森林🕑时间：4月4日-6日（清明假期）4月12日-13日（周六周日）📍杭州长乐林场🌿 快来一场治愈系的森林奇遇吧🤩🌳森林集市，🍄蘑菇屋，森林画廊，手工工作坊等你来玩😍-﻿#杭州﻿ ﻿#杭州清明节活动﻿ ﻿#杭州周末好去处﻿ ﻿#城市活动超好玩﻿ ﻿#杭州市集﻿ ﻿#清明假期﻿ ﻿#杭州旅游﻿ ﻿#杭州周末去哪儿﻿ ﻿#周末﻿ ﻿#杭州免费活动﻿
藏在烟火气里的橙黄色的书店,https://www.xiaohongshu.com/explore/674bc5490000000008007429?xsec_token=ABrFKj1fIgEWCKeh94edDsP23Wo1-IlhptUtaDTVXE2Bo=&xsec_source=pc_feed,5ed59bca0000000001003afa,https://sns-avatar-qc.xhscdn.com/avatar/1040g2jo31fi7j2b0ni005nmljf508enqidg6dl8?imageView2/2/w/80/format/jpg,字里行间的金小禾,,2024-12-,0,0,1,好久没逛书店了，发一个前段时间去逛的书店——几何书店。	在吉祥里，街区不大，五脏俱全。餐饮、小店、闲坐、遛娃，都可以实现。	最意想不到的可能就是这家几何书店了吧！在吉祥里的里面，有露台的两层小楼，乍一看，栅栏上好像有字，仔细一看是“几何书店”，文艺的味儿有了。（请原谅散光人士，裸眼有时候真的一眼没看到）[害羞R]	一楼喝咖啡☕️，几张椅子，有阳光时，随意坐坐，晒晒太阳，好不惬意。走上旋转楼梯，便是二楼书店的空间。	说起这个旋转楼梯，就像脱口秀里“和女友旅行热衷住loft”一样，哪个爱拍照的女孩子不热爱楼梯，并且还是旋转楼梯，简直是要尖叫的节奏！这旋转楼梯的扶手是凹凸不平的白色矮墙，好像在一步步走进童话里精灵的家！在这里穿古灵精怪的衣服，肯定很出片。	二楼书店蛮宽敞的，在最显眼的地方，摆放着最近热门的书刊。往里面走，做成拱形的走廊一面墙上装了两排橙黄色透明亚克力隔板，摆放着书籍和小物件，另一面贴满橙黄色长条瓷砖的半墙上放得一排整齐的外文书，至于卖不卖，就不知道了，或许有些是珍藏的呢！	再往里面走，是书架的地方了。经济、哲学、儿童、少年、文学、艺术和文创，还有两张小圆桌。走到里面回头一看，发现刚走过的那个拱形走廊旁边还有一个拱形走廊，这或许就是读者会莫名喜欢上某个地点的原因吧！	继续转回到旋转楼梯的上来的地方，一排书架上摆满了考公的资料。也对，诗与远方也要先吃饱肚子。“存在即合理。”这些书也没什么！	二楼书店可以去露台，露台很长，摆了许多桌椅，能想象得出，天气好的时候，和朋友家人在这里喝喝咖啡、聊聊天，看看旁边追逐的孩子，生活的美好就这么脑补出来了！即便是自己一个人，随手拿一本书看看，保不齐就遇到了喜欢的，阴天晴天也无所谓了！	其实几何书店最大的惊喜是在二楼有一间很宽敞的剧场，里面有小朋友的桌椅，可想这里一直有孩子们的欢乐；看到有投影，或许这里也有大人的笑声。在这样的书店里，还有专门的空间去容纳人们对共同喜爱的渴望，实属难得！	趁着初冬阳光☀️还暖，不如去这里重构我们的精神角落。	#重构我们的精神角落 #那方阅读空间 #让我怦然心动的小书店 #书店 #书店推荐 #杭州 #几何书店 #周末 #书籍 #阅读
猫叔咖啡 | 书店里岩石户外风精品咖啡馆,https://www.xiaohongshu.com/explore/670244d1000000001b022587?xsec_token=ABfSvtbfCuAJR4XtuvmaaOSwq5oxSsbajJSAF2IY94ryE=&xsec_source=pc_feed,5c80f9d7000000001000ccbb,https://sns-avatar-qc.xhscdn.com/avatar/1040g2jo31bmadi3v0k0g5n40v7bk1j5rq1it5g8?imageView2/2/w/80/format/jpg,可可kk,,2024-10-,3,0,3,▪️下雨天想找安静的书店、咖啡馆坐一坐，正好路过开在几何书店里的猫叔咖啡馆·🏠MMaoCafe猫叔咖啡(杭州吉祥里店)📍吉祥里5栋公社（🅿️带地下停车场）🌲一整个岩石户外风格的精品咖啡馆，座位多层高也高，视野开阔，舒缓的音乐，真得安静惬意舒适🤎咖啡小哥是沟通障碍人士，但是点咖啡沟通交流基本没问题，做的咖啡味道也好喝，服务也不错·▪️水墨拿铁：冰的水墨拿铁，咖啡味蛮浓郁的，应该是深烘豆子，水墨拿铁很经典的国风咖啡水墨画一般，口感蛮不错的，虽是特调拿铁，但基本咖啡味很足，奶味浓郁且没有额外多余的甜度，满足不喝甜拿铁人士的口感，挺不错的#咖啡 #酸奶 #MMaoCafe猫叔咖啡 #附近咖啡
【圣地巡礼】杭州就是一个巨大的邦邦,https://www.xiaohongshu.com/explore/67c047b4000000002901b90e?xsec_token=ABdf1sWuZkAu2zvXZZisM7Id2PjhfVGeNSqORdH7oQyds=&xsec_source=pc_feed,63592c82000000001802fd6b,https://sns-avatar-qc.xhscdn.com/avatar/6389356fafc5a697bf29a012.jpg?imageView2/2/w/80/format/jpg,不依居士,,编辑于 03-,32,6,113,祥睦桥：地铁5/10号线和睦站A出口出站后沿萍水东街向东北方向步行至运河吉如睦祥公寓：祥睦桥沿东北方向转入严家桥街，位于吉如家园南门旁华祥桥：地铁3号线华丰路站出站，于西南侧换乘125路或99路公交车，在华祥桥站下车，沿华中南路往北步行至留石高架路下方长睦家苑：地铁3号线丁桥站D出口花园BOX、花园岗街、花园岗大厦、花园岗地铁站：地铁10号线花园岗站#圣地巡礼 #邦邦 #bangdream #mygo #杭州
,https://www.xiaohongshu.com/explore/6804a9c30000000009015de2?xsec_token=ABzPnZo9rZZt_9kvYE45eUjdpbH86cXf_MIwfPfrkkBHA=&xsec_source=pc_feed,67c501ba000000000a03ecb7,https://sns-avatar-qc.xhscdn.com/avatar/1040g2jo31ei2p10f0m5g5pu506t2nr5nf0028rg?imageView2/2/w/80/format/jpg,文化传承宣传账号,山东,2 天前,0,0,0,永福寺位于浙江省杭州市西湖区灵隐路法云弄16号，毗邻著名的灵隐寺，坐落在北高峰下的幽静山谷中，属杭州西湖风景名胜区的核心区域。寺院依山而建，四周古木参天，溪水潺潺，环境清幽，被誉为“钱塘第一福地”。永福寺不仅是杭州历史悠久的佛教圣地，更因其自然与人文的完美融合成为游客静心修行的理想之地。寺内供奉的佛像与多元文化元素，展现了佛教与中国传统文化的深度结合。若到访灵隐寺，不妨顺路探访这座隐于山林的“福地”古刹。详细介绍请参见图片文字介绍。﻿#寺庙﻿ ﻿#佛教文化﻿ ﻿#永福寺﻿ ﻿#浙江﻿ ﻿#杭州﻿
原创中阮曲 拥风,https://www.xiaohongshu.com/explore/671cf14900000000210044fd?xsec_token=ABdgVO1JmZ7gozD7v14qaHvYzMGWzmbXF61uk4LXVEjqk=&xsec_source=pc_feed,5fbe338f0000000001005ca8,https://sns-avatar-qc.xhscdn.com/avatar/1040g2jo313mr15u018005ntu6e7g8n58pd6vl78?imageView2/2/w/80/format/jpg,中阮Harry,,编辑于 2024-11-,91,84,426,这里即将会有一家本人开的酒馆，与山外事朱老板夫妇，宁尔，歪歪合开的花符酒肆！下周四10月31号与11.号试营业！11.4号正式营业！	地点在杭州拱墅区吉祥里山外事！10.31号与11.1号两天我们将推出中式恐怖主题的万圣节活动，有兴趣的小伙伴欢迎前来打卡，试营业期间所有酒水打折并有免费活动酒水赠送花符酒肆建立在曾经的花神庙原址，在此风水宝地每个人都会得到花神的庇护，如诺祈求幸运祛除水逆来到这里最适合不过！！另有嘉宾河伯老师鼓瑟吹箫欢迎做客✨✨✨
一边晒太阳一边喝茶，来吉祥里找我们,https://www.xiaohongshu.com/explore/672b24c7000000001a034ae4?xsec_token=ABxJMr23xyMPeGvGigzVfPh7sgScxH1ulKV9bmjKPYVDc=&xsec_source=pc_feed,63e230b60000000026011924,https://sns-avatar-qc.xhscdn.com/avatar/33bc6cb9-b9e7-354a-b537-88a1229dd6ca?imageView2/2/w/80/format/jpg,羡野atelier,,2024-11-,1,0,6,羡野茶车与户外好天气，适配度满分#茶系慢生活#羡野#羡野美术馆#吉祥里#以茶会友
一起邂逅毛绒绒的吉祥里,https://www.xiaohongshu.com/explore/67415de70000000007034842?xsec_token=ABf0aCxUaY04Bql5kWOkWARawjxq6JnZoEuGTWYYTsFl8=&xsec_source=pc_feed,63eb18ab00000000270373d1,https://sns-avatar-qc.xhscdn.com/avatar/643cf5a54ebc500001375ecc.jpg?imageView2/2/w/80/format/jpg,杭州吉祥里,,2024-11-,1,1,1,陷入童话世界🧶捕捉冬日浪漫#一起邂逅毛绒绒的吉祥里😻———————————————📍绿城吉祥里｜#吉时造趣🍁#绿城吉祥里 #来吉祥里超有趣 #毛绒绒的秋冬
羡野美术馆里藏着一个布拉格小剧场,https://www.xiaohongshu.com/explore/664f39ee000000000500632d?xsec_token=ABiVwIfv4yklLi2_gJ1ofHdNUVJ_P3YsBzr47f-7RtJ3Q=&xsec_source=pc_feed,5ad182dce8ac2b68e75bf779,https://sns-avatar-qc.xhscdn.com/avatar/646b0e3fa2a62523b5dcc913.jpg?imageView2/2/w/80/format/jpg,夏小暖Summer,,2024-05-,26,11,42,城北老街改造而成的新片区——吉祥里“羡野美术馆”坐落于这个街区趁着近期有新展开幕去逛了下去年住明月松间的时候有认识“羡野”这个品牌整个美术馆分三层，结合了艺术商店、展览空间和公共活动区用色和材料大胆前卫螺旋式的金属感楼梯如同任意门原来地下还藏着一个更大的展览空间布拉格红的小房间像是欧洲的小剧场后台光影效果唯美动人忍不住和闺蜜互拍了起来，简直戏精上身😄	🏚️ 空间设计：利落建造 lialawlab 丽娅📷 @教主	———tips 羡野美术馆🖼️ 展览：mundane /小线 张剡锋⌛️展期：2024.5.18 (六) - 7.18 (四)🕐 时间：14:00 - 19:00丨周一闭馆📍 地址：杭州市拱墅区祥符南街268号5幢103室	#小红书艺术漫游 #杭州看展 #杭州旅游 #美术馆 #今日是看展人 #每日艺术分享 #杭州展览打卡 #周末去哪儿 #杭州探店 #艺术一分钟 #拍照超美的展览 #艺术空间
沉静式翻阅｜The Bright Rose 画展手稿,https://www.xiaohongshu.com/explore/66c0d65e0000000005023b57?xsec_token=ABc7jBDGoNC4L5DnwHQDbaoHwMYZtLXf-2xwah3gHGBmE=&xsec_source=pc_feed,609f823a0000000001000d3f,https://sns-avatar-qc.xhscdn.com/avatar/1040g2jo3143aut8l1m005o4vg8t0839vm15hkho?imageView2/2/w/80/format/jpg,孙开心_,,2024-08-,21,10,109,🌹「光明的玫瑰」霹雳倍倍手稿十二城巡展📍杭州站 ！！！！地点：DEMAIN 人类的明天（绿城吉祥里）时间：8.4-8.19｜10:30-20:00	终于等到了杭州站！！整个展览最喜欢的部分莫过于那8本Sketchbook📖 忍不住用视频的形式记录下了其中最喜欢的一本 ：这本Sketchbook 有着特别多样的表达，许多页好像是倍倍画的又好像不是，更喜欢这样的状态。旧旧的回忆从纸上浮出来，静静翻阅的时候，好像和某些本属于她们的时刻有了交叠✨	#画展 #霹雳倍倍 #杭州展览 #展览分享 #手稿 #sketchbook #翻翻看
,https://www.xiaohongshu.com/explore/6665ae22000000000d00f1f7?xsec_token=ABmloyIJWG3qPgrHerT648ZyVhC1htia643u1XjHo2S0A=&xsec_source=pc_feed,63eb18ab00000000270373d1,https://sns-avatar-qc.xhscdn.com/avatar/643cf5a54ebc500001375ecc.jpg?imageView2/2/w/80/format/jpg,杭州吉祥里,,2024-06-,0,0,2,游园吉市🎇慢品人间烟火人潮涌动🥰妙遇祥符假日———#带你坠入祥符的夏夜之梦📍绿城吉祥里｜吉时入夏#杭州Citywalk #城市活动超好玩 #享受这悠闲时光 #城市浪漫地标打卡 #游玩攻略 #旅行推荐官 #夏天我和浪漫并排坐 #带上宠物去旅游
今天你喝茶了吗～,https://www.xiaohongshu.com/explore/675b876f000000000202500d?xsec_token=ABZEus2Mpi202T2QtO-OkxbZi65_X2ppPTaLg0kT-IFOk=&xsec_source=pc_feed,5d7530000000000001007b54,https://sns-avatar-qc.xhscdn.com/avatar/5f871f82a820450001348f2c.jpg?imageView2/2/w/80/format/jpg,旅行者-,,编辑于 2024-12-,1,0,3,真是个宝藏地方！隐藏在吉祥里的静谧角落，环境优雅，氛围温馨。茶艺师的专业泡茶技艺和细致入微的服务，让人仿佛置身于世外桃源。￼￼￼茶品丰富多样，这次喝的是红茶☕️花香小赤甘～～清香扑鼻，回味无穷。每一口都是味蕾的享受。在这里品茶静心，忘却尘嚣，实在是难得的惬意时光。强烈推荐！￼[耶R][耶R][拔草R][拔草R][点赞R]#年轻人喝茶 #得闲饮茶去
杭州拱墅区租房中介来！！！,https://www.xiaohongshu.com/explore/67f36f5a000000001c0318d7?xsec_token=ABr3JqlInXvZqY91WHU84oeH3_ZOqdNswGctIs0R81yWg=&xsec_source=pc_feed,5b2df943e8ac2b43fa76da62,https://sns-avatar-qc.xhscdn.com/avatar/5b2df9d8d1d3b97dc07e91d7.jpg?imageView2/2/w/80/format/jpg,w。,浙江,04-07,0,34,2,想要绿地吉祥里附近的一室户#找房子 #杭州租房 #拱墅区 #租房推荐
杭州之瞻淇鱼灯,https://www.xiaohongshu.com/explore/676ffa230000000009016a92?xsec_token=ABXlVz1ee92BQJzZMq-Bb1d-azmK5lT4JxHAI1-s17Fv8=&xsec_source=pc_feed,5dc98b40000000000100b29a,https://sns-avatar-qc.xhscdn.com/avatar/1040g2jo30o05v8c6hs605ne9hd009ckqpi920l0?imageView2/2/w/80/format/jpg,爱吃奶酪,,编辑于 2024-12-,3,5,4,太好笑太好玩儿了​就这么一个小节目​围得人山人海的​人们那叫一个热情如火​要是真过年🧨真不敢想象​有人说，我以为烟花是放天上，没想到是放地下的​说出了我的心声，期待了好久​不过有得看已经不错了还有人说，其实最好玩儿的是人一生爱凑热闹的中国人哈哈哈​就当提前跨年啦～​这是一座温润如玉，柔情似水的城市​超喜欢～希望过年可以看到绽放在夜空的烟花#年的味道越来越近 #小城有年味 #浓浓的年味越来越近了 #杭州 #瞻淇鱼灯 #瞻淇 #吉祥里 #多姿多彩的民间艺术
杭州｜偷得浮生半日闲，祥符桥的漂亮茶馆。,https://www.xiaohongshu.com/explore/67f35198000000001a0051df?xsec_token=ABr3JqlInXvZqY91WHU84oeNd90eW0EavclpeoCk7gtA8=&xsec_source=pc_feed,67b7295c000000000e01d96c,https://sns-avatar-qc.xhscdn.com/avatar/1040g2jo31e4i40m4106g5ptn55e3jmbc12l33bo?imageView2/2/w/80/format/jpg,一只豆腐圆,浙江,04-07,5,0,14,杭州大大小小的茶馆去了不少，山外事算是比较有特色的一家。这不仅仅是一家茶馆，更是一个艺术空间。	空间很大，设独立包厢，散客区，还有室外露台的景观位，春秋坐在室外很舒服。摆设方面，古朴雅致，一景一物都很有质感。	诸多的乐器陈设更是增添了几分艺术氛围。晚上变身民乐小酒吧，会有live演出 🎸。有茶🍵，有酒🍻，还有乐🎵，偷得浮生半日闲，超级Chillllll～	📍位置：祥符南街268号绿城吉祥里5号楼301室	#100家探店计划 #杭州探店 #杭州吃喝玩乐 #我身边的小茶馆 #得闲饮茶去 #杭州茶馆 #茶文化空间 #浪漫生活记录者 #出门吃茶去 #茶生活美学
杭州年味紧急撤回‼️看鱼灯夜游还是去徽州吧,https://www.xiaohongshu.com/explore/6772ae10000000001301a610?xsec_token=ABGz_GQUQDtBJPO03IBM59YAaYUsnUmNtj6o7YHCg7-sk=&xsec_source=pc_feed,62c131290000000019028ae8,https://sns-avatar-qc.xhscdn.com/avatar/1040g2jo311974gf76m405om164kmd2n828aknm8?imageView2/2/w/80/format/jpg,边南环游记,,2024-12-,3,8,19,听说杨紫主演的《家业》同款鱼灯到杭州了本来打算提前感受一下过年氛围🧨但说实话有点失望	主要踩雷点：1️⃣宣传图都是俯拍视角+老实徽派建筑外墙实际吉祥里商业街区，路边不是干净的外墙有很多杂乱的店铺灯光影响氛围感💔	2️⃣大鱼灯只有2条，几条小鱼灯🐟跟在后面新年氛围不是很浓拿小鱼灯的汉服小姐姐快和观众融为一体了观感没有网上宣传的那么惊艳	3️⃣宣传很到位，人巨多但吉祥里地方很小导致人挤人基本只能用无人机俯视才能拍到好看的画面没有设备的要做好心理准备	4️⃣烟花秀🎆取消，改成“电子”烟花秀只有一个小心形摆在地面上喷火🔥实际效果和宣传效果天差地别而且里三圈外三圈都是人根本挤不进去	📍｜导航绿城吉祥里/祥符老街🎫｜无🚘 | 杭州地铁2号线坐到三墩站A口出，步行1.6km；或地铁10号线坐到花园岗站B口出，步行1.6km	@生活薯 @城市情报官 @走走薯 @摄影薯#先出发再说 #出发就是最好的计划 #不为打卡的旅行 #我的旅行要实况 #2024旅行结算 #后劲很大的旅行地 #2024记忆存档 #小红书影像发现计划 #冬日旅行收藏夹 #藏在小城里的冬天 #好好生活大赛 #景点前方发来报道 #我镜头下的年味 #开始期待跨年了 #杭州周末去哪儿 #杭州拍照 #跨年拍照 #杭州跨年 #跨年要有仪式感 #我在街巷探非遗 #瞻淇鱼灯 #非遗鱼灯 #跨年 #元旦 #杭州吉祥里 #年的味道越来越近 #杨紫 #家业 #开始期待跨年了
王一博主演电影《热烈》取景地在杭州！,https://www.xiaohongshu.com/explore/67dd37ee000000000903acc3?xsec_token=ABnvDzKoZxOUMvwGrFPd30Npo7MNGkrjH7w4LKFOFrPoc=&xsec_source=pc_feed,67b43c1b000000000a03cfa8,https://sns-avatar-qc.xhscdn.com/avatar/1040g2jo31eaqa5vagm6g5ptk7gdinjt82395v9g?imageView2/2/w/80/format/jpg,拾取旅行记,,03-,92,2,207,正值电影重映，快一起打卡起来，看起来吧！ ﻿#王一博﻿   ﻿#王一博热烈﻿   ﻿#电影热烈﻿   ﻿#黄渤﻿ ﻿#粉丝打卡﻿
一“扇”一江南——探寻杭州非遗制扇技艺,https://www.xiaohongshu.com/explore/671e3061000000001b03fbe2?xsec_token=ABJLcE2CBYT3ueyibJolA40UhZodADT0Z9rjwUHPkD4V8=&xsec_source=pc_feed,5cb281f0000000001600baf4,https://sns-avatar-qc.xhscdn.com/avatar/1040g2jo31fm9jj00ne5g5n5ig7o5henkc93n910?imageView2/2/w/80/format/jpg,Melody yuzuru,,2024-10-,24,2,24,杭州雅扇自古闻名，在杭州诸多非遗技艺中，“杭扇”被视为杭州三绝之一。请跟随我的脚步，走进杭扇，走进制扇技艺，与非遗进行一场跨越千年的对话吧！ #非遗  #非遗传承  #非遗杭扇  #非物质文化遗产
全彩杭州1934 西湖涟漪中听见民国心跳,https://www.xiaohongshu.com/explore/6809d784000000000f031cde?xsec_token=ABQRUM0QsVTLFMGfxcWMGZOnZxxYVfBSHC9W4tNqGHGIU=&xsec_source=pc_feed,667be77b00000000030316b9,https://sns-avatar-qc.xhscdn.com/avatar/1040g2jo314gnvg0f6e6g5pjrsttgu5lpj9ueea0?imageView2/2/w/80/format/jpg,爱历史,贵州,1 天前,78,11,118,﻿#硬核作者出圈计划﻿ ﻿#历史影像﻿ ﻿#杭州﻿ ﻿#西湖﻿
小红书跟风成功‼️大爱这条杭州Citywalk路线,https://www.xiaohongshu.com/explore/66da9e42000000001e019cf9?xsec_token=ABMFLSkrPfCyWFRX3XCOVZwBFYfG7jv1kGMyI_Zhd8spk=&xsec_source=pc_feed,5b5fb117e8ac2b429b86d263,https://sns-avatar-qc.xhscdn.com/avatar/1040g2jo30t3tk64nju004a7mtpohfkj3rd8o248?imageView2/2/w/80/format/jpg,十一爱分享,,2024-09-,899,35,493,👉怎么去地铁🚇：5号线宝善桥B2出口👉游船路线坝子桥-梅花碑站🎫船票：3元，游船时间：35分钟Citywalk路线坝子桥-梅花碑站-五柳巷-德寿宫-胡雪岩故居-望仙阁-大马弄#周末去哪儿 #杭州旅游 #江浙沪周边游 #杭州遛娃 #杭州水上巴士#大自然的馈赠 #户外影像周 @生活薯 @户外薯 @本地薯
