目标词,匹配词,相似度,是否匹配
江南水乡,3+1,0.894,True
古镇,3+2,0.857,True
放慢脚步,5+2,0.873,True
消费不高,5+1,0.408,False
周末,4+1,0.676,False
踩坑,5+1,0.702,False
金属冰箱贴,2+3,0.537,False
乌镇,3+5,0.842,True
小桥流水,3+1,0.783,True
白墙黛瓦,3+2,0.719,False
船声荡漾,4+1,0.896,True
如诗如画,5+2,0.854,True
春天,3+1,0.628,False
油菜花开,3+1,0.728,True
踏春游玩,4+1,0.697,False
西栅,3+2,0.823,True
精华,5+2,0.944,True
小桥流水人家,3+1,0.803,True
亲子游,4+1,0.738,True
西栅东门地下停车场,2+3,0.704,False
桐乡火车站,2+1,0.769,True
乌镇汽车站,2+3,0.791,True
西栅大巴,2+3,0.677,False
西栅景区内民宿,2+1,0.7,False
酒店,2+1,0.663,False
清晨宁静,5+2,0.728,True
木心美术馆,2+1,0.936,True
草本本色染坊,3+2,0.749,True
定升桥,3+2,0.926,True
灵水居,2+1,0.879,True
昭明书院,2+1,0.86,True
乌镇邮局,2+1,0.658,False
龙形田,3+1,0.889,True
桥里桥茶楼,2+1,0.845,True
白莲塔,3+2,0.868,True
夜景,3+1,0.912,True
水上市集,2+3,0.66,False
早茶客,2+1,0.772,True
烟火气,5+2,0.958,True
拍照好看,5+2,0.766,True
出片,5+2,0.938,True
带娃家庭,5+2,0.837,True
小火车,2+3,0.602,False
网红树屋,2+1,0.668,False
稻草人,3+1,0.908,True
萌宠动物,2+3,0.757,True
插秧,4+1,0.776,True
射箭,4+1,0.691,False
喂萌宠,4+1,0.795,True
磨豆浆,4+1,0.912,True
扔沙包,4+1,0.769,True
钓鱼,4+1,0.672,False
儿童托管服务,2+3,0.524,False
春意读书会,4+1,0.702,False
情景戏剧,3+3,0.788,True
听书,2+1,0.803,True
看戏,4+1,0.801,True
喝茶,2+1,0.788,True
看景,4+1,0.726,True
满春夜集,4+1,0.976,True
暖锅夜酒,3+4,1.0,True
油菜花田市集,3+1,0.688,False
春茶馆,2+1,0.7,False
下午茶,2+1,0.871,True
花伴咖啡屋,2+1,0.724,True
喝咖啡,2+1,0.907,True
肆意奔跑,4+1,0.673,False
书香气息,5+2,0.745,True
酱粽,3+4,0.927,True
书生羊肉面,3+4,0.771,True
葱包烩,3+4,0.686,False
后街酒家,2+1,0.748,True
野火饭,3+4,1.0,True
运河堤上春风集,3+1,0.748,True
诗意生活,5+2,0.724,True
慢节奏,5+2,0.755,True
临水大床房,2+1,0.824,True
免费早餐,2+3,0.509,False
免费游览车,2+3,0.595,False
手摇船体验,4+1,0.795,True
扎染体验,4+1,0.718,False
乌镇民宿,2+1,0.896,True
民宿1.5米临水大床,2+3,0.471,False
开盲盒,4+1,0.546,False
临水房,2+2,0.663,False
民宿套票,2+3,0.581,False
两天大部分活动,4+1,0.489,False
入住西栅景区,2+1,0.751,True
民宿提供的早餐,2+3,0.53,False
早茶客市集,2+1,0.724,True
新市,3+4,0.882,True
历史感,5+2,0.934,True
沉浸场景,5+2,0.815,True
内容体验,5+2,0.685,False
运营能力,5+1,0.668,False
服务质量,5+1,0.472,False
怀旧情结,5+3,0.755,True
情绪,5+3,0.645,False
审美价值,5+2,0.729,True
文化财富,3+3,0.601,False
古镇原貌,3+2,0.832,True
童年的梦,5+3,0.5,False
水乡韵味,5+2,0.79,True
枕水人家,3+2,0.785,True
青旅,2+1,0.909,True
经济型酒店,2+3,0.505,False
茅盾故居,3+2,0.846,True
木心故居纪念馆,3+2,0.835,True
百床馆,2+1,0.844,True
西栅大剧院,2+1,0.822,True
草木本色染坊,3+2,0.798,True
摇橹船,2+3,0.682,False
当地居民,5+1,0.714,False
生活气息,5+2,0.835,True
羊肉面,3+4,0.839,True
吴妈馄饨,3+4,0.84,True
定胜糕,3+4,0.959,True
乌镇酱鸭,3+4,0.924,True
萝卜丝饼,3+4,0.892,True
白水鱼,3+4,0.728,True
三白酒,3+4,0.814,True
汉服,3+3,0.765,True
旗袍,3+4,0.885,True
传统水乡早餐文化,3+4,0.732,True
氛围感,5+2,0.75,True
世外桃源,5+2,0.752,True
静谧,5+2,0.702,False
水面,3+1,0.833,True
建筑形式,3+2,0.715,False
空间形态,2+2,0.532,False
基本元素,3+2,0.597,False
建筑尺度,3+2,0.612,False
色彩关系,3+2,0.672,False
多层次,5+2,0.65,False
半透明,3+2,0.688,False
传统空间再造,3+2,0.606,False
场所精神,5+2,0.806,True
空间韵味,3+2,0.711,False
极简审美,3+2,0.868,True
宁静,5+2,0.811,True
意趣,5+3,0.868,True
构造,3+2,0.892,True
色彩,3+2,0.642,False
单体建筑,2+1,0.829,True
构型特征,3+2,0.724,True
姐妹,5+3,0.634,False
旅游,4+1,0.811,True
闺蜜写真,4+1,0.707,False
网红妆造,4+1,0.766,True
民国双生花,3+3,0.668,False
菠萝头垃圾桶,2+3,0.519,False
秀气,3+2,0.877,True
漂亮,5+2,0.899,True
真江南,5+2,0.965,True
早茶,2+1,0.791,True
戏曲,3+3,0.754,True
大爷大娘,5+2,0.843,True
水上集市,2+3,0.736,True
市井烟火,5+2,0.939,True
闲情雅趣,5+2,0.889,True
街头巷尾,3+2,0.925,True
街弄堂,3+2,0.923,True
江南画卷,3+2,0.947,True
灯光,3+2,0.879,True
流光溢彩,3+2,0.778,True
灯笼,3+2,0.817,True
深夜羊肉面,3+4,0.807,True
打更声,3+3,0.831,True
茅盾,3+3,0.935,True
木心,3+3,0.902,True
从前慢,5+2,0.811,True
钟灵俊秀,3+1,0.865,True
文人荟萃,3+3,0.793,True
戏剧幻城,3+3,0.698,False
乌托邦,5+3,0.761,True
雨绵绵,3+1,0.656,False
船慢慢,4+1,0.844,True
时光静静,5+2,0.819,True
行程,4+1,0.78,True
交通,5+1,0.56,False
美食,3+4,0.959,True
避坑,5+1,0.693,False
沿途,4+1,0.764,True
免费的停车场,2+3,0.769,True
沿河,3+1,0.948,True
一条街,2+2,0.6,False
很长,5+2,0.753,True
商业,5+1,0.59,False
原居民,3+3,0.905,True
卖酒的老宅,2+1,0.761,True
居民的老宅,3+2,0.721,True
网红拍照打卡点,2+3,0.743,True
小长假,5+1,0.718,False
人也不多,5+2,0.943,True
拍照打卡不用排队,5+1,0.356,False
木心先生,3+3,0.729,True
素履之往,5+3,0.847,True
绝,5+3,0.908,True
潇洒,5+3,0.906,True
通透,3+2,0.905,True
幽默,5+3,0.651,False
利落,5+2,0.945,True
易读,5+2,0.707,False
易懂,5+2,0.863,True
灵感,5+3,0.728,True
观察,5+2,0.807,True
思考,5+3,0.742,True
内心丰富,5+3,0.733,True
不执着,5+3,0.91,True
锵锵三人行,4+1,0.89,True
圆桌派,2+1,0.927,True
粉丝,3+4,0.681,False
安静,5+2,0.818,True
清静,5+2,0.784,True
导游,4+1,0.802,True
春日风景,3+1,0.677,False
穿搭,5+2,0.687,False
西栅游客中心,2+1,0.663,False
白莲塔河,3+1,0.878,True
风景,3+1,0.795,True
故事,3+3,0.756,True
慢时光,5+2,0.779,True
活着的古镇,5+2,0.94,True
原生态的生活区,5+2,0.805,True
江南百床馆,3+2,0.87,True
宏源泰染坊,3+2,0.826,True
蓝印花布,3+4,0.601,False
姑嫂饼,3+4,0.786,True
红烧羊肉,3+4,0.76,True
民国时代餐厅,2+1,0.826,True
本帮菜,3+4,0.896,True
特色民宿,2+1,0.758,True
林家客栈,2+1,0.729,True
明清建筑格局,3+2,0.703,False
水巷青年旅舍,2+1,0.666,False
临水客栈,2+1,0.785,True
通安客栈,2+1,0.833,True
枕水而眠,5+2,0.751,True
晨暮之美,5+2,0.817,True
西栅夜景,3+1,0.791,True
薄雾中的石拱桥,3+2,0.719,False
早起的居民,5+2,0.559,False
独特体验,5+3,0.667,False
最佳季节,5+1,0.53,False
春暖花开,3+1,0.637,False
秋高气爽,5+2,0.711,False
乌镇夜游,4+1,0.737,True
漫步乌镇,4+1,0.783,True
岁月回响,5+3,0.644,False
茶馆,2+1,0.746,True
慢生活,5+2,0.783,True
江南的故事,5+3,0.819,True
千年的时光对话,5+3,0.658,False
水墨江南,3+2,0.963,True
晨雾,3+1,0.658,False
灯火,5+2,0.948,True
机位,2+3,0.751,True
电影级,5+2,0.825,True
诗意,5+2,0.849,True
通安桥,3+2,0.917,True
晨曦剪影,3+1,0.73,True
拱桥,3+2,0.943,True
雨读桥,3+2,0.712,False
对称江南,3+2,0.946,True
青瓦白墙,3+2,0.769,True
流水,3+1,0.781,True
油纸伞,3+3,0.613,False
灯火阑珊,5+2,1.0,True
夜拍,4+1,0.746,True
蓝调时刻,5+2,0.754,True
全景,3+1,0.873,True
运河,3+1,0.851,True
塔,3+2,0.927,True
桥里桥,3+2,0.91,True
茶楼,2+1,0.763,True
人间烟火,5+2,1.0,True
竹帘,3+2,0.744,True
老茶馆,2+1,0.746,True
炊烟,5+2,0.796,True
浣衣,3+1,0.929,True
乌篷船,2+3,0.72,False
移动机位,4+1,0.609,False
草木染坊,2+1,0.763,True
故事感,5+2,0.706,False
好拍,5+2,0.877,True
古风写真,4+1,0.866,True
满意,5+3,0.765,True
开心,5+3,0.886,True
诗情画意,5+2,0.948,True
交通建议,5+1,0.529,False
平均温度,5+1,0.318,False
浅色素色半裙,3+2,0.761,True
偏中式饰品,3+4,0.751,True
手串,3+4,0.826,True
发簪,3+4,0.855,True
高铁桐乡站,2+1,0.862,True
公交K282,2+3,0.503,False
自驾,4+1,0.623,False
乌镇西栅一号游客中心,2+1,0.671,False
停车场,2+3,0.89,True
河道北侧主街,2+2,0.598,False
南岸街道,2+2,0.704,False
惊喜,5+3,0.631,False
晨曦,3+1,0.719,False
剪影,5+2,0.81,True
黛瓦,3+2,0.906,True
青瓦,3+2,0.832,True
白墙,3+2,0.734,True
马头墙,3+2,0.864,True
citywalk,4+1,0.703,False
乌镇大剧院,2+1,0.835,True
三寸金莲馆,3+3,0.695,False
乌镇评书场,2+1,0.786,True
乌镇水剧场,2+1,0.758,True
乌将军庙,3+2,0.89,True
女红街,2+1,0.784,True
茅盾纪念堂,2+1,0.793,True
乌镇水上集市,2+3,0.716,False
景点美食地图,3+4,0.729,True
旅行地图,2+3,0.788,True
打卡,4+1,0.688,False
亲子,4+1,0.825,True
情侣,5+3,0.676,False
江南园林,3+2,0.851,True
千年历史,3+2,0.825,True
特色商铺,2+1,0.779,True
楚门的世界,5+3,0.755,True
住一晚,4+1,0.658,False
体验感,5+2,0.908,True
慢悠悠,5+2,0.9,True
感受,5+2,0.729,True
江南,3+5,0.811,True
惬意,5+2,1.0,True
大型剧本杀,4+1,0.608,False
水位,3+1,0.84,True
颜色,3+2,0.669,False
商业水平不高,5+1,0.367,False
墨色生香,3+2,0.896,True
温柔,5+2,0.846,True
草木本色染房,2+1,0.714,False
喜庆堂,2+1,0.872,True
张恒兴灯笼铺,2+1,0.902,True
古代婚礼用具,3+3,0.776,True
弄堂拍照,4+1,0.962,True
DIY花灯,4+1,0.775,True
年货夜酒市集,4+1,0.685,False
自助早茶,2+1,0.778,True
诗意与哲学,5+3,0.831,True
画作,3+3,0.767,True
文学作品,3+3,0.734,True
宝藏小众村落,3+5,0.606,False
精致装饰,3+2,0.828,True
古镇烟火气,5+2,0.902,True
河道,3+1,1.0,True
石板路,3+2,0.822,True
木质老屋,3+2,0.797,True
水墨丹青,3+2,0.824,True
温婉,5+2,0.849,True
灵秀,3+1,0.9,True
烟火人间,5+2,0.96,True
人文气息,5+2,0.759,True
文化底蕴,3+3,0.736,True
竹编木雕工艺,3+3,0.854,True
越剧,3+3,0.865,True
唱腔,3+3,0.756,True
水袖,3+3,0.63,False
古韵,3+2,1.0,True
民宿,2+1,0.76,True
客栈,2+1,0.861,True
清蒸白水鱼,3+4,0.844,True
美景,5+2,0.826,True
天气,5+2,0.822,True
温度,5+2,0.759,True
苏杭,3+5,0.901,True
性价比,5+1,0.454,False
原生态水乡风貌,3+1,0.708,False
南栅北栅,3+2,0.769,True
肉质鲜嫩,3+4,0.719,False
汤头鲜美,3+4,0.901,True
皮薄馅大,3+4,0.734,True
汤鲜味美,3+4,0.832,True
口感软糯,3+4,0.825,True
甜而不腻,3+4,0.87,True
人间四月天,5+3,0.675,False
踏青出游,4+1,0.813,True
江南美学,3+2,0.913,True
香市,3+4,0.939,True
江南水乡狂欢节,4+1,0.748,True
好好生活节,4+1,0.731,True
赏花,4+1,1.0,True
看演出,4+1,0.72,False
春日氛围,5+2,0.905,True
打卡点,4+1,0.75,True
三孔桥,3+2,0.917,True
古镇全景,3+2,0.841,True
蚕花仙子,3+3,0.829,True
水上巡游,4+1,0.777,True
油菜花海,3+1,0.737,True
花田市集,2+1,0.815,True
咖啡馆,2+1,0.776,True
风中飘来阵阵花香,3+1,0.746,True
文艺青年,5+3,0.573,False
网红打卡点,2+1,0.811,True
情景剧,4+1,0.861,True
避世小村庄,5+2,0.798,True
萌宠,2+3,0.877,True
采摘,4+1,0.78,True
水上和陆上巡游,4+1,0.772,True
杂耍,4+1,0.781,True
春花田埂趣野集,4+1,0.649,False
后街酒家野火饭,3+4,0.861,True
容易钟情热酒馆,2+1,0.728,True
小酌一杯,2+1,0.815,True
古镇夜景,3+1,0.764,True
春水,3+1,0.676,False
青石板,3+2,0.781,True
橹声,3+1,0.929,True
木格窗,3+2,0.702,False
雨,3+1,0.593,False
廊棚,3+2,0.855,True
明前龙井,3+4,0.833,True
绣娘,3+3,0.913,True
丝线,3+4,0.657,False
文昌阁,3+2,0.91,True
飞檐,3+2,0.903,True
水墨残卷,3+2,0.726,True
中学时代,5+3,0.56,False
烟雨入江南,3+1,0.925,True
山水如墨染,3+1,0.883,True
水乡,3+1,0.853,True
青石路,3+2,0.9,True
小桥,3+2,0.934,True
石凳,2+3,0.731,True
西塘古镇,3+5,0.719,False
酒吧,2+1,0.662,False
热闹,5+2,0.918,True
精致园林,3+2,0.653,False
离杭州近,5+1,0.867,True
头牌名片,3+5,0.813,True
风土人情,3+3,0.936,True
民风民俗,3+3,0.77,True
幽静,5+2,0.742,True
人少,5+2,0.881,True
配套设施,2+3,0.631,False
历史气息,5+2,0.935,True
古老年代,3+2,0.895,True
明朝,3+2,0.786,True
历史厚重感,5+2,0.923,True
水乡人情风俗,3+3,0.883,True
百间楼,3+2,0.705,False
古建筑,3+2,0.816,True
园林布局,3+2,0.63,False
中国传统文化,3+3,0.65,False
博大精深,3+3,0.881,True
温柔与雅致,5+3,0.821,True
水,3+1,0.786,True
桥,3+2,0.909,True
游玩,4+1,0.73,True
木心美术管,2+1,0.794,True
月老庙,3+3,0.853,True
张恒兴花灯铺,2+1,0.88,True
三寸金莲管,3+4,0.649,False
大竹编,3+4,0.894,True
酒吧街,2+1,0.743,True
锦记糕点铺,3+4,0.895,True
锦记酱鸭,3+4,0.983,True
通济酱粽,3+4,0.911,True
滋啦啦油煎铺,3+4,0.832,True
默默的家,2+1,0.752,True
夜游,4+1,0.725,True
水巷,3+1,1.0,True
梦华录,5+3,0.927,True
傍晚,5+2,0.857,True
光影,3+1,0.778,True
极简设计,3+2,0.801,True
艺术展览,2+1,0.774,True
旋转楼梯,2+1,0.789,True
落地窗,2+2,0.874,True
手写明信片,2+3,0.579,False
复古感,3+2,0.867,True
文学巨匠,3+3,0.701,False
皮影戏,3+3,0.863,True
高杆船表演,4+1,0.846,True
非遗文化,3+3,0.714,False
老街,3+2,0.931,True
手工酱,3+4,0.864,True
江南早茶,3+4,0.864,True
蟹黄汤包,3+4,0.768,True
羊肉,3+4,0.785,True
汤头,3+4,0.968,True
本地人,5+2,0.817,True
江浙菜,3+4,0.907,True
酱鸭,3+4,0.985,True
复古,3+2,0.876,True
石桥流水,3+1,0.789,True
碧螺春,3+4,0.864,True
似水年华,5+3,0.816,True
文艺感,5+2,0.879,True
昭明书舍,2+1,0.9,True
古风书院,3+2,0.827,True
含早茶客,2+1,0.753,True
益大丝业会馆,2+1,0.795,True
丝绸主题,3+3,0.6,False
私密庭院,2+2,0.709,False
景区内民宿,2+3,0.66,False
景区外民宿,2+3,0.662,False
学生党,5+1,0.616,False
穿搭建议,5+2,0.539,False
汉服节,4+1,0.782,True
避开人流,4+1,0.647,False
傍晚5点后,5+2,0.7,False
游客少,5+2,0.959,True
光线柔和,5+2,1.0,True
水舞秀,4+1,0.869,True
雨天玩法,4+1,0.652,False
烟雨朦胧,3+1,0.927,True
临河咖啡馆,2+1,0.787,True
古镇姑娘,5+3,0.64,False
茅盾纪念馆,2+1,0.826,True
活动,4+1,0.771,True
小摊,2+3,0.869,True
灵水街泥炉暖锅,3+4,0.714,False
湖羊肉,3+4,0.834,True
冬夜围炉诗会,4+1,0.691,False
诗,5+3,1.0,True
雪,3+1,0.915,True
浪漫,5+2,0.7,False
早上,5+2,0.751,True
朦胧,5+2,0.887,True
知青咖啡馆,2+1,0.817,True
公交281路,2+3,0.542,False
住宿,2+3,0.788,True
堤上,3+1,0.847,True
接驳车,2+3,0.71,False
氛围,5+2,0.735,True
寂静,5+2,0.7,False
小巷,3+2,0.908,True
清晨,5+2,0.765,True
石板桥,3+2,0.915,True
西市河,3+1,0.897,True
悠久历史,3+2,0.886,True
春花田梗,3+1,0.826,True
染坊,3+2,0.917,True
早茶客文化,3+3,0.798,True
老爷爷,5+2,0.859,True
老奶奶,5+2,0.735,True
非遗技术,3+3,0.719,False
油菜花,3+1,0.875,True
听风阁,2+1,0.811,True
市集,2+1,0.77,True
花伴旅咖屋,2+1,0.744,True
咖啡,2+1,0.958,True
梅花,3+4,0.952,True
小猪快跑,4+1,0.641,False
特色美食,3+4,0.955,True
热酒馆,2+1,0.844,True
饮品,2+1,0.804,True
锦堂酒店,2+1,0.747,True
油菜花田,3+1,0.771,True
颂钵疗愈,4+1,0.766,True
调香室,2+1,0.844,True
西栅大街,3+2,0.894,True
情景戏剧表演,4+1,0.761,True
独创集市,2+1,0.731,True
梅雨季节,3+1,0.618,False
江南古镇,3+2,0.954,True
下雨天,5+2,0.799,True
建筑设计,3+2,0.703,False
江南小桥流水,3+1,0.815,True
古味,3+2,0.906,True
古风人像,5+2,0.749,True
取景地,2+1,0.873,True
江南的甜点,3+4,0.827,True
窗外美景,3+1,0.609,False
拍照,4+1,1.0,True
节目表演,4+1,0.746,True
游船,2+3,0.722,True
書生羊肉面,3+4,0.767,True
乌镇萝卜丝饼,3+4,0.885,True
舌尖葱包烩,3+4,0.89,True
舒适的鞋子,5+1,0.918,True
西湖,3+1,0.688,False
烟花三月,5+2,0.696,False
柳树,3+1,0.95,True
翠绿,3+1,0.938,True
桃花,3+1,0.923,True
盛开,3+1,0.898,True
摇撸船,2+3,0.663,False
碧波荡漾,3+1,0.762,True
古诗词,3+3,0.886,True
清明,3+2,0.896,True
五一,4+1,0.78,True
踏春,4+1,0.757,True
鸡尾酒,3+4,0.936,True
树屋,2+1,0.72,False
田园生活,5+2,0.858,True
暖锅,3+4,0.738,True
锦堂行馆,2+1,0.867,True
运河堤,3+1,0.918,True
春风集,5+2,0.93,True
互动,4+1,0.719,False
演出,4+1,0.815,True
疗愈体验,5+2,0.62,False
香市节,3+4,0.856,True
杂耍游艺,4+1,0.747,True
百戏杂陈,3+3,0.766,True
乌镇景点美食地图,3+4,0.694,False
打卡景点,4+1,0.702,False
路线,4+1,0.69,False
烟柳繁华之地,3+2,0.853,True
诗书之乡,3+3,0.81,True
深度游路线,4+1,0.671,False
石桥橹影,3+2,0.897,True
时间,5+1,0.704,False
波光,3+1,0.79,True
生活,5+2,0.891,True
巷弄,3+2,0.93,True
脚步,5+2,0.889,True
青苔,3+1,0.744,True
对称构图,3+2,0.798,True
桥洞,3+2,0.957,True
倒影,3+1,0.825,True
水墨画,3+2,0.795,True
江南梦,5+3,0.913,True
青砖黛瓦,3+2,0.896,True
美好,5+3,0.925,True
远离,5+2,0.846,True
城市喧嚣,5+2,0.847,True
真正,5+3,0.773,True
萧邦特展,3+3,0.786,True
钢琴,2+1,0.475,False
艺术,3+3,0.718,False
全员NPC,4+1,0.523,False
假古镇,3+2,0.789,True
乌墩,3+2,0.901,True
江浙沪金三角,3+5,0.746,True
杭嘉湖平原,3+1,0.77,True
太湖流域,3+1,0.791,True
河流,3+1,0.97,True
京杭大运河,3+1,0.81,True
1300年建镇史,3+2,0.664,False
江南水乡古镇,3+1,0.878,True
中国历史文化名镇,3+5,0.477,False
鱼米之乡,3+1,0.769,True
丝绸之府,3+3,0.61,False
诗集,3+3,0.817,True
眷恋,5+3,0.931,True
春光,3+1,0.676,False
粉墙黛瓦,3+2,0.89,True
古桥,3+2,0.922,True
望津堤,3+1,0.863,True
美食市集,3+4,0.778,True
演艺,4+1,0.798,True
码头,2+3,0.832,True
乐队,4+1,0.676,False
河畔观影,4+1,0.935,True
蓝布,3+3,0.887,True
传统工艺,3+3,0.819,True
小动物乐园,2+1,0.726,True
春季限定饮品,3+4,0.641,False
堤上度假酒店,2+1,0.671,False
水乡园林美景,3+1,0.677,False
景区厕所,2+3,0.555,False
充电宝休息区,2+3,0.637,False
旅行体验,5+2,0.68,False
背景,3+2,0.701,False
景观,3+1,0.756,True
商业化,5+1,0.583,False
特色民俗文创,3+3,0.789,True
千年古镇,3+2,0.831,True
历史,3+2,0.938,True
古建筑群,3+2,0.799,True
明清时期风貌,3+2,0.781,True
河成街,3+1,0.872,True
河埠廊坊,3+2,0.938,True
深宅大院,3+2,0.745,True
烟火气息,5+2,0.958,True
廊棚古弄建筑,3+2,0.765,True
水质清澈,3+1,0.642,False
雕梁画栋,3+2,0.753,True
石巷老屋木墙黑瓦,3+2,0.817,True
灯光秀,4+1,0.901,True
酒吧街文化,3+3,0.613,False
灯笼高挂,3+2,0.779,True
风韵,3+2,0.986,True
春不晚,5+3,0.727,True
圆梦,5+3,0.731,True
老邮局,2+1,0.669,False
复古氛围,5+2,0.802,True
明信片,2+3,0.792,True
扎染技艺,3+3,0.819,True
落日余晖,3+1,0.76,True
文学爱好者,5+3,0.646,False
皮影戏馆,2+1,0.869,True
浅色系,3+2,0.855,True
古风服装,3+3,0.784,True
历史悠久,3+2,0.857,True
观潮胜地,3+1,0.823,True
明清民国时期,3+2,0.82,True
徐志摩,3+3,0.94,True
王国维,3+3,0.706,False
名人故居,3+2,0.77,True
江南烟雨,3+1,0.883,True
古城墙,3+2,0.797,True
古寺庙,3+2,0.97,True
宗祠,3+2,0.933,True
古宅,3+2,0.779,True
故事的起点,5+3,0.541,False
历史的回响,5+3,0.81,True
盐官潮墙,3+2,0.667,False
水幕,3+1,0.817,True
飞流直下三千尺,3+1,0.589,False
疑是银河落九天,3+1,0.381,False
潮墙,3+2,0.784,True
天下奇观一线潮,3+1,0.854,True
潮汐预报,3+1,0.61,False
海神庙,3+2,0.82,True
浙海之神,3+3,0.782,True
钱镠王,3+3,0.908,True
孔庙学宫,3+2,0.873,True
隋朝遗迹,3+2,0.847,True
红墙,3+2,0.76,True
娱庐,2+1,0.943,True
西城老屋,3+2,0.759,True
砖木结构,3+2,0.741,True
朴实无华,5+2,0.843,True
国家重点保护文物,3+2,0.657,False
浙江嘉兴海宁潮乐之城六号停车楼,2+3,0.752,True
免费停车,2+3,0.688,False
充电桩,2+3,0.522,False
听着潮声入梦,5+3,0.806,True
价格巨贵,5+1,0.379,False
游客量多,5+1,0.683,False
管理跟不上节奏,5+1,0.445,False
小地方特色,5+2,0.736,True
必吃美食,3+4,0.956,True
梅干菜烧饼,3+4,0.895,True
梅花方糕,3+4,0.966,True
古桥流水,3+1,0.805,True
望津堤春日限定,3+1,0.85,True
浪漫码头,2+2,0.536,False
灵水居码头,2+3,0.857,True
定升桥古桥映波,3+2,0.901,True
草木本色染坊蓝布,3+2,0.803,True
乌村网红树屋,2+1,0.757,True
戏剧,3+3,0.719,False
浪漫氛围,5+2,0.594,False
国际化视野,5+1,0.468,False
顶尖剧团,3+3,0.632,False
艺术家,3+3,0.689,False
多样化,5+1,0.543,False
高水准,5+1,0.835,True
话剧,4+1,0.84,True
歌剧,3+4,0.725,True
舞剧,4+1,0.694,False
肢体剧,4+1,0.829,True
实验戏剧,3+3,0.61,False
艺术水准,5+2,0.824,True
青年戏剧人,3+3,0.857,True
平台,2+2,0.448,False
才华,5+3,0.705,False
创新,5+1,0.517,False
探索,4+1,0.69,False
论坛,2+1,0.644,False
讲座,2+1,0.662,False
工作坊,2+1,0.704,False
交流学习,4+1,0.649,False
小镇对话,4+1,0.716,False
戏剧大师,3+3,0.736,True
观众,4+1,0.591,False
创作心得,5+3,0.818,True
艺术体验,4+1,0.677,False
传统扎染技艺,3+3,0.776,True
碎雨,3+1,0.626,False
檐角,3+2,0.908,True
梨花,3+1,0.878,True
新市茶馆,2+1,0.66,False
绿酒,3+4,0.915,True
乌篷,2+3,0.927,True
花影,3+1,0.86,True
梨雪,3+1,0.798,True
茶烟,3+4,0.865,True
寂美,5+2,0.747,True
悠适,5+2,0.914,True
治愈,5+3,0.5,False
窄窄,3+1,0.642,False
古老,3+2,0.937,True
新中式风格,3+2,0.75,True
热茶,2+1,0.81,True
好看,5+2,0.894,True
成品,3+4,0.765,True
自己动手做,4+1,0.639,False
行李托运,2+3,0.624,False
小吃店,2+1,0.85,True
网红店,2+1,0.795,True
寻坞水宴,3+4,0.815,True
味道,5+2,0.979,True
原始古镇,3+2,0.811,True
和谐,5+2,0.758,True
商铺,2+1,0.748,True
主动招揽客人的商家,5+1,0.505,False
商店,2+1,0.771,True
店员,2+1,0.731,True
老板,2+1,0.619,False
班味,3+4,0.954,True
住在乌镇,2+3,0.925,True
前台,2+1,0.762,True
工作人员,2+3,0.71,False
临安客栈,2+1,0.894,True
景观房,2+1,0.789,True
入住体验,5+1,0.68,False
别样的体验,5+3,0.61,False
预订,2+3,0.666,False
临水的房间,2+2,0.609,False
入口,2+2,0.72,False
酱缸,3+4,0.844,True
修船的老人,4+1,0.82,True
古朴感,5+2,0.9,True
秩序和宁静,5+2,0.607,False
住在镇上,5+2,0.73,True
行动方便,5+1,0.682,False
来回往返景区,4+1,0.716,False
逛累了,5+2,0.806,True
回客栈,2+1,0.741,True
住在小镇外,5+1,0.64,False
八点以前起来,4+1,0.481,False
吃早餐,4+1,0.627,False
水边,3+1,0.806,True
桌子,2+3,0.538,False
服务人员,2+3,0.63,False
礼貌,5+2,0.731,True
穿着打扮,5+2,0.712,False
不耐烦,5+3,0.594,False
豆浆,3+4,0.807,True
加糖,3+4,0.609,False
原味豆浆,3+4,0.79,True
提示,5+2,0.85,True
拍照片,4+1,0.988,True
工牌,2+3,0.773,True
餐饮的负责人,2+1,0.777,True
其他服务人员,2+3,0.523,False
小礼品,2+3,0.819,True
礼貌温和,5+2,0.657,False
低姿态,5+2,0.724,True
气场弱,5+2,0.805,True
好欺负,5+3,0.785,True
好说话,5+3,0.827,True
难缠没礼貌的人,5+2,0.619,False
恭恭敬敬,5+3,0.807,True
踩,4+1,0.81,True
温和礼貌的人,5+2,0.619,False
拔刀向弱者,5+3,0.612,False
歌后,3+4,0.746,True
乌镇戏剧节,4+1,0.776,True
寻歌,4+1,0.836,True
漫游,4+1,0.741,True
浪漫值,5+2,0.699,False
拉满,5+2,0.971,True
诗意世界,5+3,0.893,True
缘定三生,3+3,0.761,True
人在画中游,5+2,0.704,False
乌镇老邮局,3+2,0.752,True
古老浪漫,5+2,0.668,False
文字的力量,5+3,0.638,False
夕阳塔影,3+1,0.761,True
邵明书院,2+1,0.81,True
书香墨韵,3+3,0.847,True
梦里的江南,5+3,0.829,True
制作工艺,3+4,0.829,True
照片,5+1,0.655,False
体验,4+1,0.718,False
艺术作品,3+3,0.713,False
简约风格,3+2,0.793,True
美学理念,3+3,0.744,True
故居,3+2,0.804,True
立志书院,2+1,0.912,True
成长历程,5+3,0.553,False
革命经历,3+3,0.625,False
文学成就,3+3,0.605,False
古镇美景,3+1,0.899,True
人间烟火气,5+2,1.0,True
河边茶馆,2+1,0.818,True
茶香,3+4,0.917,True
江南古建筑,3+2,0.83,True
昭明太子,3+3,0.921,True
讲堂,2+1,0.866,True
图书馆,2+1,0.837,True
书画馆,2+1,0.837,True
文化气息,5+2,0.833,True
标志性建筑,3+2,0.761,True
高耸入云,3+1,0.723,True
船影,3+1,0.854,True
并蒂莲,3+1,0.912,True
元宝湖畔,3+1,0.756,True
建筑风格,3+2,0.834,True
拍照效果,5+1,0.556,False
旧时光,5+3,0.75,True
溜达,4+1,0.834,True
西栅服务中心,2+1,0.583,False
水剧场,2+1,0.796,True
矛盾纪念馆,2+1,0.733,True
叙昌酱园,2+1,0.942,True
西栅服务中心出口,2+1,0.57,False
展览,2+1,0.781,True
旗袍汉服,3+4,0.82,True
平底鞋,2+3,0.445,False
桂花乌米饭,3+4,0.823,True
乌梅茶,3+4,0.869,True
青团,3+4,0.864,True
乌镇胎菊,3+4,0.816,True
豆腐花,3+4,0.563,False
美,5+2,0.947,True
游玩路线,4+1,0.72,False
拍摄时间,4+1,0.863,True
天青色,3+2,0.838,True
烟雨,3+1,0.907,True
灯笼铺,2+1,0.974,True
日月剧场,2+1,0.894,True
龙行田,3+1,0.916,True
鹊桥亭,3+2,0.833,True
水上集市早餐客,4+1,0.511,False
诗田广场,2+1,0.837,True
桥里桥茶铺,2+1,0.774,True
茶艺街,2+1,0.725,True
西栅主街,2+2,0.656,False
乌米饭,3+4,0.868,True
玉兔糕,3+4,0.924,True
野菜馄饨,3+4,0.716,False
拌馄饨,3+4,0.876,True
羊杂面,3+4,0.83,True
美术馆,2+1,0.905,True
精神指向,5+3,0.798,True
学术空间,2+1,0.619,False
真的很美,5+3,0.678,False
推荐,5+1,0.648,False
景区与居民区融合,3+2,0.701,False
文旅,3+3,0.708,False
出路,4+1,0.765,True
创造,5+3,0.605,False
价值,5+1,0.601,False
深邃,5+2,0.758,True
精神宇宙,5+3,0.687,False
文学手稿,3+3,0.618,False
展品,2+3,0.972,True
情感,5+3,0.657,False
随性,5+2,0.819,True
哲思,5+3,0.777,True
线条,3+2,0.775,True
中国传统水墨,3+2,0.705,False
西方现代艺术,3+3,0.599,False
张力,5+3,0.855,True
东西方文化,3+3,0.771,True
理解,5+3,0.752,True
融合,5+2,0.6,False
旅程,4+1,0.73,True
欣赏,5+2,0.862,True
反思,5+3,0.767,True
艺术追求,5+3,0.683,False
烟花四月,5+2,0.747,True
千年水乡,3+1,0.783,True
独特魅力,5+3,0.786,True
诗意江南风光,3+1,0.754,True
精彩纷呈传统民俗,3+3,0.794,True
民俗狂欢,4+1,0.773,True
蚕花圣会,3+3,0.775,True
巡游,4+1,0.695,False
热闹非凡,5+2,0.732,True
沉浸式体验,4+1,0.692,False
轧蚕花祈福仪式,3+3,0.743,True
踏白船竞渡,4+1,0.79,True
水上竞技,4+1,0.793,True
乌青水龙会,3+3,0.918,True
清末消防器械,2+3,0.507,False
救火演练,4+1,0.674,False
杠杆式水泵喷水,2+3,0.421,False
古代智慧,3+3,0.761,True
十样杂耍,3+3,0.607,False
打花棍,4+1,0.799,True
非遗表演,3+3,0.719,False
通安桥畔,3+2,0.879,True
高台晃管,4+1,0.762,True
西栅草木本色染坊,3+2,0.666,False
老匠人,3+3,0.702,False
刻版刮浆染色,3+4,0.704,False
夹缬工艺,3+3,0.824,True
对称图案,3+2,0.694,False
田园农夫,4+1,0.687,False
乌春市集,2+1,0.858,True
当季蔬菜,3+4,0.658,False
传统土灶,2+3,0.83,True
食物最本真美味,5+2,0.752,True
亲子家庭,5+2,0.963,True
风车DIY,4+1,0.845,True
纸鸢绘制,4+1,0.715,False
农耕乐趣,4+1,0.612,False
磨豆腐,3+4,0.744,True
肖邦之心主题展,3+3,0.703,False
音乐家创作历程,3+3,0.538,False
文学下午茶,2+1,0.748,True
学者讲述,4+1,0.687,False
木心与乌镇渊源,3+3,0.825,True
住宿西栅,2+1,0.755,True
安渡坊码头,2+1,0.768,True
无人打扰石板路,3+2,0.444,False
晨雾中水阁,3+1,0.685,False
北栅丝厂,2+1,0.639,False
工业风艺术秘境,3+2,0.601,False
乌镇当代艺术邀请展,3+3,0.651,False
废弃厂房,2+1,0.503,False
艺术魅力,3+3,0.699,False
老车间改造咖啡馆,2+1,0.713,False
特色咖啡,2+1,0.954,True
东栅夜巡,4+1,0.705,False
更夫,3+3,0.919,True
铜锣巡街,4+1,0.794,True
修真观,3+3,0.856,True
百年变迁,3+3,0.862,True
平安福木牌,3+4,0.817,True
景色出众,5+2,0.697,False
乌镇老街,3+2,0.882,True
国乐戏院,2+1,0.91,True
露天电影放映,4+1,0.76,True
水上戏台,2+1,0.727,True
永平糕点铺,3+4,0.913,True
桂花方糕,3+4,0.948,True
彩虹糕,3+4,0.763,True
米糕,3+4,0.796,True
妆造,3+4,0.837,True
中国最美茶馆,2+1,0.612,False
左下角跟团纯玩,4+1,0.651,False
绿色,3+1,0.672,False
油润,3+4,0.81,True
深入人心,5+3,0.789,True
纯粹,5+2,0.796,True
色泽,3+2,0.888,True
久久难忘,5+3,0.713,False
相片,5+1,0.705,False
行摄,4+1,0.865,True
江南地带,3+1,0.869,True
雨水,3+1,0.638,False
不同感觉,5+2,0.597,False
推荐时节,5+1,0.532,False
日出时间,3+1,0.735,True
光亮,3+1,0.934,True
太阳,3+1,0.649,False
极为宁静,5+2,0.774,True
美好感觉,5+3,0.792,True
窄窄的街道,3+2,0.809,True
高高的石桥,3+2,0.88,True
无人机拍摄,4+1,0.568,False
延绵的河流,3+1,0.886,True
避开人群,5+2,0.642,False
溪山好,3+1,0.748,True
湖水,3+1,0.769,True
蓝天白云,3+1,0.688,False
白墙黛瓦飞檐斗拱,3+2,0.667,False
好逛又好拍,5+2,0.836,True
龙腾水秀烟花,3+1,0.785,True
中国式派对,4+1,0.756,True
千年窑火颂风华,3+3,0.81,True
摇橹船游湖,4+1,0.866,True
云上的小火车,4+1,0.573,False
社火广场,2+1,0.716,False
龙腾水秀,3+1,0.764,True
青山旷野,3+1,0.881,True
仪式感,5+3,0.773,True
车水马龙,5+2,0.707,False
喧嚣,5+2,0.81,True
桨声,4+1,0.803,True
青石板路,3+2,0.843,True
脚步声,5+2,0.774,True
巷子,3+2,0.936,True
风,3+1,0.898,True
原生态,3+1,0.719,False
河边洗衣,4+1,0.729,True
阿婆,3+4,0.915,True
晒蓝印花布,3+4,0.686,False
作坊,2+1,0.866,True
翰林第,3+2,0.921,True
逢源双桥,3+2,0.906,True
街头斗诗,4+1,0.86,True
临河茶馆,2+1,0.818,True
菊花茶,3+4,0.888,True
评弹,3+4,0.707,False
三鲜馅,3+4,0.644,False
熏豆茶,3+4,0.871,True
汉服拍照,4+1,0.756,True
慢下来,5+2,0.901,True
心境,5+3,0.874,True
茶馆发呆,2+1,0.757,True
摇船师傅,4+1,0.805,True
唠嗑,4+1,0.839,True
屋檐滴落的雨,3+1,0.581,False
戏剧院,2+1,0.956,True
南北栅,3+2,0.767,True
居民区,2+1,0.884,True
大巴,2+3,0.86,True
租车,2+3,0.522,False
火车站,2+1,0.647,False
客运站,2+1,0.721,True
打车,5+1,0.692,False
游客中心,2+1,0.627,False
游客开放,2+1,0.542,False
拥挤,5+2,0.715,False
物价,5+1,0.425,False
一个饼,3+4,0.888,True
免费表演,2+3,0.557,False
妆造店,2+1,0.771,True
清冷风,5+2,0.833,True
青色,3+2,0.592,False
还原,5+2,0.889,True
文化缺失,5+2,0.651,False
臭水沟,3+1,0.738,True
春日美景,3+1,0.698,False
带娃,5+1,0.6,False
不累,5+2,0.688,False
南湖,3+1,0.71,False
教堂,2+1,0.827,True
住,2+1,0.738,True
龙井山,3+1,0.966,True
采茶,4+1,0.929,True
赏景,4+1,0.841,True
路线图,2+3,0.754,True
答疑,5+2,0.77,True
江南风光,3+1,0.826,True
传统民俗,3+3,0.847,True
轧蚕花,3+4,0.955,True
祈福仪式,3+3,0.765,True
杠杆式水泵,2+3,0.409,False
刻版刮浆,3+3,0.696,False
染色,3+3,0.742,True
肖邦之心,3+3,0.861,True
主题展,2+1,0.704,False
水阁,3+2,0.782,True
工业风,3+2,0.661,False
夜巡,4+1,0.736,True
春意,3+1,0.889,True
春景,3+1,0.667,False
船桨,2+3,0.679,False
弧线,3+1,0.756,True
河景,3+1,0.96,True
阳光,3+1,0.71,False
波光粼粼,3+1,0.765,True
碎金,3+2,0.886,True
香茗,2+1,0.877,True
金色花海,3+1,0.804,True
大地,3+1,0.728,True
花浪,3+1,0.689,False
梅花窗景,3+2,0.702,False
祥和,5+2,0.883,True
绿植,3+1,0.705,False
屋檐,3+2,0.787,True
窗棂,3+2,0.758,True
非遗扎染,3+3,0.825,True
田园市集,2+1,0.89,True
夜集,4+1,0.734,True
春酿,3+4,0.927,True
园林春色,3+1,0.771,True
早来春茶馆,2+1,0.686,False
影视片段,4+1,0.679,False
观后调研,5+1,0.586,False
书迷,5+2,0.622,False
剧迷,5+3,0.835,True
美中不足,5+3,0.69,False
当代美术馆,2+1,0.857,True
那不勒斯老城区,3+2,0.784,True
弗罗伦萨,3+2,0.821,True
意式风情,3+3,0.906,True
文学属性,3+3,0.631,False
老房子,3+2,0.708,False
布展,2+1,0.826,True
文学,3+3,0.728,True
影视,3+3,0.669,False
表达,5+2,0.886,True
观影展,4+1,0.793,True
水墨春光,3+1,0.802,True
晚风,5+2,0.77,True
水汽,3+1,0.8,True
诗与远方,5+3,0.871,True
互动演艺,4+1,0.653,False
日月广场,2+1,0.677,False
升莲广场,2+1,0.791,True
乌镇杂耍趣游艺,4+1,0.852,True
码头乐队,2+1,0.68,False
巡游嘉年华,4+1,0.621,False
河畔电影夜,4+1,0.791,True
咖啡风物轻食,2+1,0.909,True
精酿,3+4,0.866,True
春风,3+1,0.86,True
春日读书会,4+1,0.68,False
文化盛宴,3+3,0.791,True
乌镇影像展,3+3,0.672,False
临河窗户,2+2,0.771,True
河边,3+1,0.954,True
小船,2+3,0.698,False
卫生间,2+3,0.452,False
公共休息设施,2+3,0.568,False
出发前,4+1,0.714,False
不抱期望,5+3,0.694,False
好玩,5+2,0.796,True
偶遇,4+1,0.86,True
表演,4+1,0.775,True
漂浮歌后,4+1,0.784,True
震撼,5+3,0.73,True
私家花园,2+1,0.733,True
荷花池,3+1,0.751,True
假山,3+1,0.945,True
亭台楼阁,3+2,0.851,True
精致,5+2,0.826,True
嘉业堂藏书楼,3+2,0.747,True
古朴典雅,3+2,0.871,True
中西合璧,3+2,0.531,False
婉约,5+2,0.945,True
华丽,5+2,0.88,True
水面上,3+1,0.813,True
穿越,4+1,0.745,True
薄雾,3+1,0.615,False
明清建筑群,3+2,0.74,True
浔蹄,3+4,0.884,True
特色卤蹄,3+4,0.808,True
软糯入味,3+4,0.867,True
绣花锦菜,3+4,0.865,True
清爽可口,3+4,0.832,True
传统糕点,3+4,0.874,True
寓意吉祥,3+3,0.714,False
临水民宿,2+1,0.843,True
江南水乡生活,5+2,1.0,True
温柔时光,5+2,0.812,True
染布,3+3,0.787,True
人潮擁擠,5+2,0.717,False
大片,3+1,0.857,True
人像模式,4+1,0.766,True
錄影,4+1,0.775,True
微風,5+2,0.74,True
快門,4+1,0.769,True
山水,3+1,0.856,True
墨染,3+2,0.966,True
青砖,3+2,0.832,True
商家,2+1,0.707,False
商品同质化,5+1,0.534,False
油墨画,3+3,0.588,False
公交,2+3,0.63,False
观光车,2+3,0.822,True
时间充裕,5+2,0.747,True
私人商家,2+3,0.485,False
踩雷,5+1,0.779,True
自由拍照,4+1,0.85,True
服务,2+3,0.568,False
舒适度,5+1,0.757,True
完美,5+3,0.725,True
江南美景,3+1,0.849,True
交通出行,5+1,0.682,False
造型准备,4+1,0.741,True
古装,3+3,0.767,True
古镇美人,3+5,0.554,False
绿意盎然,3+1,0.76,True
静谧雅致,5+2,0.77,True
月山麻糍坊,2+1,0.768,True
枕水度假酒店,2+1,0.751,True
商务休闲,2+1,0.64,False
古色古香,3+2,0.921,True
宜园精品酒店,2+1,0.723,True
伊甸园铂金酒店,2+1,0.705,False
子夜酒店,2+1,0.656,False
经济型,5+1,0.476,False
艺术大师,3+3,0.682,False
水乡文化,3+3,0.768,True
文艺范,5+2,0.873,True
传统染布工艺,3+3,0.622,False
古代,3+2,0.825,True
互联网国际会展中心,2+1,0.505,False
建筑,3+2,0.708,False
屋顶花园,2+2,0.579,False
江南特色,3+3,0.944,True
桂花酒酿丸子,3+4,0.885,True
船头粽,3+4,0.858,True
葱包桧,3+4,0.752,True
特色菜肴,3+4,0.916,True
一日游,4+1,0.721,True
二日游,4+1,0.757,True
三日游,4+1,0.573,False
闭馆,2+1,0.681,False
游览车,2+3,0.676,False
空气,3+1,1.0,True
清新,5+2,0.839,True
阴天,5+2,0.851,True
千年小镇,3+2,0.822,True
美丽,5+2,0.849,True
魅力,5+3,0.844,True
庭院,3+2,0.616,False
夜间停车,2+3,0.799,True
船票,2+3,0.563,False
红糖发糕,3+4,0.928,True
酱鸭店,3+4,0.923,True
古镇鸭腿,3+4,0.755,True
通济酱粽店,3+4,0.862,True
大肉粽,3+4,0.798,True
桥里桥烧饼铺,2+1,0.744,True
永平粉团铺,3+4,0.848,True
芹菜猪肉春卷,3+4,0.801,True
乌镇鸡煲,3+4,0.858,True
葱爆鳝片,3+4,0.771,True
茅老太臭豆腐,3+4,0.665,False
拍照技巧,5+1,0.503,False
街道,3+2,0.913,True
雨季,3+1,0.601,False
黛青色调,3+2,0.849,True
白色,3+2,0.649,False
墨绿,3+2,0.897,True
青灰,3+2,0.964,True
黑色,3+2,0.736,True
莫兰迪色调,3+2,0.906,True
折扇,3+4,0.902,True
经典拍摄地点,2+3,0.738,True
桥里桥茶馆,2+1,0.764,True
蓝布区,3+2,0.905,True
竹林区,3+1,0.71,False
乌镇簸箕,3+4,0.907,True
桥上,3+2,0.891,True
毛毛雨,3+1,0.61,False
游客不多,5+1,0.362,False
酒坊,2+1,0.863,True
吹笛的小哥,4+1,0.817,True
自由行程,4+1,0.733,True
逛一圈,4+1,0.853,True
找小伙伴,4+1,0.672,False
一起逛gai,4+1,0.73,True
吃饭,2+1,0.79,True
枕水江南,3+5,0.729,True
烟火慢时光,5+2,0.757,True
水墨画卷,3+1,0.64,False
文学气息,5+2,0.727,True
木质结构老宅,3+2,0.811,True
明清古床,3+2,0.764,True
扎染DIY,3+4,0.913,True
道地江南味,3+4,0.906,True
酱爆螺蛳,3+4,0.92,True
慢递明信片,3+4,0.594,False
运河日落,3+1,0.722,True
摇橹船夜游,4+1,0.797,True
推窗即景,3+2,0.652,False
西栅深度游,4+1,0.742,True
文艺体验,5+2,0.788,True
清晨薄雾,3+1,0.607,False
晨光蓝布,3+2,0.87,True
祈福牌,3+3,0.862,True
现代设计,3+2,0.798,True
吴妈妈馄饨,3+4,0.819,True
手作体验,4+1,0.689,False
扎染围巾,3+4,0.669,False
蓝印花布文创,3+4,0.704,False
邮局旁店铺,2+1,0.663,False
大圆弧瀑布,3+1,0.704,False
游览车票,2+3,0.661,False
修建,2+1,0.838,True
围挡,2+3,0.785,True
割裂感,5+2,0.738,True
免费寄存行李,2+3,0.568,False
早市,4+1,0.906,True
免费公交车,2+3,0.561,False
烟火情,5+2,0.959,True
岁月柔情,5+3,0.767,True
历史文化,3+3,0.773,True
光景,5+2,0.832,True
最美,5+3,0.805,True
风情,3+3,0.954,True
特色乌篷船,2+3,0.644,False
民土风情,3+3,0.892,True
夕阳西下,3+1,0.736,True
美不胜收,5+3,0.745,True
古韵风,3+2,0.861,True
江湖感,5+2,0.81,True
年代感,5+2,0.919,True
宝藏,5+3,0.847,True
文化创意,3+3,0.701,False
仙侠世界,3+3,0.843,True
打铁花,3+3,0.743,True
瓷都之乡,3+5,0.773,True
艺术内涵,3+3,0.699,False
古老村落,3+2,0.811,True
晒秋人家,3+3,0.934,True
生机,5+2,0.946,True
徽派建筑,3+2,0.784,True
古老文明,3+3,0.889,True
淳朴民风,5+2,0.798,True
古村镇,3+2,0.906,True
桥影,3+2,0.894,True
行人,4+1,0.811,True
好逛,5+2,0.936,True
刘氏梯号,3+2,0.869,True
乌镇定胜糕,3+4,0.872,True
南浔浔蹄,3+4,0.874,True
状元楼双浇面,3+4,0.614,False
青水白墙灰屋檐,3+2,0.684,False
江南水乡风韵,3+2,0.941,True
淡青色汉服,3+2,0.749,True
景行桥,3+2,0.912,True
吴妈馄饨店,2+1,0.874,True
桂花糕,3+4,0.945,True
商业化规范+精致,5+1,0.501,False
没约上,5+3,0.743,True
现场单点,2+3,0.816,True
吃不完,5+2,0.895,True
很饱,5+2,0.697,False
主打,5+1,0.904,True
自然景观,3+1,0.73,True
文化名人,3+3,0.612,False
明清古建筑群,3+2,0.804,True
现代化设施,2+3,0.65,False
人文景观,3+1,0.783,True
古代小镇,3+2,0.839,True
特色餐厅,2+1,0.905,True
就餐消费,2+1,0.814,True
风格多样,3+2,0.833,True
游人歇息,2+2,0.768,True
河水清绿,3+1,0.652,False
微风拂面,5+2,0.785,True
柳枝轻舞,3+1,0.776,True
时间静止,5+2,0.843,True
江南水乡韵味,3+2,0.794,True
高塔,3+2,0.919,True
古街,3+2,0.921,True
围炉煮茶,2+1,0.712,False
温馨酒店,2+1,0.676,False
农家风景,3+1,0.629,False
地道美食,3+4,1.0,True
温泉私汤,2+3,0.755,True
古镇沉浸式剧本杀,4+1,0.708,False
游玩体验,5+2,0.827,True
住宿客人,2+3,0.717,False
出发时间,4+1,0.785,True
服务中心,2+1,0.505,False
下午,4+1,0.808,True
人流量,5+1,0.661,False
贝多芬特展,3+3,0.745,True
江南婚俗展馆,2+1,0.712,False
徐昌酩画院,2+1,0.915,True
体验项目,4+1,0.58,False
灵水居花园,2+1,0.764,True
画室DIY,2+1,0.687,False
射箭馆,2+1,0.816,True
乌镇特色饮品,3+4,0.793,True
评书场,2+1,0.701,False
杂耍表演,4+1,0.695,False
运河边,3+1,0.871,True
集市,2+1,0.804,True
活动时间表,4+1,0.638,False
错峰坐船,4+1,0.823,True
游船码头,2+3,0.726,True
购票点,2+3,0.674,False
如意桥码头,2+2,0.812,True
排队,4+1,0.733,True
错峰吃饭,4+1,0.787,True
餐馆,2+1,0.9,True
用餐服务,2+3,0.733,True
餐饮统一管理,2+3,0.701,False
质量和口味,3+4,0.749,True
夜晚,5+2,0.857,True
住在景区里,5+2,0.671,False
看到,5+2,0.842,True
素一不二扎染,3+4,0.792,True
好好看,5+3,0.743,True
实惠,5+1,0.654,False
布料,3+4,0.698,False
舒服,5+2,0.841,True
嬢嬢,5+2,0.93,True
热情,5+3,0.833,True
好爱,5+3,0.89,True
长街宴,3+4,0.729,True
细雨绵绵,3+1,0.684,False
乌陶作坊,2+1,0.869,True
国乐剧院,2+1,0.93,True
关帝庙,3+2,0.984,True
益大丝号,3+2,0.943,True
诗画梦境,5+3,0.845,True
岁月沉淀,5+3,0.724,True
诗韵,3+3,0.84,True
江南水镇,3+1,0.898,True
绝美,5+2,0.827,True
青蛇汉服写真,4+1,0.619,False
雨幕,3+1,0.666,False
细雨,3+1,0.671,False
暮色,3+1,0.812,True
水墨残影,3+2,0.782,True
烟雨江南,3+2,0.837,True
古树,3+1,0.881,True
登高望远,4+1,0.748,True
风光,3+1,0.898,True
没火,5+2,0.761,True
江南浪漫,5+2,0.806,True
落日黄昏,3+1,0.769,True
水影斑驳,3+1,0.796,True
华灯初上,5+2,0.88,True
时尚,5+2,0.711,False
古银杏,3+1,0.863,True
壮观,5+2,0.745,True
福善塔,3+2,1.0,True
进塔参观,4+1,0.723,True
电梯,2+3,0.599,False
视野,5+2,0.702,False
寺湾街,2+1,0.722,True
花灯,3+3,0.675,False
福善塔同框,3+2,0.96,True
漱芳禅园,2+1,0.942,True
四面环水,3+1,0.788,True
茶园戏楼,2+1,0.68,False
北更楼,3+2,0.8,True
楼顶,2+2,0.604,False
紫薇花,3+1,0.85,True
新中式,3+2,0.81,True
铃兰咖啡,2+1,0.984,True
幸福感,5+3,0.757,True
闲逛,4+1,0.882,True
蟹黄面,3+4,0.817,True
原住民,3+3,0.799,True
小店,2+1,0.794,True
商业氛围,5+1,0.517,False
临水而居,3+2,0.855,True
快乐,5+3,0.852,True
古街小巷,3+2,0.946,True
神秘,5+3,0.842,True
摇动的船橹,4+1,0.952,True
波动的粼光,3+1,0.861,True
空有无所依的小鱼,5+2,0.675,False
夕阳,3+1,0.729,True
微红,3+1,0.723,True
船夫,4+1,0.842,True
菜品味道,3+4,0.923,True
老字号,3+4,0.796,True
土菜馆,2+1,0.86,True
赞,5+3,0.867,True
点评,5+1,0.812,True
老字号餐厅,2+1,0.844,True
差评,5+1,0.712,False
土著朋友,5+2,0.659,False
回头客,5+2,0.894,True
锅气满满,5+2,0.715,False
分量十足,5+3,0.737,True
店员大姨,2+1,0.771,True
热情好客,5+2,0.815,True
功夫笋尖,3+4,0.886,True
脆爽可口,3+4,0.942,True
新鲜,5+2,0.723,True
五花肉,3+4,0.914,True
无敌下饭,3+4,0.803,True
浓油赤酱,3+4,0.896,True
鸭肉紧实,3+4,0.891,True
鲜嫩,3+4,0.852,True
不柴不腻,3+4,0.668,False
咸香入味,3+4,0.844,True
甜品,3+4,0.908,True
预制菜,3+4,0.772,True
酸菜鱼,3+4,0.923,True
鱼片,3+4,0.903,True
新鲜滑嫩,3+4,0.782,True
鲜美入味,3+4,0.94,True
酸溜溜,3+4,0.824,True
配菜丰富,3+4,0.9,True
土豆粉,3+4,0.83,True
戏剧节,4+1,0.791,True
搭子,4+1,0.945,True
游玩攻略,4+1,0.726,True
诗词的平仄,3+3,0.754,True
春天好好生活节,4+1,0.733,True
水上集市早茶客,4+1,0.816,True
锦记糕点,3+4,0.951,True
石板缝,3+2,0.744,True
厕所,2+3,0.461,False
民宿炒蛋,3+4,0.595,False
晚霞,3+1,0.821,True
春满夜集,4+1,1.0,True
特调,2+1,0.92,True
月明,3+1,0.72,False
梦里,5+3,0.828,True
烟火,5+2,0.954,True
古城,3+2,0.828,True
灰瓦,3+2,0.892,True
风与月,5+3,0.727,True
乌瓦白墙,3+2,0.808,True
画船听雨眠,4+1,0.73,True
议江南,5+3,0.912,True
傩舞,3+3,0.975,True
火舞,4+1,0.822,True
竹鼠热浪乐园小镇夜景,3+1,0.735,True
小丑表演,4+1,0.6,False
狂欢派对,4+1,0.915,True
热闹巡游,4+1,0.721,True
情绪价值,5+3,0.618,False
宫崎骏漫画,3+3,0.828,True
童话火车,2+3,0.53,False
赛博朋克,3+3,0.925,True
白墙黛瓦绿石青阶,3+2,0.783,True
水乡生活画卷,5+2,0.883,True
傩舞火把舞,3+3,0.791,True
火裙舞,4+1,0.758,True
火壶有凤来仪,3+4,0.748,True
空中飞人,4+1,0.689,False
户外livehouse,2+1,0.686,False
窑火狂欢,4+1,0.818,True
开龙窑仪式,3+3,0.8,True
寻味窑工宴,3+4,0.766,True
薪火窑光巡游,4+1,0.696,False
鱼头花灯,3+4,0.826,True
风水池,3+1,0.75,True
湖畔栈桥,3+2,0.811,True
紫砂塔,3+2,0.806,True
龙窑,3+2,0.8,True
茗岭街,2+1,0.811,True
窑湖三宝紫砂糕,3+4,0.758,True
窑湖竹笋汤,3+4,0.769,True
蜜汁炖猪蹄,3+4,0.821,True
宜兴乌米饭,3+4,0.712,False
和桥团子,3+4,0.844,True
古镇文化,3+3,0.904,True
恬适,5+2,0.894,True
景区入口,2+1,0.66,False
引导不规范,5+1,0.65,False
工作人员态度,5+1,0.556,False
商业化严重,5+1,0.385,False
春雨,3+1,0.53,False
江南氛围,5+2,0.934,True
宫崎骏,3+3,0.873,True
花伴旅咖,2+1,0.723,True
玉兰花,3+1,0.938,True
海棠花,3+1,1.0,True
馄饨,3+4,0.896,True
水乡氛围,5+2,0.85,True
画,3+2,0.955,True
乡野气息,5+2,0.802,True
美食派对,3+4,0.73,True
咖啡市集,2+1,0.901,True
人家,3+2,1.0,True
心灵,5+3,0.79,True
归宿,5+3,0.767,True
思绪,5+3,0.847,True
夜,4+1,0.716,False
诗篇,5+3,0.947,True
旅人,4+1,0.806,True
茶食文化,3+4,0.94,True
江南水墨,3+2,0.967,True
百年传承,3+3,0.881,True
非遗,3+3,0.863,True
城市的喧嚣,5+2,0.852,True
现蒸糕点,3+4,0.911,True
江南的晚风,5+2,0.827,True
一壶茶,2+1,0.801,True
一笼糕点,3+4,0.886,True
中国水墨画气息,3+2,0.779,True
石像,3+2,0.681,False
老屋,3+2,0.905,True
文人墨客,3+3,0.814,True
故乡,5+3,0.868,True
交通重镇,3+3,0.745,True
吴越古镇,3+5,0.73,True
地方文化,3+3,0.841,True
完整保留,5+2,0.727,True
高品质服务,5+1,0.564,False
恬淡气质,5+2,0.865,True
江南小巷,3+2,0.921,True
酒店大床,2+1,0.56,False
水乡漫步,4+1,0.87,True
美食暴击,5+2,0.75,True
古街景区,3+2,0.879,True
跨界料理实验室,2+1,0.591,False
江南味蕾地图,3+4,0.824,True
极简光影,5+2,0.879,True
氛围大片,5+2,0.713,False
宝藏餐厅,2+1,0.909,True
牛骨髓蟹黄拌饭,3+4,0.778,True
茶壶奶茶,3+4,0.903,True
南栅老巷,3+2,0.876,True
烟熏牛肉芝士瀑布面,3+4,0.696,False
漂亮酸奶碗,2+3,0.756,True
彩椒芝士汉堡,3+4,0.776,True
特调鸡尾酒,2+3,0.918,True
人潮,5+1,0.851,True
出片玄机,5+2,0.903,True
筷子,3+4,0.645,False
牛骨髓,3+4,0.533,False
舌尖,3+4,1.0,True
时空,5+2,0.706,False
双重穿越,4+1,0.688,False
灵魂,5+3,0.749,True
千百年来的故事,3+3,0.849,True
规模最大,3+2,0.653,False
全面,5+1,0.837,True
三寸金莲鞋,3+4,0.488,False
裹脚,3+3,0.735,True
落泪,5+3,0.626,False
时机,5+2,0.8,True
邂逅,5+3,0.73,True
不真实,5+3,0.802,True
河中,3+1,0.96,True
白墙黑瓦,3+2,0.762,True
隐藏的轮廓,5+3,0.76,True
独特,5+2,0.72,False
诠释,5+3,0.799,True
淋漓尽致,5+3,0.747,True
满满的感动,5+3,0.673,False
大剧院,2+1,0.932,True
年市,3+4,0.846,True
春卷,3+4,0.941,True
宝藏古镇,3+5,0.554,False
唐宋楼阁,3+2,0.849,True
紫藤花海,3+1,0.923,True
人少花多,5+2,0.858,True
时尚古镇,5+2,0.813,True
彩色油纸伞,3+3,0.563,False
宋韵集市,3+4,0.869,True
日系抓拍,4+1,0.862,True
千年银杏,3+1,0.76,True
红墙光影,3+2,0.755,True
禅意,3+3,0.746,True
听雨屋,2+1,0.872,True
传统刺绣,3+3,0.705,False
高定服装,3+4,0.703,False
跨界展览,4+1,0.702,False
春日限定穿搭,5+2,0.677,False
傍晚蓝调时刻,5+2,0.735,True
亭台倒影,3+1,0.759,True
烟气飘飘,5+2,0.947,True
城墙,3+2,0.857,True
俯瞰花海,3+1,0.803,True
紫藤客栈,2+1,0.731,True
珍宝馆,2+1,1.0,True
濮氏,3+3,0.912,True
珍品展品,2+3,0.862,True
濮商会馆,2+1,0.84,True
钱币隧道,2+3,0.661,False
濮绸展品,3+4,0.802,True
银元宝,3+4,0.67,False
舟游濮院,4+1,0.884,True
两岸风景,3+1,0.855,True
私藏江南,5+3,0.837,True
乌镇江南小镇,3+2,0.933,True
悠闲自在,5+2,0.885,True
船,2+3,0.637,False
江南小镇,3+2,0.948,True
南栅老街,3+2,0.889,True
老街道,3+2,0.924,True
车骑人,2+3,0.635,False
快落,5+3,0.725,True
古镇街道,3+2,0.914,True
绿色郊野,3+1,0.597,False
乌镇人少,5+1,0.636,False
满眼绿色,3+1,0.577,False
稻田,3+1,0.617,False
树林,3+1,0.827,True
江浙乡村风情,3+3,0.93,True
幸运,5+3,0.687,False
老牌土菜馆,3+4,0.757,True
老弄堂,3+2,0.923,True
土菜,3+4,0.71,False
色香味俱全,3+4,0.846,True
分量实在,5+1,0.774,True
服务员大姨,2+3,0.68,False
现点现做,3+4,0.841,True
锅气十足,5+2,0.835,True
人均几十块,5+1,0.299,False
东坡肉,3+4,0.707,False
软糯可口,3+4,0.92,True
咸甜入味,3+4,0.923,True
吃不腻,5+2,0.806,True
分量足,3+4,0.666,False
下饭,3+4,0.848,True
肥瘦相间,3+4,0.676,False
层次感,3+2,0.814,True
西红柿蛋汤,3+4,0.841,True
浓郁,5+2,0.909,True
滑嫩,3+4,0.936,True
鸡蛋,3+4,0.504,False
酸甜可口,3+4,0.926,True
西红柿,3+4,0.648,False
简简单单的幸福,5+3,0.712,False
河虾,3+4,0.717,False
野生河虾,3+4,0.64,False
品质很好,5+2,0.638,False
个头,5+2,0.892,True
肉质紧实,3+4,0.651,False
饱满,5+2,0.713,False
鲜甜可口,3+4,0.945,True
适配度,5+1,0.761,True
老宅,3+2,0.76,True
博物馆,2+1,0.943,True
王大妈面馆,2+1,0.822,True
隐藏版美食,3+4,0.761,True
阳台,2+2,0.66,False
江南气息,5+2,0.955,True
欢迎礼盒,2+3,0.626,False
早餐,3+4,0.615,False
夜游乌镇,4+1,0.755,True
原创,5+3,0.8,True
客片,4+1,0.771,True
风格,3+2,0.891,True
姿势,4+1,0.824,True
水乡灵魂,3+5,0.647,False
东栅晨光,3+1,0.761,True
江南烟火气,5+2,0.831,True
极简建筑,3+2,0.709,False
芦苇荡,3+1,0.819,True
蓝染布,3+4,0.621,False
古镇专属邮戳,3+3,0.71,False
南栅慢生活,5+2,0.58,False
烟雨江南咖啡,2+1,0.861,True
手艺人作坊,2+1,0.86,True
蚕丝被制作,3+4,0.699,False
自制方巾,3+4,0.746,True
西栅包摇橹船,2+3,0.646,False
提灯夜游,4+1,0.854,True
灯火星河,3+1,0.598,False
免费纸灯笼,2+3,0.688,False
露天电影,4+1,0.807,True
北斗湾,3+1,0.747,True
水边观影氛围感,5+2,0.743,True
戏剧表演,4+1,0.752,True
妈妈的故事,5+3,0.572,False
倾情演绎,4+1,0.82,True
感人,5+3,0.886,True
值得一看,5+3,0.672,False
意境,5+3,0.854,True
演员,4+1,0.712,False
茶咖,2+1,0.836,True
江南慢生活,5+2,0.757,True
临河,2+2,0.676,False
饭馆,2+1,0.927,True
竹蜻蜓,3+4,0.801,True
调酒,2+1,0.866,True
调酒师,2+1,0.787,True
骨髓松茸饭,3+4,0.641,False
三白,3+4,0.829,True
驻唱,4+1,0.888,True
二次方咖啡吧,2+1,0.913,True
遗迹,3+2,0.812,True
守护神,3+3,0.807,True
银杏树,3+1,0.859,True
